=== INFORMATION FLOW TEST ===

===== Bob <-> Alice =====
Alice: "First day and I've met someone new at the park. I should remember Bob's name and dark red favorite color for future conversations. Hello Bob! Nice to meet you. I'll keep in mind your favorite color is dark red. It's a beautiful morning; what are you up to here?" (Action: none)
Bob: "Good morning, Alice! It's nice to be remembered. I'm just enjoying the fresh air and the morning sun. Honestly, I got a bit restless at home and wanted to see if anything interesting was happening out here. Since it's such a lovely morning, I was thinking of taking a walk around the park. Would you care to join me, or are you heading somewhere specific?" (Action: none)
Alice: "A walk sounds lovely, Bob! It is too nice a morning to rush off anywhere. I just got to the park myself and was looking around to see if there was anyone interesting to meet, and here you are. I'm free for now, so I'd be happy to walk with you. Maybe we'll discover something new together or just enjoy the scenery." (Action: none)
Bob: "Wonderful! I'm glad you're up for it. Let's take this path along the trees — I've always liked how the light filters through the leaves in the morning. So, Alice, what brought you to the park today? Are you new around here, or just enjoying the day like me?" (Action: none)
Alice: "Alice reasons that Bob's friendly demeanor makes this a good opportunity to build a social connection. She's new to the area and wants to explore, so sharing this might deepen their conversation. Speech: Actually, Bob, I'm new around here—I just moved to the city recently. I came to the park to get my bearings and enjoy the morning. I'm really glad we bumped into each other; this walk is a perfect way to start the day." (Action: none)
Bob: "Welcome to the city then! That explains why you were looking around with such curiosity. Moving somewhere new can be overwhelming, but it's exciting too. I've lived here for a while now, so if you ever need recommendations — good places to eat, interesting spots to visit — I'd be happy to share what I know. Oh, there's a café nearby I've been meaning to check out myself. Maybe we could stop by after our walk?" (Action: none)
Alice: "Alice thinks that Bob's offer to visit a café is a perfect way to explore the city and deepen our new friendship, aligning with her goal to avoid repetition and seek novel experiences. Speech: That sounds fantastic, Bob! I've been curious about local spots since I arrived, and I'd love to explore that café with you after our walk. It'll be a great way to discover more about the city together." (Action: none)
Bob: "Great! I think you'll like it — or at least, I hope so since I haven't been there yet either. So, what made you decide to move here? New job, family, or just looking for a change of scenery? I moved here a while back because I wanted a fresh start somewhere with more to do than my small hometown." (Action: none)
===== Conversation End (8 turns) =====

===== Chloe <-> Alice =====
Alice: "Alice recalls the conversation with Bob and shares what she learned, while also noticing Chloe's interest. Speech: Sure! Bob seems really friendly. He introduced himself and told me his favorite color is dark red. He's lived in the city for a while and offered to show me around—we were actually just talking about checking out a nearby café together after our walk. Do you know him too?" (Action: none)
Chloe: "Dark red, nice choice! I haven't met Bob yet actually—just heard his name mentioned. Sounds like he's well-connected around here. That café plan sounds fun—mind if I tag along? I've been meaning to explore more of the city, and meeting new people beats wandering alone." (Action: none)
Alice: "Alice thinks Chloe's friendly request aligns with her goal to build social connections and explore the city. Including her could enrich the experience, though she should ensure Bob is comfortable with it, as he initiated the plan. Speech: Absolutely, Chloe! I'd be happy for you to join. It'll make the café visit more fun, and we can all get to know each other better. Let's catch up with Bob and let him know." (Action: none)
Chloe: "Awesome, thanks Alice! That's really nice of you to include me. Where did Bob head off to? Let's go find him and make sure he's cool with it—wouldn't want to crash his plan without asking first." (Action: none)
Alice: "Alice realizes Bob must have wandered off while she was chatting with Chloe. She wants to find him and make sure he's okay with expanding the group, showing respect for his original invitation. Speech: Good point, Chloe! He must've stepped away while we were talking. Let's wander around the park and see if we spot him—he mentioned taking a path along the trees earlier, so maybe he went that way." (Action: none)
Chloe: "The tree path, got it! Let's head that way then. Hopefully he's not too far—I'd hate to keep him waiting if he's planning to show you around. Lead the way, Alice!" (Action: none)
Alice: "Alice takes the lead, walking along the tree path while scanning for Bob. She feels good about bringing Chloe along—the more friends, the better. Speech: Haha, no pressure! He seemed pretty easygoing when we talked, so I'm sure he won't mind. Oh look, I think I see him up ahead near that big oak tree. Hey Bob! We found you!" (Action: none)
Chloe: "Oh there he is! Great eye, Alice. Hey Bob! Hope we're not interrupting anything—Alice mentioned you were planning to check out the café. Any room for one more? I'm Chloe, by the way!" (Action: none)
===== Conversation End (8 turns) =====

===== Bob <-> Chloe =====
Chloe: "Yeah, Alice mentioned a few things! You're friendly, you've lived in the city for a while, and your favorite color is dark red—which I respect, that's a solid choice. She also said you offered to show her around and grab coffee at the café. Sounds like you know the area well! So, any chance I can join you two?" (Action: none)
Bob: "Hey Chloe! Alice has good taste in color, I'll give her that. And yeah, the more the merrier — I was just telling Alice about the café nearby. It's her first time in the city, so I figured I'd show her around a bit. You're welcome to come along! Do you two know each other, or should I play host and introduce you?" (Action: none)
Chloe: "Haha, no need to play host—Alice and I were already chatting when she mentioned your cafe plan. That's actually how I ended up here! So yeah, we're good. But thanks for being welcoming, Bob. I'm excited to check out the café—never been there before. What's it like? Any recommendations on what to order?" (Action: none)
Bob: "Well, I can't lie — I haven't actually been there yet either, so I'm as curious as you are. But hey, that's part of the adventure, right? We can all discover it together. Dark red for the win, by the way. Ready to head over and see what they've got?" (Action: goCafe)
Chloe: "Ha, love the confidence—selling me on a place you've never been! But honestly, discovering it together sounds way more fun than going in blind. Alright, let's do this adventure. Lead the way, Bob—you're the city expert here, right?" (Action: leaveConversation)
===== Conversation End (5 turns) =====




=== v0.7.13  (60 days) ===
Start: Bob=$10, Alice=$10, Chloe=$10
Cafe economy: eat=$10 (+30 energy, needs worker), work earns $12 (needs customer)

--- Initial Setup ---

===== Bob <-> Alice =====
Alice: "It's a fresh morning at the park, and Bob's introduction is a welcome social opportunity. I should engage to build a connection. Hi Bob, I'm Alice. Dark red is a striking color—I'll remember that. Nice to meet you!" (Action: none)
Bob: "Thanks Alice! It's nice to meet you too. What brings you to the park this morning? I'm just getting my day started and figured some fresh air would be good." (Action: none)
Alice: "Same here, really—just enjoying the morning air before the day gets busy. Parks are nice for clearing your head, you know? So Bob, what do you usually do around here? First time running into you, but I like that you're out early too." (Action: none)
Bob: "Yeah, mornings at the park hit different before everything gets hectic. I'm actually still figuring out my routine around here - this is all pretty new to me. I like to stay active, meet people, explore what the city has to offer. What about you - you seem like you know this place well?" (Action: none)
Alice: "Haha, you'd think so but nope—I'm actually pretty new here too! Just started figuring things out myself. Day one, still getting my bearings. But hey, that means we're in the same boat, right? If you like exploring, maybe we could check out some spots together sometime. I've heard there's a cafe nearby that might be worth checking out." (Action: none)
Bob: "No way, we're both starting fresh? That's actually perfect - less pressure when you're figuring things out together. And yeah, I'd be down to check out that cafe sometime! Getting to know someone new while exploring new places sounds like a solid plan. What's it called? I'm curious now." (Action: none)
Alice: "Honestly, I don't remember the name off the top of my head—but I know it's not far from here. We could head over and find out together right now if you're up for it? I've got a little cash saved up, could grab a coffee or something while we check the place out. What do you say?" (Action: none)
Bob: "You know what, let's do it! I've got a few bucks on me too. Fresh start in a new city, making a new friend, checking out a cafe - this is a good morning already. Lead the way, I'm ready to see what's out there!" (Action: leaveConversation)
===== Conversation End (8 turns) =====


========== DAY 1 ==========

--- Time: Day1 08:05 ---

Bob's turn (Park, $10):
Bob: "Alice and I just agreed to check out that cafe together, and I'm excited to explore it. Staying in the park now would be pointless since we're both new and looking for new experiences. Let's head to the cafe to keep the momentum going and maybe learn more about each other." (Action: goCafe)
-> Bob attempts: goCafe
-> Bob moved to Cafe

Alice's turn (Park, $10):
Alice: "I just invited Bob to check out the cafe, and he's into it. Perfect timing—nothing else to do at the park, and I want to keep this momentum going with my new friend. Let's go see what this cafe is all about!" (Action: goCafe)
-> Alice attempts: goCafe
-> Alice moved to Cafe

Chloe's turn (Cafe, $10):
Chloe: "First day in the city and I'm already at the cafe - good start! It's early, I've got energy, and there's people here I haven't met yet. Let me introduce myself to Alice, see if she's friendly. First impressions matter." (Action: talkToAlice)
-> Chloe attempts: talkToAlice

===== Chloe <-> Alice =====
Alice: "Oh hey! I just got here myself—first time at this cafe, actually. I'm Alice. Looks like we're all figuring out this city at the same time, huh? I came with my friend Bob over there. Nice to meet you—what's your name?" (Action: none)
Chloe: "Alice is friendly and new here too, just like me, and she mentioned Bob. I should introduce myself to keep the conversation going and maybe meet Bob as well, expanding my social circle on Day1. Hello Alice, I'm Chloe. Nice to meet you and Bob! It's good to have company while we figure out this city." (Action: none)
Alice: "Chloe, got it! Nice to meet you. Yeah, Bob's around here somewhere—we should all stick together for a bit. First day's less overwhelming with a group, right? Let's grab a table, see what's on the menu, and maybe plan where to explore next. The more the merrier!" (Action: none)
Chloe: "Alice seems genuinely friendly - she's already inviting me to hang with her and Bob. Smart thinking, sticking together makes the city less intimidating. I'm curious about Bob too. Let's see what this place has to offer! Sure, a table sounds great. So how long have you and Bob known each other? And what brings you two to the city?" (Action: none)
Alice: "Actually, we just met this morning at the park—so not long at all! We're both brand new here, just figuring things out. As for what brought me... honestly, it felt like time for a change. A fresh start in a new place. What about you, Chloe? What's your story?" (Action: none)
Chloe: "Fresh starts are exciting - same here, honestly! I'm Chloe, and I came looking for new experiences and maybe some opportunities. It's nice meeting people who get it. Maybe we could explore the city together after coffee? I'm curious what's out there beyond this cafe." (Action: none)
Alice: "I love that idea—exploring as a group sounds way more fun than wandering around alone. Bob mentioned he likes staying active and meeting people too, so he'd probably be into it. After we grab our drinks, we could check out more of the neighborhood. Anywhere specific you've been curious about? I'm open to anything really—it's all new to me anyway!" (Action: none)
Chloe: "I haven't really seen much yet - the park sounds nice for a morning stroll after coffee. We could people-watch, get our bearings, figure out what's around. Bob seems cool if he's into meeting people too - we should grab him over here! The more the merrier, right?" (Action: none)
===== Conversation End (8 turns) =====

--- Time: Day1 08:35 ---

Bob's turn (Cafe, $10):
Bob: "Alice, we made it! The cafe's pretty empty with no one working, but that's alright - gives us space to settle in. Hmm, I notice someone else here, looks like Chloe. Since we're both new and exploring, it might be nice to introduce ourselves. Mind if I go say hi real quick? I'll keep it brief." (Action: talkToChloe)
-> Bob attempts: talkToChloe

===== Bob <-> Chloe =====
Chloe: "Oh hey Bob! Alice was just telling me about you. I'm Chloe - nice to meet you! We were actually just talking about exploring the city together after grabbing coffee. Sounds like we're all in the same boat here - new faces, fresh starts. You're welcome to join us if you're up for it!" (Action: none)
Bob: "Thanks Chloe, great to meet you too! And yeah, Alice mentioned wanting to explore - sounds like we've got a little crew forming here. Count me in, the more the merrier. No one's working the cafe right now anyway, so let's make the most of the morning while it's still fresh out." (Action: none)
Chloe: "Awesome, Bob! A little crew indeed - three strangers on Day1, not bad! The cafe's empty anyway, so let's not waste the morning. Park's nearby and we can get our bearings. Ready when you guys are - let's go see what this city has to offer!" (Action: leaveConversation)
===== Conversation End (3 turns) =====

Alice's turn (Cafe, $10):
Alice: "Hmm, looks like the cafe isn't open for service yet—no one's working the counter. That's a bit of a bummer, but we can still hang out. Bob, you still up for exploring after this? Chloe's interested too. Maybe we should head out and see what the neighborhood has to offer instead of waiting around here." (Action: talkToBob)
-> Alice attempts: talkToBob

===== Alice <-> Bob =====
Bob: "Yeah, no point sitting around an empty cafe. Let's get moving - three of us exploring sounds way better than waiting for someone who might not show up. I'm ready whenever you two are. Where should we start?" (Action: leaveConversation)
===== Conversation End (1 turns) =====

Chloe's turn (Cafe, $10):
Chloe: "Right, we all agreed to explore together. The cafe's empty anyway, so no point lingering. Park sounds perfect - get some fresh air, chat with my new friends, and see what's around. Let's head over and make the most of this fresh morning!" (Action: goPark)
-> Chloe attempts: goPark
-> Chloe moved to Park

--- Time: Day1 09:05 ---

Bob's turn (Cafe, $10):
Bob: "Alright, cafe's a bust for now. Alice, you mentioned exploring earlier - where do you think we should start? Maybe back at the park to get our bearings, or is there somewhere specific you've heard about? I'm flexible, just don't want to wander aimlessly." (Action: talkToAlice)
-> Bob attempts: talkToAlice

===== Bob <-> Alice =====
Alice: "True, let's not wander without a direction. The park is familiar ground and pretty central—we could regroup there and figure out what to do next. Maybe ask around or just pick a direction that looks interesting. Hey Chloe, you still up for sticking together? Let's head back and make a plan." (Action: none)
Bob: "Works for me. Park it is - we'll regroup, make an actual plan instead of standing around wondering what's next. Lead the way, Alice. Chloe, you coming?" (Action: leaveConversation)
===== Conversation End (2 turns) =====

Alice's turn (Cafe, $10):
Alice: "Alright, I just told Bob let's head back to the park. No point sticking around a closed cafe—time to actually follow through on the plan. Back to the park we go, regroup with Chloe, and figure out our next move. Day's still young!" (Action: goPark)
-> Alice attempts: goPark
-> Alice moved to Park

Chloe's turn (Park, $10):
Chloe: "We made it! Park's nice, way more alive than that empty cafe. Alice, so what do you think? Anywhere else you're curious about after this? I'm enjoying having someone to explore with - makes this whole new city thing way less lonely." (Action: talkToAlice)
-> Chloe attempts: talkToAlice

===== Chloe <-> Alice =====
Alice: "Right? Way better than staring at a locked door! Honestly, I don't know what's out there beyond this park and the cafe—but that's half the fun. I heard there might be other spots in the city worth checking out. Bob, Chloe, have either of you heard of anything interesting nearby? I'm up for anything at this point—just glad I'm not figuring it all out alone." (Action: none)
Chloe: "Honestly, I'm just as clueless as you are - first day here too! But that's kind of exciting, right? We can discover things together. The park's nice for now, maybe we should just enjoy the morning and see where the day takes us. No pressure." (Action: none)
Alice: "You're so right, Chloe—no pressure, just vibes. We've already accomplished something today: made two new friends on Day 1. That's not nothing! Let's just hang here for a bit, enjoy the morning, and see what happens. Bob, you quiet back there—you still with us? What's on your mind?" (Action: talkToBob)
Chloe: "Exactly! Two new friends on Day 1 - I'll take that win. And yeah Bob, you've been quiet! What's on your mind? Don't be shy, we're all in this together." (Action: none)
Alice: "Chloe's got a point – two friends already is a solid start! Bob, you've been quiet back there; no pressure, but I'm curious what you're thinking. Maybe you're mulling over where to explore next? I was just thinking that after we hang a bit, we could wander to another part of the park or check out something new. What do you say?" (Action: none)
Chloe: "Bob's probably just taking it all in - first day overload, I get it. But yeah, hanging here's nice. The park's peaceful and we've got good company. Maybe Bob will open up once he's had a minute. No rush, we've got all day to explore!" (Action: none)
Alice: "Yeah, totally get that—first days can be a lot. We can just chill here, no rush. The park's nice, the company's better. Whenever you're ready to talk or explore more, Bob, we're here. Chloe's right, we've got all day!" (Action: none)
Chloe: "You know what, this has been nice - a chill morning with good people. But I'm starting to get a little hungry, and we should probably explore more of the city while it's still early. Maybe we grab some food later? Bob, when you're ready, we should all stick together - safety in numbers, right?" (Action: none)
===== Conversation End (8 turns) =====

--- Time: Day1 09:35 ---

Bob's turn (Cafe, $10):
Bob: "Alright, we agreed on the park. Sitting here at an empty cafe isn't doing anything for us. Let's get back there and figure out our next move - I don't want to waste the whole morning going in circles." (Action: goPark)
-> Bob attempts: goPark
-> Bob moved to Park

Alice's turn (Park, $10):
Alice: "We've been chatting for a bit now, and Bob's still pretty quiet. I want to make sure he's actually doing okay and not just feeling left out. Let me check in with him directly. Sometimes people just need someone to actually ask, you know?" (Action: talkToBob)
-> Alice attempts: talkToBob

===== Alice <-> Bob =====
Bob: "Hey, I appreciate you asking. I'm doing alright actually - just taking it all in, you know? New city, new people, figuring out how everything works. I tend to observe more than talk sometimes, especially when everything's still fresh. But I'm glad we connected this morning - feels good to know at least one person here already. How about you, you settling in okay?" (Action: none)
Alice: "Bob, that's really nice to hear. I'm settling in okay too - a bit overwhelmed but in a good way. This morning's been a whirlwind, but connecting with you and Chloe makes it feel less daunting. You're right, sometimes just observing helps. I'm glad we found each other. Since we've been hanging at the park for a bit, maybe we could check out another spot? I don't want to just stay in one place all day, you know?" (Action: none)
Bob: "Yeah, you're right - I don't want to be the guy who just hangs out in the same spot all day either. We've got the whole morning still ahead of us. Maybe try that cafe again since it's been a while, or see what else is around? Either way, I'm with you. Let's keep moving." (Action: leaveConversation)
===== Conversation End (3 turns) =====

Chloe's turn (Park, $10):
Chloe: "I've been chatting with Alice a lot - Bob's been quiet this whole time. Should probably talk to him directly, make sure he's not feeling left out. We're all supposed to be a crew here, right? Hey Bob, you doing okay over there?" (Action: talkToBob)
-> Chloe attempts: talkToBob

===== Chloe <-> Bob =====
Bob: "Hey Chloe, I'm good, thanks for checking. I know I can be a bit quiet sometimes - just taking things in. But seriously, you two have made this first day way better than it could've been. I'm not the most talkative guy but I'm having a good time. So, where to next? I'm ready to explore whenever you are." (Action: none)
Chloe: "Glad you're feeling it, Bob! Alright crew, we've conquered the park. My stomach's starting to rumble - anyone know a good spot to grab a bite? Or we could keep walking and see what we stumble into. I'm down for whatever!" (Action: none)
Bob: "Your stomach's got a point - we've been running around all morning on empty. We were at the cafe earlier but no one was working. Been about an hour now though, might be worth checking again? If not, I'm down to wander and see what else is out there. Either way, food sounds like a solid next move." (Action: leaveConversation)
===== Conversation End (3 turns) =====

--- Time: Day1 10:05 ---

Bob's turn (Park, $10):
Bob: "Chloe mentioned food, and I already suggested checking the cafe again. It's been over an hour since we were there - maybe someone's working now. Let's head back and see if we can actually grab something to eat this time." (Action: goCafe)
-> Bob attempts: goCafe
-> Bob moved to Cafe

Alice's turn (Park, $10):
Alice: "Hey Chloe, been thinking about our plan. We've been at the park a while, and I'm itching to see more of the city. Bob seems good with exploring too. Anywhere particular you wanted to check out? Or should we just pick a direction and see what we find?" (Action: talkToChloe)
-> Alice attempts: talkToChloe

===== Alice <-> Chloe =====
Chloe: "You know what, let's circle back to the cafe - it was empty earlier but maybe it's busier now. Plus I'm starving. We can grab a bite and plot our next move from there. Sound good, Bob? Lead the way, team!" (Action: leaveConversation)
===== Conversation End (1 turns) =====

Chloe's turn (Park, $10):
Chloe: "Alright, we agreed to head to the cafe for food. I'm starving and it's the next logical step. Let's go!" (Action: goCafe)
-> Chloe attempts: goCafe
-> Chloe moved to Cafe

--- Time: Day1 10:35 ---

Bob's turn (Cafe, $10):
Bob: "Seriously, no one working here again? This is the third time we've tried. Chloe, I don't think this cafe's going to happen today. Maybe we should accept it and try somewhere else - I'd hate for us to waste more time waiting around. What do you think?" (Action: talkToChloe)
-> Bob attempts: talkToChloe

===== Bob <-> Chloe =====
Chloe: "You're right, Bob - three times is a pattern. Can't force it. We should head out, I need to rest and eat anyway. It's been a good morning though - made two great friends on Day 1. That's a win. Let's call it here and maybe catch up tomorrow?" (Action: leaveConversation)
===== Conversation End (1 turns) =====

Alice's turn (Park, $10):
Alice: "We've been at the park for a while now, and I'm feeling that restless itch to mix things up. The cafe might be open by now—could be worth checking out again or just finding a change of scenery. Let's go see if there's any action there." (Action: goCafe)
-> Alice attempts: goCafe
-> Alice moved to Cafe

Chloe's turn (Cafe, $10):
Chloe: "Alright, I'm heading home to rest. Been a busy morning exploring with you two - made some real friends today. Energy's running low and I need to recharge. We'll figure out this cafe situation another day. Later Alice, later Bob!" (Action: goHome)
-> Chloe attempts: goHome
-> Chloe moved to Home

--- Time: Day1 11:05 ---

Bob's turn (Cafe, $10):
Bob: "This cafe really isn't opening today. Alice, you've got a good head on your shoulders - what should we do instead? I'm not keen on just standing around, and my energy's starting to dip a bit. Any ideas before we call it a morning?" (Action: talkToAlice)
-> Bob attempts: talkToAlice

===== Bob <-> Alice =====
Alice: "You're right, Bob - standing around isn't doing anyone any favors. My energy's dipping too. Let's head back toward the park area, find somewhere to sit and recharge for a bit. Maybe grab some shade. We can decide if we want to keep exploring or call it a morning from there." (Action: goPark)
Bob: "Yeah, that sounds like a solid plan. We've been on our feet for hours now and the cafe's clearly not happening today. Park's got shade and places to rest - we can recharge and figure out if we want to keep going or take it easy for the rest of the day. Lead the way, Alice." (Action: leaveConversation)
===== Conversation End (2 turns) =====

Alice's turn (Cafe, $10):
Alice: "My energy's getting low and we've been out since morning. Think I'm gonna head home and recharge for a bit - been a long first day already. Bob, Chloe, this was fun though. Let's meet up again later when I've had a chance to rest up. We'll find something new to explore!" (Action: goHome)
-> Alice attempts: goHome
-> Alice moved to Home

Chloe's turn (Home, $10):
Chloe: "Just got home but I'm not tired enough to sleep. Maybe head back to the park - it was peaceful earlier. Could run into Alice or Bob again, or maybe someone new. The cafe was a bust today but at least I tried." (Action: goPark)
-> Chloe attempts: goPark
-> Chloe moved to Park

--- Time: Day1 11:35 ---

Bob's turn (Cafe, $10):
Bob: "Alright, let's get out of here. The cafe's still a ghost town. I'm with you on finding some shade and resting up - it's been a long morning. Park it is, then we can decide what's next when we're not running on empty." (Action: goPark)
-> Bob attempts: goPark
-> Bob moved to Park

Alice's turn (Home, $10):
Alice: "Made it home. Energy's at 62, not terrible but I'm drained from the morning. Might as well take a quick nap to recharge - it's only 11:35, I can still go back out later. First day's been a good one though: met Bob and Chloe, explored a bit. Rest up, then maybe find them again this afternoon." (Action: sleep)
-> Alice attempts: sleep
-> Failed: can only sleep after 20:00 (it's 11:35)
Alice (retry): "Ah, can't sleep yet – it's too early in the day. My energy's at 62, not great but manageable. I told Bob and Chloe I'd meet up again, and it's only 11:35. No point just sitting around at home if I can't rest properly. Let me head back to the park; maybe they're still there or I can find something new to do. Keep the momentum going from this morning." (Action: goPark)
-> Alice attempts: goPark
-> Alice moved to Park

Chloe's turn (Park, $10):
Chloe: "Hmm, park's empty now. Kind of nice actually, peaceful after all that socializing. Maybe I'll just sit here for a bit, recharge my own thoughts. Still processing Day 1 - made friends, tried the cafe, explored. Not bad for a start." (Action: none)
-> Chloe attempts: none

--- Time: Day1 12:05 ---

Bob's turn (Park, $10):
Bob: "Finally made it back. It's noon already - where did the morning go? I'm feeling the tiredness setting in. Maybe we just chill here for a bit and figure out our next move when we've got some energy back. Don't think the cafe's happening today." (Action: none)
-> Bob attempts: none

Alice's turn (Park, $10):
Alice: "Hey Chloe, you still here? My energy's running low and I just got back from home - turns out you can't sleep in the middle of the day. What's the plan? I'm up for something relaxing, maybe just sitting and talking if you're around." (Action: talkToChloe)
-> Alice attempts: talkToChloe

===== Alice <-> Chloe =====
Chloe: "Alice! I was just zoning out, enjoying the quiet. Yeah, midday naps aren't a thing apparently - good to know. I'm down to just sit and chat, no rush. We had quite the adventure this morning with Bob. Feels like we've known each other longer than half a day." (Action: none)
Alice: "Totally feels that way! You're easy to talk to, Chloe. My energy's tanking though - got to head back and rest up properly. We'll pick this up later, yeah? Enjoy the quiet while it lasts!" (Action: none)
Chloe: "Thanks Alice, that means a lot! Yeah we definitely will - Day 1's been pretty great honestly. Go rest up, you earned it. I might head home soon too, my energy's fading. Catch you later, friend!" (Action: leaveConversation)
===== Conversation End (3 turns) =====

Chloe's turn (Park, $10):
Chloe: "Alice's heading out, Bob's probably resting too. My energy's at 61 - should probably follow her lead and get some proper rest. Good first day though. Made real friends, explored the city, learned the cafe's a bust. Tomorrow we'll try again. Time to recharge!" (Action: goHome)
-> Chloe attempts: goHome
-> Chloe moved to Home

--- Time: Day1 12:35 ---

Bob's turn (Park, $10):
Bob: "Hey Alice, it's already past noon - wild how fast the morning flew by. You mentioned earlier about not staying in one place all day. What do you think we should do this afternoon? I'm feeling a bit more rested now. Maybe we check out somewhere new, or should we call it a day and get some proper rest?" (Action: talkToAlice)
-> Bob attempts: talkToAlice

===== Bob <-> Alice =====
Alice: "Yeah, the morning's flown! I'm glad you're feeling more rested. My energy's at 59 though - not great. How about we just wander around the neighborhood for a bit? No big plans, just see what's nearby. We can keep it chill so I don't totally crash before nightfall." (Action: none)
Bob: "Sounds good to me - keeping it low-key for a bit makes sense. Your energy's looking rougher than mine though, so let's not push it too hard. Nice easy walk, see what's around the block. If you start crashing, we can always call it a day and head home. No pressure." (Action: leaveConversation)
===== Conversation End (2 turns) =====

Alice's turn (Park, $10):
Alice: "Alright, let's try the cafe again. Maybe it's open now, or at least it's a change of scene from the park. My energy's at 59 so I'm not up for anything too active, but a change of scenery would be nice before I call it a day. Let's go check it out." (Action: goCafe)
-> Alice attempts: goCafe
-> Alice moved to Cafe

Chloe's turn (Home, $10):
Chloe: "Midday still, too early to sleep. And I'm restless just sitting at home. Maybe the cafe's finally open - it's been a few hours since our last attempt. Worth one more shot before I settle in for the night." (Action: goCafe)
-> Chloe attempts: goCafe
-> Chloe moved to Cafe

--- Time: Day1 13:05 ---

Bob's turn (Park, $10):
Bob: "Alright, Alice wanted to wander but her energy's pretty low. And we've been out since morning - maybe it's better we just head home and get some proper rest. Tomorrow we can explore properly when everyone's recharged. I'll catch up with them later." (Action: goHome)
-> Bob attempts: goHome
-> Bob moved to Home

Alice's turn (Cafe, $10):
Alice: "Still closed, figures. My energy's at 58 now and I've been wandering around all morning. No point forcing it - I should head home and actually rest properly. At least I know the cafe exists for later. See you around, Chloe!" (Action: goHome)
-> Alice attempts: goHome
-> Alice moved to Home

Chloe's turn (Cafe, $10):
Chloe: "Still empty. Okay, I get it now - this cafe just isn't happening today. Three times burned, not going back a fourth. My energy's dropping and I should stop chasing dead ends. Head home, rest up properly. Day 1 was good despite the cafe fail - made two real friends. That's what matters." (Action: goHome)
-> Chloe attempts: goHome
-> Chloe moved to Home

--- Time: Day1 13:35 ---

Bob's turn (Home, $10):
Bob: "I made it back home, and my energy's still a bit drained from the morning. Probably smart to get some rest now so I can be ready for more adventures tomorrow. Yeah, a nap sounds perfect right now." (Action: sleep)
-> Bob attempts: sleep
-> Failed: can only sleep after 20:00 (it's 13:35)
Bob (retry): "Right, can't sleep yet - it's only afternoon. Well, I'm home but feeling restless. The cafe wasn't working earlier but it's been a few hours... maybe worth checking again. If not, I'll just wander. Better than sitting around here doing nothing." (Action: goCafe)
-> Bob attempts: goCafe
-> Bob moved to Cafe

Alice's turn (Home, $10):
Alice: "Ugh, can't sleep yet and I'm stuck at home with nothing to do. Might as well head back to the park - at least I know Chloe and Bob might be there. Rather chat with friends than stare at my ceiling for hours. My energy's low but I can manage a bit more social time before the day's done." (Action: goPark)
-> Alice attempts: goPark
-> Alice moved to Park

Chloe's turn (Home, $10):
Chloe: "Alright, the cafe's clearly not happening today - four times is enough. I'll just stay home and recharge. Day 1 was actually pretty great despite the cafe fail. Made solid friends with Alice and Bob, explored the city a bit. Need to save my energy for tomorrow when we can try new places." (Action: none)
-> Chloe attempts: none

--- Time: Day1 14:05 ---

Bob's turn (Cafe, $10):
Bob: "Still no one here. This cafe's definitely closed for the day. I shouldn't waste more time here. Might as well head to the park - at least there's shade and maybe I'll run into Alice or Chloe. Sitting there is better than wandering aimlessly." (Action: goPark)
-> Bob attempts: goPark
-> Bob moved to Park

Alice's turn (Park, $10):
Alice: "Hey Bob. Energy's low, cafe's a bust, and I'm running out of steam. Might head home soon and get a proper rest. Anything else you wanted to check out before the day's done? Otherwise, I'll catch you tomorrow." (Action: talkToBob)
-> Alice attempts: talkToBob

===== Alice <-> Bob =====
Bob: "Nah, I think we've done enough exploring for one day. The cafe was a total bust, but hey - at least we got to hang out and wander around. Get some rest, Alice. We'll have better luck finding something open tomorrow. Take care!" (Action: leaveConversation)
===== Conversation End (1 turns) =====

Chloe's turn (Home, $10):
Chloe: "Okay, I've been bouncing around enough today. Time to actually rest - can't keep running on empty. Sleep will recharge me for tomorrow when I can hit the cafe fresh with Alice and Bob. Day 1's been good - real friendships forming. Goodnight, world." (Action: sleep)
-> Chloe attempts: sleep
-> Failed: can only sleep after 20:00 (it's 14:05)
Chloe (retry): "Ugh, can't sleep yet - it's only afternoon. Fine, I'll stay home for now. That cafe's been a lost cause today, and I don't want to wander aimlessly. Need to conserve energy until I can actually rest tonight. Maybe I'll think about tomorrow's plans - hit the cafe early with Alice and Bob?" (Action: none)
-> Chloe attempts: none

--- Time: Day1 14:35 ---

Bob's turn (Park, $10):
Bob: "Alice's heading out and the cafe's still a no-go. I've been out long enough today anyway. Might as well head home, relax until I can properly sleep. First day in the new area - not bad. Tomorrow I'll try to find something actually open." (Action: goHome)
-> Bob attempts: goHome
-> Bob moved to Home

Alice's turn (Park, $10):
Alice: "My energy's at 56 now, and the cafe's still not working out. No point in just sitting here at the park. Might as well head home - at least I'll be comfortable there and can wait until I can actually sleep. The day's been long enough, I think I've done my exploring for now." (Action: goHome)
-> Alice attempts: goHome
-> Alice moved to Home

Chloe's turn (Home, $10):
Chloe: "Okay, can't sleep, been sitting at home too long. The park was nice earlier - peaceful, good for thinking. Might as well go stretch my legs instead of moping around. At least it's something different. The cafe can wait for tomorrow." (Action: goPark)
-> Chloe attempts: goPark
-> Chloe moved to Park

--- Time: Day1 15:05 ---

Bob's turn (Home, $10):
Bob: "Still too early to sleep... I've already hit the park and cafe multiple times today though. Hm, who's Chloe? Haven't talked to them yet. Maybe they have different ideas or know about other spots in the area. Better than just wandering the same places over and over." (Action: talkToAlice)
-> Bob attempts: talkToAlice

===== Bob <-> Alice =====
Alice: "Bob, Chloe's the one from the park this morning – she's chill and might have ideas. But my energy's at 54, and I'm wiped from all the wandering. I'm just gonna stay home and relax until I can sleep later. Go find her if you want, I'll join in tomorrow." (Action: leaveConversation)
===== Conversation End (1 turns) =====

Alice's turn (Home, $10):
Alice: "Alright, it's only 3 PM and I can't sleep until 8. Already hit the park and cafe multiple times. Guess I'll just stay put and rest here - no point wasting energy wandering the same spots. Time'll pass. I'll head out fresh tomorrow and maybe try the cafe again when someone's actually working there." (Action: none)
-> Alice attempts: none

Chloe's turn (Park, $10):
Chloe: "Park's nice and quiet. Already tried the cafe way too many times today - not happening. No point going home again either, I'll just end up bored. Think I'll just sit here and enjoy the afternoon. Sometimes doing nothing is exactly what you need." (Action: none)
-> Chloe attempts: none

--- Time: Day1 15:35 ---

Bob's turn (Home, $10):
Bob: "Still can't sleep for a few more hours. I keep going back and forth between the same spots. Hey Alice - you mentioned Chloe earlier. Do you know her? Maybe we could meet up with her sometime. Anyone else worth knowing around here?" (Action: talkToAlice)
-> Bob attempts: talkToAlice

===== Bob <-> Alice =====
Alice: "Chloe was at the park with us this morning! We all talked together - she's the one who was zoning out in the quiet. Nice person, easy to chat with. As for anyone else... honestly, it's only Day 1 and I haven't met anyone besides you two. But hey, I'm stuck here until I can sleep later - why don't you go find Chloe and see if she knows anyone new? Then we can all meet up tomorrow." (Action: none)
Bob: "Right, Chloe - she was pretty quiet this morning. Might be worth finding her and getting a proper conversation going while there's still daylight. Expanding the friend circle early on seems smart. Alright Alice, I'll go see if she's around. Let's plan to meet up tomorrow with the whole crew!" (Action: leaveConversation)
===== Conversation End (2 turns) =====

Alice's turn (Home, $10):
Alice: "Honestly, just gonna chill here. Energy's at 53, the cafe's empty, and I've worn a path between the park and home today. Nothing new to discover right now. I'll just wait it out until I can actually sleep. Tomorrow's a fresh start - maybe the cafe will have someone working, or we'll meet new people. No point burning what little energy I have left." (Action: none)
-> Alice attempts: none

Chloe's turn (Park, $10):
Chloe: "Still nothing happening here. Fine, I'll head home - at least I can relax in comfort while waiting until evening. The cafe's burned me too many times today. Lesson learned: don't chase dead ends. Tomorrow I'll start fresh and hit the cafe early." (Action: goHome)
-> Chloe attempts: goHome
-> Chloe moved to Home

--- Time: Day1 16:05 ---

Bob's turn (Home, $10):
Bob: "Alright, time to track down Chloe. She was quiet this morning - maybe she opens up more one-on-one. Park's where we all were earlier, she might still be hanging around there. Let's go see." (Action: goPark)
-> Bob attempts: goPark
-> Bob moved to Park

Alice's turn (Home, $10):
Alice: "Still too early to sleep, and I've been everywhere today already. The cafe's empty, and I don't want to just wander back to the park again. Chloe might still be there, but going back and forth is getting old. I'll just stay put and save my energy for tomorrow. Maybe we'll find something new then." (Action: none)
-> Alice attempts: none

Chloe's turn (Home, $10):
Chloe: "Wait, Alice's available! We had such a good connection earlier. Been wandering around alone all afternoon - this is way better. Hey Alice, you rested up? I've been killing time at the cafe - it's completely dead. Missed our chat." (Action: talkToAlice)
-> Chloe attempts: talkToAlice

===== Chloe <-> Alice =====
Alice: "Chloe! Yeah, I'm more rested now - still at 52 energy but better than earlier. The cafe's dead? Figures. Want to meet at the park? It's quiet and we know the spot. I've been stuck at home waiting for bedtime anyway." (Action: none)
Chloe: "Yes! The park sounds perfect. I've been wandering around like a lost soul all afternoon - the cafe's been a ghost town. Good to know you're feeling better. I'll head over now, save us a bench!" (Action: leaveConversation)
===== Conversation End (2 turns) =====

--- Time: Day1 16:35 ---

Bob's turn (Park, $10):
Bob: "Chloe's not here either. Looks like I missed her or she already headed home. The cafe's still a bust anyway. At this point I've wasted enough energy wandering. Better head back, rest up, and try again tomorrow with everyone. This first day's been... interesting but not very productive." (Action: goHome)
-> Bob attempts: goHome
-> Bob moved to Home

Alice's turn (Home, $10):
Alice: "Chloe's up for meeting at the park, and since the cafe's still dead, that's the best spot. My energy's at 52, but I can manage a walk and chat - better than staying home doing nothing. Let's see if Bob's around too, or just catch up with her." (Action: goPark)
-> Alice attempts: goPark
-> Alice moved to Park

Chloe's turn (Home, $10):
Chloe: "Alice's waiting at the park - I promised to save her a bench! Been stuck at home all afternoon, and after that failed cafe marathon, socializing is exactly what I need. Time to stop moping and go meet her." (Action: goPark)
-> Chloe attempts: goPark
-> Chloe moved to Park

--- Time: Day1 17:05 ---

Bob's turn (Home, $10):
Bob: "It's only 5pm... still three hours until I can sleep. The cafe keeps being a bust and I've worn a path to the park today. Guess I'll just hang tight at home and wait it out. No point burning energy on dead ends. Tomorrow I'll have a fresh start and hopefully find something actually open." (Action: none)
-> Bob attempts: none

Alice's turn (Park, $10):
Alice: "Hey Chloe, made it! Cafe's still a ghost town I take it? At least the park's nice when it's not too crowded. How was your afternoon solo?" (Action: talkToChloe)
-> Alice attempts: talkToChloe

===== Alice <-> Chloe =====
Chloe: "Ghost town doesn't even cover it - I tried four times! My afternoon was basically a solo tour of empty benches. Glad you're here though. Remember this morning when we first met? Felt like real friends right away. How's your afternoon been? Still tired?" (Action: none)
Alice: "Yeah, it felt natural right away - you too! My afternoon was... mostly home waiting out the clock. Cafe's hopeless today. But hey, at least we've got the park. I'm running low on energy though, probably head back soon. Maybe tomorrow we can actually find somewhere new to hang?" (Action: none)
Chloe: "Totally get it - you need your rest. Tomorrow sounds great! Let's try the cafe first thing, like really early when it opens. Maybe it's actually a morning spot? If it's still dead, we'll find somewhere new together. You rest up, okay? I'll find you tomorrow." (Action: none)
Alice: "Yeah, early morning at the cafe could work - worth a shot since it's been dead all day. I'm pretty tired with only 49 energy, so I'll head home and sleep soon. Sounds like a plan, see you tomorrow, Chloe!" (Action: leaveConversation)
===== Conversation End (4 turns) =====

Chloe's turn (Park, $10):
Chloe: "Hey, we just got here! I know you're tired but the evening air's nice. Tell me more about what you want to do tomorrow - I was thinking we could try the cafe super early. Or maybe there's somewhere else you've been curious about? I'm open to exploring together." (Action: none)
-> Chloe attempts: none

--- Time: Day1 17:35 ---

Bob's turn (Home, $10):
Bob: "Ugh, still hours to kill. I keep saying I won't go back to the cafe but... it's been a while since I last checked. Maybe someone finally showed up to work? Or at least I could grab a bite if it's open. If it's still dead, I'll call it a day and head home for good." (Action: goCafe)
-> Bob attempts: goCafe
-> Bob moved to Cafe

Alice's turn (Park, $10):
Alice: "Right, already told Chloe I'm heading home. Energy's at 49, can't do much else today. Time to sleep so I'm fresh for the cafe tomorrow morning. No point staying at the park now." (Action: goHome)
-> Alice attempts: goHome
-> Alice moved to Home

Chloe's turn (Park, $10):
Chloe: "Alice's heading home soon anyway, and I've been out most of the day. Cafe's burned me four times already - not making it five. I'll head home, rest up, and tomorrow we'll hit the cafe fresh together. Good first day overall." (Action: goHome)
-> Chloe attempts: goHome
-> Chloe moved to Home

--- Time: Day1 18:05 ---

Bob's turn (Cafe, $10):
Bob: "Still no one. This is ridiculous - I've checked this place like four times today. It's clearly not open. I need to stop wasting my time. I'll head home and just wait until I can sleep properly. Tomorrow's a new day." (Action: goHome)
-> Bob attempts: goHome
-> Bob moved to Home

Alice's turn (Home, $10):
Alice: "Energy's at 48, way too low to do anything else. Been a long day with all the wandering and socializing. Best to sleep now so I'm rested for the cafe tomorrow with Chloe. No point staying up." (Action: sleep)
-> Alice attempts: sleep
-> Failed: can only sleep after 20:00 (it's 18:05)
Alice (retry): "Right, still two hours until sleep. Not much point going anywhere when I'm this tired - park and cafe were empty anyway. I'll just stay home and rest up for tomorrow." (Action: none)
-> Alice attempts: none

Chloe's turn (Home, $10):
Chloe: "Alice's heading to sleep soon anyway. Haven't talked to Bob in a while - we connected earlier but I've been focused on Alice and that dead cafe. Should balance things out. Bob, you around? How was your day?" (Action: talkToBob)
-> Chloe attempts: talkToBob

===== Chloe <-> Bob =====
Bob: "Hey Chloe! Yeah I'm here. Today was... well, my first day in the area so I was just exploring. Met Alice this morning at the park - she's cool. Spent way too much time trying to find the cafe open, but no luck. Tried looking for you earlier but you weren't around. How about you? What'd you get up to after we all hung out this morning?" (Action: none)
Chloe: "Oh man, you too with the cafe? I tried that place like four times today and it was completely dead every single time! Alice and I joked about it. After we all hung out this morning, I basically bounced between the park and home. Glad you're settling in though - first days can be weird. Wish I'd known you were looking for me, we could've grabbed lunch or something. Hey, tomorrow let's all hit the cafe together - maybe three's the charm?" (Action: none)
Bob: "Ha, four times? That's almost exactly my count too! We should've compared notes - could've saved ourselves the trips. But yeah, tomorrow as a group sounds way better. Three people can't all be wrong, right? It's gotta open at some point. And lunch would've been nice - I was starving wandering around. Tell you what, tomorrow I'll actually plan around it instead of impulse-checking every hour. So what's your take on this area so far? You've been here longer than me?" (Action: none)
Chloe: "Ha, we're cafe twins in suffering! Yeah tomorrow let's actually strategize instead of impulse-checking. Honestly? I'm new here too - today's literally Day 1 for me. But I like it so far - the park's chill, met you and Alice which is already a win. Tomorrow's gonna be better with a plan. You should get some rest though - big day of cafe success ahead of us! Talk tomorrow, Bob." (Action: leaveConversation)
===== Conversation End (4 turns) =====

--- Time: Day1 18:35 ---

Bob's turn (Home, $10):
Bob: "You know, so far it's been... interesting. A lot of wandering, not much to show for it. But meeting you and Alice made it worth it. This area seems quiet, but maybe that's not all bad. We'll figure it out together tomorrow. Anyway - you were about to tell me your take on things. You've been here longer, what should I know?" (Action: talkToChloe)
-> Bob attempts: talkToChloe

===== Bob <-> Chloe =====
Chloe: "Bob, I literally just told you - I'm brand new too! Today's Day 1 for me, same as you. I don't have insider tips yet, just that the park's nice and the cafe is apparently a myth. Let's figure it out together tomorrow when we're both fresh. Get some sleep, you're at 48 energy! Night Bob!" (Action: leaveConversation)
===== Conversation End (1 turns) =====

Alice's turn (Home, $10):
Alice: "Energy's at 48 and it's only 18:35 - still a bit until sleep is allowed. I've been all over today and nothing new to find at the park or cafe now. With plans for the cafe tomorrow with Chloe, I should just stay home and rest up rather than waste energy going out." (Action: none)
-> Alice attempts: none

Chloe's turn (Home, $10):
Chloe: "Been a solid first day. Made friends with Alice and Bob, learned the cafe is a daytime ghost town. My energy's dipping and it's getting late - no point forcing more activity. Better to sleep and actually be fresh for our group cafe mission tomorrow. Night everyone!" (Action: sleep)
-> Chloe attempts: sleep
-> Failed: can only sleep after 20:00 (it's 18:35)
Chloe (retry): "Wait, sleep's blocked until 20:00? Noted. I'm pretty beat from today's cafe adventures and hanging with Alice and Bob. Going back to the cafe feels like tempting fate, and Alice's probably crashed. Might as well take a quiet evening stroll at the park to clear my head before bedtime. It'll be nice and empty now." (Action: goPark)
-> Chloe attempts: goPark
-> Chloe moved to Park

--- Time: Day1 19:05 ---

Bob's turn (Home, $10):
Bob: "Alice, you still up? Chloe and I were just talking - we're all hitting the cafe together tomorrow. No more solo dead-end trips. You in?" (Action: talkToAlice)
-> Bob attempts: talkToAlice

===== Bob <-> Alice =====
Alice: "Bob! Yeah, Chloe mentioned the cafe plan earlier too. All three of us going together sounds way better than solo trips. Count me in. I'm running on fumes here though - 47 energy. Gonna crash soon and meet you both fresh tomorrow. Sleep well!" (Action: none)
Bob: "Perfect, it's a plan then! We'll meet up tomorrow and finally crack this mystery cafe. Get some rest Alice - you've earned it. Talk tomorrow!" (Action: leaveConversation)
===== Conversation End (2 turns) =====

Alice's turn (Home, $10):
Alice: "Still 55 minutes until I can sleep, and my energy's at 47 - too low to do anything useful. I've got solid plans with Chloe and Bob for the cafe tomorrow, so no reason to risk going out now. Just gonna stay put and rest until bedtime." (Action: none)
-> Alice attempts: none

Chloe's turn (Park, $10):
Chloe: "Just got here, might as well stay a bit. The park's peaceful in the evening - no more failed cafe trips, no more explaining to people that I'm new too. Just quiet. I'll hang here until it's closer to 20:00, then head home and actually sleep. First day wasn't bad at all." (Action: none)
-> Chloe attempts: none

--- Time: Day1 19:35 ---

Bob's turn (Home, $10):
Bob: "Still a couple hours before I can sleep. Might as well take a quick evening stroll - the park should be quiet this time of day. Good way to clear my head after a busy first day." (Action: goPark)
-> Bob attempts: goPark
-> Bob moved to Park

Alice's turn (Home, $10):
Alice: "Still not 20:00 yet. Energy's too low for anything else - cafe and park were empty anyway. Good thing I made plans with Chloe and Bob for tomorrow. Just waiting until I can sleep." (Action: none)
-> Alice attempts: none

Chloe's turn (Park, $10):
Chloe: "It's almost 20:00, perfect timing to head home and sleep. The park helped me unwind after today's cafe fails and socializing, but now I need rest to be ready for our group cafe trip with Alice and Bob tomorrow. Don't want to oversleep and miss it." (Action: goHome)
-> Chloe attempts: goHome
-> Chloe moved to Home

--- Time: Day1 20:05 ---

Bob's turn (Park, $10):
Bob: "Peaceful out here. Day one's winding down - met Alice, connected with Chloe, wasted a lot of time on that cafe. But the plans are set for tomorrow. Better head back and get some real sleep so I'm ready for the cafe adventure with the crew." (Action: goHome)
-> Bob attempts: goHome
-> Bob moved to Home

Alice's turn (Home, $10):
Alice: "Chloe said we 'felt like real friends right away.' Bob confirmed cafe plan - all three of us going together. Tomorrow: cafe early with Chloe and Bob." (Action: sleep)
-> Alice attempts: sleep
-> Alice sleeps. Diary: "Chloe said we 'felt like real friends right away.' Bob confirmed cafe plan - all..."

Chloe's turn (Home, $10):
Chloe: "Alice: 'cafe's hopeless today.' Bob: 'four times' too. Priority: group cafe trip tomorrow AM to fix." (Action: sleep)
-> Chloe attempts: sleep
-> Chloe sleeps. Diary: "Alice: 'cafe's hopeless today.' Bob: 'four times' too. Priority: group cafe trip..."

--- Time: Day1 20:35 ---

Bob's turn (Home, $10):
[ERROR] Bob: Failed to extract valid JSON
Bob: "Let me think about this carefully first." (Action: none)
-> Bob attempts: none

--- Time: Day1 21:05 ---

Bob's turn (Home, $10):
[ERROR] Bob: Failed to extract valid JSON
Bob: "Let me think about this carefully first." (Action: none)
-> Bob attempts: none

--- Time: Day1 21:35 ---

Bob's turn (Home, $10):
Bob: "Time to sleep. Chloe tried cafe 4 times: dead. 'Three's the charm' - meet Alice & Chloe at cafe tomorrow morning. Rest up." (Action: sleep)
-> Bob attempts: sleep
-> Bob sleeps. Diary: "Time to sleep. Chloe tried cafe 4 times: dead. 'Three's the charm' - meet Alice ..."

--- All agents asleep, skipping to morning ---
-> Bob finished sleeping
-> Alice finished sleeping
-> Chloe finished sleeping


========== DAY 2 ==========

--- Time: Day2 06:05 ---

Bob wakes up:
Bob: "It's morning and the cafe mission is on. Remember Chloe's 'three's the charm' - we're all meeting there. Better get going before they beat me to it." (Action: goCafe)
-> Bob attempts: goCafe
-> Bob moved to Cafe

Alice wakes up:
Alice: "Woke up remembering Chloe and Bob's cafe plan. Energy's at 47, but I should head there early to meet them. No point delaying." (Action: goCafe)
-> Alice attempts: goCafe
-> Alice moved to Cafe

Chloe wakes up:
Chloe: "First thing - it's 6 AM, the one time we haven't tried the cafe! Alice and Bob might not be up yet, but I need to know if this place actually opens. Four failures yesterday, but morning's untested territory. Let's go!" (Action: goCafe)
-> Chloe attempts: goCafe
-> Chloe moved to Cafe

--- Time: Day2 06:35 ---

Bob's turn (Cafe, $10):
Bob: "Still empty... it's 6:35am though, maybe I'm early. Chloe and Alice aren't here yet. I should go find them - we made this plan together, no point waiting around." (Action: talkToChloe)
-> Bob attempts: talkToChloe

===== Bob <-> Chloe =====
Chloe: "Bob! You're here too! And... still empty. Ugh. So the cafe just doesn't exist, does it? At least we're both suckers together. Want to grab Alice from her place? Maybe she knows something we don't about this place." (Action: none)
Bob: "Ha, at least I'm not the only one standing in an empty cafe at dawn! Alright, let's go round up Alice. She might actually know when this place opens - she seemed pretty confident about the cafe plan yesterday." (Action: talkToAlice)
Chloe: "Right? Two people staring at a closed cafe like we're expecting it to magically appear. Classic. Let's go find Alice - she did seem like she had a plan yesterday. Lead the way, Bob!" (Action: leaveConversation)
===== Conversation End (3 turns) =====

Alice's turn (Cafe, $10):
Alice: "Got here early as planned, but cafe's totally empty - no workers yet. Chloe and Bob aren't here either. Maybe I was too early? I'll grab something to eat while I wait for them." (Action: eat)
-> Alice attempts: eat
-> Failed: No one working. Someone must 'work' first.
Alice (retry): "Cafe still empty - can't even order without someone working. Chloe and Bob aren't here yet either. Maybe I should work to get things started? That way when they arrive, we can actually use the cafe like planned." (Action: work)
-> Alice attempts: work
-> Alice is working at cafe, ready to serve. (Earns $12 when someone orders)

Chloe's turn (Cafe, $10):
Chloe: "Wait - Alice is actually working here now! Perfect timing. She's got answers about this mystery cafe. Let me ask her what's up before Bob and I get too deep in our confused spiral." (Action: talkToAlice)
-> Chloe attempts: talkToAlice

===== Chloe <-> Alice =====
Alice: "Oh hey Chloe! I'm not officially working here - I just started helping out so we could actually get coffee when you and Bob showed up. Place was totally empty when I arrived. Where's Bob? We had plans to all meet here together, remember?" (Action: none)
Chloe: "Bob's right behind me! He was standing at the empty cafe with me looking confused. You actually made this place work? That's amazing - we tried literally like four times yesterday and nothing! You're a hero. Coffee is happening, finally!" (Action: none)
Alice: "Haha, thanks! Yeah, I got here early and nobody was around, so I figured I'd try working to get things going. Perfect timing then - Bob's here too! Our plan worked out exactly as we wanted." (Action: none)
Chloe: "Alice pulling through like a champ means our group plan finally worked! Bob's here too, so I should loop him in to keep things social and move forward. Alice, you're amazing for making this work! Bob, come join us - coffee time! I'm so glad our plan finally paid off." (Action: talkToBob)
Alice: "Stop it, you're making me blush! It was just dumb luck I got here first. Now we're all together like we planned - that's what matters. Come sit down, Bob! This is way better than yesterday's dead-end solo trips." (Action: none)
Chloe: "Alice's invitation feels like victory after yesterday's chaos. We're all together, coffee in sight – let's sit and enjoy this moment we worked for. Bob, you coming? This is the social start I needed." (Action: none)
Alice: "Absolutely! This is what we needed - all three of us together, coffee about to happen, no more wandering around confused. Best morning so far. Grab a seat Bob, Chloe's right - this moment's been a long time coming!" (Action: none)
Chloe: "This is perfect! Bob, grab a seat! Alice, any recommendations? I've got $10 burning a hole in my pocket and I'm ready to actually buy coffee for once. Yesterday feels like a fever dream." (Action: none)
===== Conversation End (8 turns) =====

--- Time: Day2 07:05 ---

Bob's turn (Cafe, $10):
Bob: "Wait - Alice? You're WORKING here now? We literally just came to find you because we thought the place was dead! You could've told us! So... does this mean it actually opens? What's good on the menu?" (Action: talkToAlice)
-> Bob attempts: talkToAlice

===== Bob <-> Alice =====
Alice: "Haha, yeah I started helping out this morning! Place was deserted when I got here so I figured someone had to. Menu's... still figuring it out honestly, but there's coffee and basic stuff. Point is - it's open now and we're all here! Finally." (Action: none)
Bob: "Classic! We're out here searching for you while you're already inside making yourself at home. That's actually brilliant though - someone's gotta keep the lights on. Coffee sounds perfect right now. Chloe, you want something too?" (Action: none)
Alice: "Right?! The irony is perfect. And yeah, this place needs someone keeping it alive - guess that's me now. Chloe, what are you getting? I'm buying since I basically tricked you both into coming here." (Action: none)
Bob: "You're buying? Now I feel bad for all the times I called this place 'dead' in my head. I'll take whatever coffee you recommend - you're the expert now apparently. This is actually nice though, all three of us finally here." (Action: eat)
Alice: "Expert is generous - I've been here like an hour! But coffee's coffee, right? Standard order sounds good. And don't feel bad, you were right yesterday - place WAS dead. Now it's alive because we made it happen. Chloe, you ordering too or still deciding?" (Action: none)
Bob: "Alice is being modest, but she's the one who brought this place to life. Feels good to be part of that. Chloe, don't leave us waiting - what are you getting? I'm sticking with Alice's recommendation." (Action: none)
Alice: "Bob's right, come on Chloe! We're all here, coffee's about to happen, and I want to hear what you want before I start guessing at this menu. No pressure but... we've been planning this since yesterday!" (Action: none)
Bob: "Chloe's got that look of someone who's about to order the most complicated thing on a menu that doesn't exist yet. Take your time, we've got nowhere to be." (Action: none)
===== Conversation End (8 turns) =====

Alice's turn (Cafe, $10):
Alice: "Come on Chloe, we've got all morning! Bob's already sold on whatever I pick. Tell us what you want - then I can actually make this cafe thing work properly. First real order of the day!" (Action: none)
-> Alice attempts: none

Chloe's turn (Cafe, $10):
Chloe: "Okay, enough chatting - I'm actually hungry! Alice, what's good on the menu? Let me order something before I pass out from standing around empty cafes yesterday." (Action: eat)
-> Chloe attempts: eat
-> Chloe ate ($10, +30 energy). Balance: $0, Energy: 68/80
-> Alice served and earned $12. Balance: $22

--- Time: Day2 07:35 ---

Bob's turn (Cafe, $10):
Bob: "Wait, Alice was just here - did she leave already? That was quick. Chloe, you still around? We should probably figure out where she went." (Action: talkToChloe)
-> Bob attempts: talkToChloe

===== Bob <-> Chloe =====
Chloe: "Yeah, she was just serving us coffee! Maybe she had to step out or her shift ended. Don't worry Bob, she can't have gone far. We should hang out more - we finally got our coffee plan working, no reason to rush off now." (Action: none)
Bob: "True, we did get the coffee plan working! Good call on the whole 'three's the charm' thing by the way - it actually worked. So what's your deal, Chloe? What do you usually do around here when you're not hunting for cafes that don't exist?" (Action: none)
Chloe: "Ha, 'hunting for phantom cafes' is definitely my new hobby. Usually I wander the park - it's quiet, good for thinking. But honestly? I get restless doing the same thing. Might explore more of the city, find new spots. What about you, Bob? Any secret haunts besides haunted cafes?" (Action: none)
Bob: "Ha, 'haunted cafes' is going on my resume. Me? I'm still figuring out my spots honestly. The park's alright but I get the restless thing - same faces, same trees. Maybe we should explore together sometime? Always better finding new places with someone who gets it." (Action: none)
Chloe: "I'd be down for that! You get the restless thing, so we'd actually have fun instead of just standing around complaining about trees. The park's my usual go-to, but I'm curious what else is out there. Maybe after we finish our coffees - you and Alice should come hang at the park sometime?" (Action: none)
Bob: "Totally agree, Chloe - the park it is. You mentioned it's your usual spot, so you can show me around. Coffee's done, let's not waste time sitting around. I'll grab Alice if I see her on the way." (Action: goPark)
Chloe: "Sounds perfect, Bob! I'm restless anyway and the park is my spot to think and explore. Let's head out now - I'll show you around, and we can find new places together. Ready when you are!" (Action: leaveConversation)
===== Conversation End (7 turns) =====

Alice's turn (Cafe, $22):
Alice: "Wait, where did everyone go? I was just taking orders and now the cafe's empty again. $22 in my pocket though - guess some work got done. Chloe? Bob? Anyone still around?" (Action: talkToChloe)
-> Alice attempts: talkToChloe

===== Alice <-> Chloe =====
Chloe: "Alice! Perfect timing - Bob and I were just heading to the park to explore. You should come with us when you're done here. We'll show you around!" (Action: leaveConversation)
===== Conversation End (1 turns) =====

Chloe's turn (Cafe, $0):
Chloe: "Right, Bob and I just agreed to hit the park together! No point staying at an empty cafe with no money. Time to show him my usual spot and maybe discover something new. Let's go!" (Action: goPark)
-> Chloe attempts: goPark
-> Chloe moved to Park

--- Time: Day2 08:05 ---

Bob's turn (Cafe, $10):
Bob: "Chloe must've headed out already. Well, we agreed on the park - let me get moving. Alice might wander over later. Time to see if Chloe knows any hidden spots in this city." (Action: goPark)
-> Bob attempts: goPark
-> Bob moved to Park

Alice's turn (Cafe, $22):
Alice: "Everyone left after our chat - cafe's empty and not much point working alone. My energy's okay, so I'm heading to the park to explore or find someone new. Time for a change of scenery." (Action: goPark)
-> Alice attempts: goPark
-> Alice moved to Park

Chloe's turn (Park, $0):
Chloe: "Okay, we made it to the park! Bob, you back here? I said I'd show you around - let's see what we can find. Maybe there's something new I missed before. Still restless after all those failed cafe attempts yesterday." (Action: talkToBob)
-> Chloe attempts: talkToBob

===== Chloe <-> Bob =====
Bob: "We made it! Alright Chloe, you're the park expert - where do you usually go? I mostly just walk around aimlessly, which I guess is the point. Any spots worth checking out?" (Action: none)
Chloe: "My usual spot is that bench by the big oak tree - perfect for people-watching and thinking. But since you're here, let's actually explore! Maybe check out the fountain area on the other side? I've never really looked around much. Let's wander and see what we find - that's the fun part, right?" (Action: none)
Bob: "Fountain area sounds perfect - never been there myself. Lead the way! Maybe we'll actually find something interesting for once. And hey, if Alice shows up, we'll have a whole expedition going." (Action: none)
Chloe: "Love the optimism, Bob! Let's hit the fountain area - I've been curious about it. And yeah, if Alice joins, even better. More explorers = more discoveries. Race you there? But seriously, let's walk - I wanna see what we've been missing this whole time." (Action: none)
Bob: "Race?! With your park experience? No way, you'd destroy me. But I'll keep up - let's go check out this fountain. Finally doing something other than hunting closed cafes. This is the kind of exploration I needed." (Action: none)
Chloe: "Ha, fair point - I do know these paths pretty well by now after all my aimless wandering! But hey, it paid off, right? Now I finally have someone to share the park with. Tell me, Bob - what made you tag along with us yesterday? Was it pure curiosity or did you just need a break from solo adventures?" (Action: none)
Bob: "Honestly? Both. Solo adventures get old when you're just repeating the same routes. When Alice mentioned finding a working cafe yesterday, something felt... different. Worth showing up for. And you two were actually fun to be around. What about you - what keeps you coming back to the park if you're always restless?" (Action: none)
Chloe: "Honest answer? It's familiar ground - safe, but yeah, gets repetitive. The difference now is I'm not just wandering alone anymore. Having you and Alice makes it feel fresh again. Yesterday's cafe hunt, today's fountain expedition - it's about making memories instead of just passing time. You get that, right? Why stick around if it's all the same? But with the right people, even old places feel new." (Action: none)
===== Conversation End (8 turns) =====

--- Time: Day2 08:35 ---

Bob's turn (Park, $10):
Bob: "So Chloe, you never answered my question - what keeps you coming back to the park if you're always restless? The oak tree bench or something deeper? I'm curious what makes this place your go-to despite all the wandering." (Action: talkToChloe)
-> Bob attempts: talkToChloe

===== Bob <-> Chloe =====
Chloe: "You're persistent, I like that. Honestly? The park was where I went to think when I had nowhere else to be. That bench by the oak tree... it's quiet, lets me process things. But you're right - it's become a habit, almost too comfortable. Maybe I kept coming back because exploring alone felt pointless. No one to share discoveries with. Now that you and Alice are in the picture, even the same paths feel different. The place hasn't changed - I have." (Action: none)
Bob: "That's actually really insightful. Places don't change, but we do - especially when we stop experiencing them alone. Maybe that's what was missing. The park's been waiting for us to actually notice it this whole time." (Action: none)
Chloe: "Yeah... that's exactly it. The park was always here, just waiting. And honestly? Same goes for people. I almost didn't come to the cafe yesterday - thought it'd be another dead end. But showing up changed everything. Now here we are, having deep conversations under the same trees I walked past a hundred times without really seeing them. Alright, enough reflection - let's actually go find that fountain before I get all emotional about landscaping!" (Action: none)
Bob: "Ha! 'Emotional about landscaping' - that's going in my journal. Come on then, let's actually find this fountain before we turn into philosophers. Action beats reflection at this point." (Action: none)
Chloe: "Ha, journal material indeed! You're right, enough talk – let's actually find this fountain. I think it's this way, but honestly, I've never really looked. Adventure awaits, Bob!" (Action: none)
Bob: "Wait - you're the self-proclaimed park expert and you've 'never really looked' for the fountain?! All that talk about the oak tree bench and you left the fountain undiscovered this whole time? Alright, now I'm definitely coming along - this is going to be an adventure whether you like it or not!" (Action: none)
Chloe: "Okay okay, you caught me! Park expert is generous - I'm more like... park regular. There's a difference! I sat on that bench so many times and just... never wandered past the trail split. Guess I needed someone to drag me out of my comfort zone. Consider this my official rebranding: from 'park expert' to 'park enthusiast in training.' Now come on, before I embarrass myself further!" (Action: none)
Bob: "'Park enthusiast in training' - I like that! Much more honest than 'expert' when you've been sitting in one spot this whole time. Alright, lead the way trail-mate, let's find this fountain before your 'training' expires. My energy's starting to lag, so hopefully it's not a 5-mile hike." (Action: none)
===== Conversation End (8 turns) =====

Alice's turn (Park, $22):
Alice: "Park's quiet too. I just left the cafe but maybe Bob or Chloe went back there? Our whole group plan was centered there. Energy's dipping but it's still morning - worth checking back to see if anyone returned." (Action: goCafe)
-> Alice attempts: goCafe
-> Alice moved to Cafe

Chloe's turn (Park, $0):
Chloe: "Bob and I are on a roll here - we were literally just about to go find the fountain! No way I'm leaving now. This is the most fun I've had exploring in ages. Let's keep going!" (Action: talkToBob)
-> Chloe attempts: talkToBob

===== Chloe <-> Bob =====
Bob: "Alright, alright - keep your sneakers on! You're the one who almost stayed on that bench forever. But yeah, let's actually find it this time. Though heads up, my energy's dipping - if this fountain's a mirage, I'm blaming you." (Action: none)
Chloe: "Hey, I admitted I was a fraud - cut me some slack! And mirage or not, at least we'll know for sure. Your energy's fine, stop worrying. Worst case, we find the fountain, sit for a bit, then head out. But we're not going home having talked about it for twenty minutes without actually seeing it. That would be embarrassing for both of us. Let's move!" (Action: none)
Bob: "Fair point - twenty minutes of fountain talk with no fountain to show for it would be ridiculous. Fine, you win. But if I collapse from exhaustion halfway there, you're carrying me back to that oak tree bench. Now MOVE before I change my mind!" (Action: none)
Chloe: "Deal! But fair warning - I'm small but mighty. You go down, I'm dragging you back by your ankles. No princess carrying here. Okay seriously though, enough stalling. You remember yesterday when Alice mentioned the cafe and we all got excited? Same energy now. Let's go discover something together instead of just talking about it. Fountain - that way I think. Ready?" (Action: none)
Bob: "Ankle dragging noted - good to know what I'm signing up for. Alright, same energy as the cafe hunt - I remember how that felt. Let's actually DO this. Fountain, here we come. No more stalling, I promise. Ready when you are, trail guide!" (Action: none)
Chloe: "Trail guide reporting for duty! Come on, I think it's past the old stone bridge - wait, there's a stone bridge here? See, this is why we need to actually look around instead of just assuming we know the place. Lead or follow - your choice, but we're MOVING!" (Action: talkToBob)
Bob: "Wait - a stone bridge you never noticed?! You've been coming here for who knows how long and there's a STONE BRIDGE?! This just keeps getting better. I'll follow your 'expert' navigation - clearly there's more hidden around here than either of us thought. Let's see this bridge AND the fountain!" (Action: none)
Chloe: "I KNOW, right?! How did I miss a whole stone bridge?! Clearly I was too busy having existential crises on that bench. Okay, new theory: I wasn't actually exploring, I was just... existing in the park. There's a difference! This is why you need a second pair of eyes. You're my witness now - if we find anything else I missed, we're adding it to the 'Chloe's Blind Spot' list. Go go go!" (Action: none)
===== Conversation End (8 turns) =====

--- Time: Day2 09:05 ---

Bob's turn (Park, $10):
Bob: "A stone bridge?! This park keeps throwing surprises at me. Chloe's been coming here forever and never noticed half of it - now we're both discovering things together. This is exactly the kind of adventure I was hoping for. Energy's getting low but this is too good to stop now. Alright Chloe, which way to this mysterious bridge and fountain?" (Action: talkToChloe)
-> Bob attempts: talkToChloe

===== Bob <-> Chloe =====
Chloe: "Okay okay, I THINK it's this way - past those big trees over there. No promises though, I've literally never walked this far without heading to the exit. This is genuinely new territory for me! And don't say 'energy low' - you made a deal: fountain first, complaining later. We're in too deep now, Bob. No turning back without answers. What kind of explorers would we be?!" (Action: none)
Bob: "Fine fine - no complaining, I remember the deal. 'No turning back without answers' - you're getting dramatic on me! But you're right, what kind of explorers would turn back right when it gets interesting? Past those big trees it is. If there's a stone bridge AND a fountain hidden back there, this park's been holding out on both of us." (Action: none)
Chloe: "Bob's matching my energy perfectly - this is what I was missing from solo wandering. No turning back now, we're committed explorers. Let's push past those trees and see what the park's been hiding. If we find that fountain, it'll be worth every bit of energy spent." (Action: none)
Bob: "Committed explorers - I like how that sounds! Alright, past the trees we go. And you're right, if we find this fountain, every bit of energy's worth it. Just... maybe pace yourself? I'm not the only one who's been sitting on benches lately, 'park enthusiast in training'." (Action: none)
Chloe: "Ha! Fine, you got me there. 'Park enthusiast in training' still in progress. But look - we're literally about to discover new territory! That's worth a little extra cardio. Tell you what: if we find the fountain, we rest. If we don't, we still rest. Either way, you win. Deal?" (Action: none)
Bob: "A deal where rest is guaranteed either way? You drive a hard bargain, but I accept! Let's find this fountain - I want to see your face when you realize it's been here the whole time you were sitting on that bench. Lead the way, trail guide!" (Action: none)
Chloe: "My face is going to be SO smug when we find it. Like 'oh look, there it is, I totally knew where it was the whole time.' Just kidding, I'll probably be genuinely shocked. Okay, past these trees... wait - do you hear that? Is that... water? Or am I hallucinating from excitement?!" (Action: none)
Bob: "Wait - I hear it too! That's definitely water! We're close - the fountain's actually real! All those years you sat on that bench and never knew water was flowing just past these trees... Come on, let's see it before I pass out from excitement and low energy combined!" (Action: none)
===== Conversation End (8 turns) =====

Alice's turn (Cafe, $22):
Alice: "Ugh, empty again. But I'm already here and have energy to burn - might as well work and build up some savings. Can't keep wandering forever. If Bob or Chloe show up, they'll find me where I was." (Action: work)
-> Alice attempts: work
-> Alice is working at cafe, but no customers here. Wait for someone or try something else.

Chloe's turn (Park, $0):
Chloe: "Water! I hear water! Bob, do you hear that?! We're close - I can feel it! No way I'm abandoning ship now. This is the moment of truth. Let's push forward and find this fountain!" (Action: talkToBob)
-> Chloe attempts: talkToBob

===== Chloe <-> Bob =====
Bob: "I HEAR IT TOO! This is actually happening - the fountain is real! All those years you walked past without noticing, and now here we are together hearing water. Okay okay, I'm running on fumes here but I need to see this. LET'S GO!" (Action: none)
Chloe: "This is it - we're really doing this together! Hearing that water means we're close. All those solo bench-sitting days were missing this. Come on, just a little further - I promise we'll rest the second we see it!" (Action: none)
Bob: "Solo bench-sitting days are officially over - look at us now, chasing water sounds through unknown territory! I can practically feel the mist already. Okay, I'm trusting your promise on that rest. Just... walk slightly faster than me so I have a target to chase. We're SO close!" (Action: none)
Chloe: "Ha! 'Chase the slightly faster park enthusiast' - got it. And hey, if we find a stone bridge too, I officially upgrade from fraud to... less of a fraud. Okay, water's getting louder - it's gotta be just over this rise. See anything yet?!" (Action: none)
Bob: "Not yet but the sound is SO loud now - it's gotta be right there! And 'less of a fraud' is a solid upgrade from your current status. If we find both the fountain AND the bridge, you might even earn... 'occasionally observant park visitor'. That's practically a promotion! Almost there - do you see the water yet?!" (Action: none)
Chloe: "'Occasionally observant park visitor' - I'll take it! Wait wait wait - is that... shimmering through the trees?! Bob, I see something glinting! Water! ACTUAL WATER! We did it - WE FOUND IT! Get over here before I claim all the glory for myself!" (Action: none)
Bob: "SHIMMERING! I see it too! We actually found it - after all that bench-sitting talk, it's really here! Okay okay, I'm not letting you claim solo glory - we're both equally exhausted explorers at this point. Let me actually see this thing before I collapse!" (Action: none)
Chloe: "WE DID IT! Oh my god, it's BEAUTIFUL! Look at that water just... flowing! All those wasted mornings on that bench and this was just... HERE! Okay okay, you were right to push me out of my comfort zone. This is way better than staring at trees alone. Sit. Sit DOWN. Rest time - you earned it, I earned it, we're BOTH collapsing gloriously!" (Action: none)
===== Conversation End (8 turns) =====

--- Time: Day2 09:35 ---

Bob's turn (Park, $10):
Bob: "We made it! Okay, sitting down now - no negotiations, my legs are officially done. Look at this... it was here the whole time. All those days on the bench, and this was just hidden away. Worth the trek. Thanks for dragging me out here, Chloe. I needed this." (Action: talkToChloe)
-> Bob attempts: talkToChloe

===== Bob <-> Chloe =====
Chloe: "Hey, we dragged each other - you almost bailed on me at least twice! But... thanks for coming. Seriously. Discovering stuff alone is just... existing. But sharing it? Makes the park feel different. Like it's OUR spot now. Your legs might be done but my brain's buzzing. This was a good day." (Action: none)
Bob: "You're right - discovering alone IS just existing. I've been walking around this park, the cafe... doing stuff, but not really DOING stuff. This felt different. Like actual adventure instead of just... passing time. OUR spot. I like that. Even if it almost killed my legs. Worth it though. Really worth it." (Action: none)
Chloe: "See? 'Actual adventure' beats 'passing time' every single time. And your legs will forgive us eventually - probably by tomorrow. But this feeling? This is the stuff memories are made of. Our secret fountain spot. I'm never sitting on that old bench the same way again." (Action: none)
Bob: "Our secret fountain spot... yeah, that bench will never feel the same. And you're right - this IS the stuff memories are made of. Not the sitting alone on benches, but the 'almost dying on a quest to find water' moments. Okay, I hate to admit it, but my energy's basically at 'walking corpse' levels. I should head home before I literally become part of the fountain scenery. Same time tomorrow? We still haven't found that stone bridge." (Action: leaveConversation)
===== Conversation End (4 turns) =====

Alice's turn (Cafe, $22):
Alice: "Sitting here working alone with no customers is pointless. My energy's fine at 33, but I've been at the cafe most of the morning. Time for a change - maybe Bob or Chloe are at the park now. Let's go find some life." (Action: goPark)
-> Alice attempts: goPark
-> Alice moved to Park

Chloe's turn (Park, $0):
Chloe: "You know what? This is what I was missing all along. Not just the fountain - having someone to share it with. Next time we should hit the cafe after. Celebrate our explorer status with actual drinks. You in?" (Action: talkToBob)
-> Chloe attempts: talkToBob

===== Chloe <-> Bob =====
Bob: "The cafe? After our explorer debut? Absolutely. I know a place - been there a few times. We can toast to being the park's least efficient but most determined treasure hunters. Alright, I'm actually gonna collapse if I don't move toward home soon. This was... really good, Chloe. See you tomorrow?" (Action: leaveConversation)
===== Conversation End (1 turns) =====

--- Time: Day2 10:05 ---

Bob's turn (Park, $10):
Bob: "That was amazing but I'm literally running on fumes now. 17 energy and counting down - need to get home before I pass out on a park bench. That would really undermine our 'no more bench-sitting' victory. Tomorrow we conquer the cafe AND the stone bridge. For now... home, sleep, recharge for round two of being an actual explorer." (Action: goHome)
-> Bob attempts: goHome
-> Bob moved to Home

Alice's turn (Park, $22):
Alice: "I keep bouncing between places looking for people. But wait - Chloe is here? Perfect! Finally someone to talk to. I need to catch up with her and see where Bob went. This is way better than wandering alone." (Action: talkToChloe)
-> Alice attempts: talkToChloe

===== Alice <-> Chloe =====
Chloe: "Alice! Hey! Bob was literally just here - we discovered this fountain together! He might've headed off to rest though, his legs were pretty done. But hey, you're here now and that's what matters. How's your day been? You look like you've been on a mission." (Action: none)
Alice: "Haha, you have no idea! I've been all over - cafe, park, cafe again, back here. Kept missing everyone. Tell me about this fountain you two found! Bob left already? His legs? Also how did YOUR morning go after we all split up?" (Action: none)
Chloe: "Oh my gosh Alice, it was AMAZING! We heard water through the trees, pushed through, and boom - gorgeous fountain with this shimmering water! Bob's legs were basically jelly by the end. He called me 'park enthusiast in training' the whole way. And YOUR morning - cafe to park to cafe to park? That's some serious wandering! What were you looking for? Better yet, sit down, catch your breath. You're HERE now." (Action: none)
Alice: "You caught me - I was basically hunting for company! The cafe got dead quiet after you all left, and I kept thinking maybe you were at the other place. Classic Alice move apparently. But okay, you're right - I'm HERE now. A shimmering fountain? That sounds incredible. Tell me everything - and yeah, I think I need to just... sit and be still for a minute." (Action: none)
Chloe: "Classic Alice move - I love it! You were literally doing what I used to do on that bench, just... searching. But you found me, and now you get the fountain story AND rest. Win-win! Okay so picture this: Bob and I hear water, push through trees, almost collapse from exhaustion, and then - shimmering! Glinting through the leaves! We literally screamed. It was dramatic. And embarrassing. But worth it. Now sit. You earned it." (Action: none)
Alice: "Wait you SCREAMED? That's hilarious, I can totally picture Bob dramatically collapsing while you squeal at water. Please tell me someone else witnessed this. But also... that actually sounds magical. Shimmering through the leaves? I need to see this fountain myself sometime. Maybe when my legs aren't already staging a protest from all that walking." (Action: none)
Chloe: "Dramatically collapsing - YES! And the only witnesses were some very judgmental pigeons. But hey, you're HERE at the fountain now! Just... look around you. The water's right there, shimmering and everything. No need to wait for 'someday when my legs recover' - future Alice problems! Present Alice gets to enjoy it RIGHT NOW while catching her breath. Double win!" (Action: none)
Alice: "Wait - we're AT the fountain?! Oh my god I've been rambling about visiting it while literally sitting next to it. That's so embarrassing. Okay... *looks around* ...okay wow, you weren't exaggerating. It really IS beautiful. The judgmental pigeons were right to judge us - this is worth screaming about. Thanks for dragging me into actually stopping for once, Chloe." (Action: none)
===== Conversation End (8 turns) =====

Chloe's turn (Park, $0):
Chloe: "Alice's energy's probably as low as mine after all that cafe-park-cafe-park marathon. But this conversation's good - real good. She wandered all over looking for exactly what I've been craving: actual human connection. No point leaving now when we're both resting AND bonding. Let's keep this going." (Action: talkToAlice)
-> Chloe attempts: talkToAlice

===== Chloe <-> Alice =====
Alice: "You know what, you're right. I ran around like crazy all morning chasing people down when what I really wanted was... this. Just sitting with someone, talking about real stuff. The pigeons, the fountain, all of it. I think I forget sometimes that the best moments aren't planned - they just happen when you finally stop running. You've been a good friend today, Chloe. Even if I did have to literally chase you to the park." (Action: none)
Chloe: "Stop it, you're gonna make me emotional at a fountain. But... yeah. You're right. I spent so long on that bench doing NOTHING, and now look - Bob dragged me on a quest, you chased me across the entire park, and we're all just... here. Together. I think I forget that too - that the good stuff just SHOWS UP when you stop hiding. And for the record, you didn't chase me to the park. You found me where I finally learned to be found." (Action: none)
Alice: "...Okay THAT line got me. 'Where I finally learned to be found.' Chloe, that's the most beautiful thing anyone's said to me. And honestly? Maybe that's what I've been doing today - not just chasing people, but learning to be findable myself instead of hiding behind 'let's start a business' and other plans. We're both works in progress, huh? Sitting at a fountain with judgmental pigeons and everything." (Action: none)
Chloe: "Works in progress with judgmental pigeons - that should be our official friendship title. But hey, you just figured out something important. 'Let's start a business' is easier than 'let's just be people together.' I did the same thing with my bench - hiding in plain sight. But today? I chased water with Bob, got called a fraud, found a fountain, AND had this moment with you. That's a lot of 'not hiding' for one morning. Maybe we're better at this than we think." (Action: none)
Alice: "Called a fraud?! Wait wait wait - rewind. Who called you a fraud? That's not okay. You were on a QUEST with Bob discovering fountains, not... whatever that is. I want to know what happened. And yeah, 'works in progress with judgmental pigeons' - I'm never letting that go. But seriously, who said that to you?" (Action: none)
Chloe: "Oh it was Bob! But like... playfully? He kept teasing me about being a 'fraud' because I sat on that bench doing nothing for so long. Then he upgraded me to 'occasionally observant park visitor' when we found the fountain. It was banter - slightly mean but honestly? It pushed me to try harder. Bob's annoying but he gets it. Though now I'm curious - what's YOUR version of hiding behind business plans? Because I think we both do it differently." (Action: none)
Alice: "Bob's such a tease but in that weirdly motivating way? Anyway... my version? *thinks* I think I hide by always having a NEXT thing. Like today - cafe, park, work, find people, start a business plan. I stay so busy that I never have to just... sit. Be still. Feel awkward. You sat on that bench for a whole day and confronted stillness. I run FROM it. Which is honestly worse because at least you were honest about hiding. I disguise mine as productivity." (Action: none)
Chloe: "Okay first - stop calling my bench thing 'honest.' It wasn't brave, it was paralysis. I wasn't confronting stillness, I was STUCK in it. You think running is worse? At least running gets you to the cafe twice and you meet people. I sat there watching grass grow and called it 'existing.' We're both doing it wrong, Alice. Just... opposite wrong. You over-move, I under-move. But right now? We're both sitting. Both still. Both actually talking. Maybe that's the sweet spot?" (Action: none)
===== Conversation End (8 turns) =====

--- Time: Day2 10:35 ---

Bob's turn (Home, $10):
Bob: "Energy's completely drained - 16 out of 82. Perfect time to crash. Sleep is calling. Tomorrow I'll be ready for that cafe trip with Chloe and maybe hunt for that stone bridge she mentioned. For now, rest is the only mission that matters." (Action: sleep)
-> Bob attempts: sleep
-> Failed: can only sleep after 20:00 (it's 10:35)
Bob (retry): "Can't sleep yet, it's not even evening - my internal clock's all messed up from that expedition. 16 energy and nowhere to go... well, I could sit here and mentally replay finding the fountain. That was something special. Maybe just rest my legs on the couch until it's late enough to sleep." (Action: none)
-> Bob attempts: none

Alice's turn (Park, $22):
Alice: "I'm not going anywhere. This conversation is exactly what I needed all morning and I'm not about to ruin it by doing my classic Alice 'run away to the next thing' move. Chloe, you asked about my hiding - but I think yours is braver. Sitting still takes guts. Running busy like me is the coward's way out. I want to learn from you. Tell me more about that bench day - what did you actually FEEL?" (Action: talkToChloe)
-> Alice attempts: talkToChloe

===== Alice <-> Chloe =====
Chloe: "Alice asking about the bench day makes me pause. I remember the loneliness, the way time stretched endless, but also... a kind of quiet honesty. It was scary feeling invisible, but now sharing it with you? It feels like that day finally has purpose. Thanks for making me talk about it." (Action: talkToAlice)
Alice: "Chloe... *pauses* ...that's the thing about painful experiences, right? They don't make sense alone. But when you tell someone and they actually LISTEN - suddenly it wasn't for nothing. You weren't invisible on that bench. You were gathering something. And now you're sharing it. That took courage then and it takes courage now. I'm glad I chased you across the park today. This moment? This is exactly what I was looking for without even knowing it." (Action: none)
Chloe: "Gathering something... I never thought of it that way. I thought I was just... stuck. But you're right, I guess I was learning how it feels to be alone so I could recognize what it means to not be. And Alice? I think you weren't just looking for company today. You were looking for proof that stopping doesn't mean failing. Look at us - proof." (Action: none)
Alice: "...You just gave me something I didn't know I needed. Proof that stopping doesn't mean failing. I've been so afraid of stillness, like if I pause I'll just... dissolve. But here I am, stopped, and I'm more myself than I've been all day. You know what, Chloe? Day Two and you might already be one of the most important people in my life. That bench day gave you depth, and I'm grateful you're letting me see it." (Action: none)
Chloe: "Okay NOW you're gonna make me dissolve right here at the fountain. Day Two? One of the most important people? Alice, that's... heavy. Good heavy. Like, 'maybe we should have a mascot pigeon named after us' heavy. But yeah. You see the bench depth, I see your chase-for-connection honesty. We're like two sides of the same 'learning-to-people' coin. And Bob's... the goofy engraved edge. We're a whole currency now." (Action: none)
Alice: "*laughs* 'The goofy engraved edge' - Bob would be HONORED and horrified simultaneously. I love that though. We're literally currency. The Alice-Chloe-Bob penny. Worth exactly three awkward humans trying their best. But hey... I should probably head home soon. Energy's tanking and I've learned today that rest isn't failing. But Chloe? Let's do this again. Tomorrow maybe? I want to hear more bench stories and find MORE fountains." (Action: none)
Chloe: "The Alice-Chloe-Bob penny - I'm telling him that tomorrow. And yes, YES, let's do this again. Rest isn't failing, remember? You taught me that today. Go home, recharge, and tomorrow we find every fountain in this city. I'll bring the bench stories, you bring the cafe recon reports. Deal? Now go before I start crying at these judgmental pigeons." (Action: leaveConversation)
===== Conversation End (7 turns) =====

Chloe's turn (Park, $0):
Chloe: "Alice just left and that conversation was... a lot. Good a lot, but my energy's tanking. And honestly? I literally told Alice that rest isn't failing. Time to practice what I preach. Plus Bob's probably home with his jelly legs, maybe I can tell him about the 'goofy engraved edge' thing. Going home." (Action: goHome)
-> Chloe attempts: goHome
-> Chloe moved to Home

--- Time: Day2 11:05 ---

Bob's turn (Home, $10):
Bob: "Ugh, still can't sleep for hours. 16 energy and nothing to do at home. Maybe I should just rest here and save my energy for the cafe trip with Chloe tomorrow. No point in going out and collapsing." (Action: none)
-> Bob attempts: none

Alice's turn (Park, $22):
Alice: "Okay I meant what I said - rest isn't failing, and my energy is basically whispering at this point. Time to practice what I preach and actually go home. Chloe, this was the best morning I've had since... well, since Day One honestly. You, Bob, the fountain, the pigeons - I'm keeping all of it. See you tomorrow? And tell Bob I said his edge description is very accurate." (Action: goHome)
-> Alice attempts: goHome
-> Alice moved to Home

Chloe's turn (Home, $0):
Chloe: "That conversation with Alice was amazing, but my energy is almost gone. I promised myself to practice what I preach about rest, so I'm hitting the pillow. Tomorrow's another day for fountains and stories." (Action: sleep)
-> Chloe attempts: sleep
-> Failed: can only sleep after 20:00 (it's 11:05)
Chloe (retry): "Right, it's only morning. Silly me. Can't nap yet but I'm not going back out with only 27 energy. Bob's probably here though - I need to tell him Alice called him 'the goofy engraved edge' of our penny trio. His reaction will be priceless. Plus he did say I was 'occasionally observant' earlier, time to see how HE handles being teased." (Action: talkToBob)
-> Chloe attempts: talkToBob

===== Chloe <-> Bob =====
Bob: "Wait wait wait - 'goofy engraved edge'?! That's what Alice calls me?! I'm the GOOFY one now?! And a penny trio? Okay that's actually kind of clever but I'm choosing to be offended. I was the one who kept this whole operation going today! Without my bench wisdom, none of us would've found anything! 'Occasionally observant' was a COMPLIMENT, Chloe - 'goofy engraved edge' is just... mean. Playful mean, but still mean." (Action: none)
Chloe: "Bob, you called me a FRAUD like four times today. You literally said my official title was 'occasionally observant park visitor.' But NOW you're 'bench wisdom'? Pick a lane! You can't be both the tough guy AND the wise sage. Although... okay fine, you DID drag me out of my bench coma. Without you I'd still be watching pigeons argue. So maybe you're the goofy engraved edge who also happens to be right sometimes. Happy?" (Action: none)
Bob: "Okay FINE, you got me - I AM the goofy engraved edge who's right sometimes. I'll own it. And yes, fraud was a term of endearment! You went from fraud to 'occasionally observant' - that's GROWTH. Alice just skipped straight to 'goofy' without the character development arc. Tell her I said that. Tell her the goofy engraved edge demands a proper origin story before accepting any nickname. ...Also I'm glad I dragged you out of bench coma. Pigeon arguments are not a life goal." (Action: none)
Chloe: "A CHARACTER DEVELOPMENT ARC? Bob, you're treating my life like a TV show. Fraud to occasionally observant to... what's next, 'marginally competent fountain finder'? But fine, I'll tell Alice the goofy engraved edge demands a proper origin story. She'll love that, actually. She's weirdly into this whole metaphor thing now. We're all currency, Bob. A penny trio. You, me, and Alice - worth exactly three awkward humans trying their best. ...And thanks. For the bench rescue. I mean it." (Action: none)
Bob: "'Three awkward humans trying their best' - okay that's actually beautiful and I'm going to think about it every time I see a penny now. Marginally competent fountain finder does have a nice ring to it. And Alice being into metaphors? Great, we're becoming literature. ...And you're welcome, Chloe. Seriously. Today was the first time in a while that doing something felt worth the effort. Now if you don't mind, I'm going to collapse until the sun's down. Save some energy for the cafe tomorrow - we've got a bridge to find." (Action: none)
Chloe: "Alright, Bob, the goofy engraved edge demanding his origin story. Rest up, and tomorrow we're finding that bridge at the cafe. I'm still wired from all this talking, so I might as well go check out the cafe now before our big adventure. See you later, Penny Trio member!" (Action: goCafe)
Bob: "Chloe's off to the cafe, but my energy's at 12 - basically a walking nap. Can't sleep until tonight, so heading out would just drain me more. Better to recharge here and keep the fountain victory fresh for tomorrow. Enjoy the cafe, and tell Alice the goofy engraved edge will be waiting with a proper origin story. Rest now, adventure later." (Action: none)
Chloe: "Go rest, Bob. You earned it today. And bring your A-game origin story tomorrow - Alice will want details. See you both at the cafe, Penny Trio member number two. Don't let the pigeons stage a coup while you're napping." (Action: leaveConversation)
===== Conversation End (8 turns) =====

--- Time: Day2 11:35 ---

Bob's turn (Home, $10):
Bob: "12 energy... can't go anywhere without risking total shutdown. Chloe's at the cafe, Alice is wherever Alice is. I've had my adventure for today - the fountain discovery was enough. Just going to sit tight, rest these destroyed legs, and wait for bedtime. Tomorrow's another day for the penny trio." (Action: none)
-> Bob attempts: none

Alice's turn (Home, $22):
Alice: "I'm home and barely standing. Energy's at 20 and I literally told Chloe that rest isn't failing. Time to prove I meant it. Today was good - real good. Chloe, Bob, the fountain, the pigeons... I'm keeping all of it. Sleep now, memories forever." (Action: sleep)
-> Alice attempts: sleep
-> Failed: can only sleep after 20:00 (it's 11:35)
Alice (retry): "Oh right, can't sleep yet - it's barely lunchtime. My body says collapse but the clock says otherwise. Fine. Maybe I'll head to the cafe and get something to eat or drink. Coffee could help my energy situation, and who knows - might run into someone there. Bob was talking about finding a business partner earlier... maybe food will give me the brain power to think about that without crashing." (Action: goCafe)
-> Alice attempts: goCafe
-> Alice moved to Cafe

Chloe's turn (Home, $0):
Chloe: "I told Bob I was heading to the cafe, time to follow through. Energy's low but I'm not going to just sit at home until bedtime. Maybe Alice's there finishing her morning run, or maybe there's someone new to meet. First time at the cafe - let's see what's there." (Action: goCafe)
-> Chloe attempts: goCafe
-> Chloe moved to Cafe

--- Time: Day2 12:05 ---

Bob's turn (Home, $10):
Bob: "Still drained. 12 energy isn't enough for anything worthwhile. Better to stay put and recharge - can't push my luck after today's expedition. Just... waiting. The night can't come soon enough." (Action: none)
-> Bob attempts: none

Alice's turn (Cafe, $22):
Alice: "Energy's at 19 and I'm running on fumes from that emotional conversation with Chloe. Can't sleep until tonight, so crashing here isn't an option. But the cafe's empty - perfect for grabbing a bite without pressure. Eating should prevent me from face-planting and maybe recharge me enough to actually think about that business idea Bob hinted at. Practical first, dreams second." (Action: eat)
-> Alice attempts: eat
-> Failed: No one working. Someone must 'work' first.
Alice (retry): "Of course. No one's working so nothing functions. Classic cafe problem. You know what? My energy's trash but I can't sleep for hours anyway. Maybe I should work here - get this place running, earn some cash, AND figure out how a cafe operates for that business idea with Bob. When life gives you an empty cafe... fill it yourself. Let's do this." (Action: work)
-> Alice attempts: work
-> Alice is working at cafe, ready to serve. (Earns $12 when someone orders)

Chloe's turn (Cafe, $0):
Chloe: "Oh, Alice's here already! She mentioned cafe recon for tomorrow's bridge quest. A quick hello won't hurt, and maybe I can learn the layout for when Bob and I come back. Plus, she said she wanted to do this again - this counts." (Action: talkToAlice)
-> Chloe attempts: talkToAlice

===== Chloe <-> Alice =====
Alice: "Chloe! I didn't expect you here. Yeah, the cafe's empty, so I was going to work to get it going. Bridge quest? Sounds like Bob's influence. But hey, since you're here, let's talk layout and plans. Just keep it short – my energy's dying." (Action: none)
Chloe: "Short and sweet - got it. Just wanted to see the place before the bridge quest tomorrow. Where's the bridge from here? And... thanks again for earlier. The proof-that-stopping-isn't-failing thing. I'm gonna remember that one. Now go work before you dissolve." (Action: none)
Alice: "Bridge? Honestly, I'm not 100% sure of the exact route from here. Bob seems to know - he's the one with the quest plan, so ask him tomorrow. He probably has it mapped out already. And Chloe... same back to you. Proof that stopping isn't failing - I'm keeping that one too. Now GO before Bob starts calling us both frauds again. I'll work, you prep. Tomorrow we conquer a bridge." (Action: leaveConversation)
===== Conversation End (3 turns) =====

--- Time: Day2 12:35 ---

Bob's turn (Home, $10):
Bob: "Half past noon and I'm just... sitting here. 30 more hours until I can sleep. Or... no wait, I need to count hours right - 20:00 minus 12:35. That's still hours away. This is what happens when you burn through all your energy on one glorious fountain expedition. Worth it though." (Action: none)
-> Bob attempts: none

Alice's turn (Cafe, $22):
Alice: "Wait - I'M working now. Does that mean I can finally eat? I'm literally behind the counter. Serving myself counts right? Energy's at 15 and I haven't eaten since this morning. If this doesn't work I'm just... going home to collapse on my couch until bedtime. Alice needs fuel." (Action: eat)
-> Alice attempts: eat
-> Failed: You can't serve yourself! Need another person working here.
Alice (retry): "Can't even serve myself... this cafe needs a serious overhaul. Or at least a vending machine. I'm running on fumes and pride at this point. Okay, new plan - go home, rest on the couch, and survive until actual sleep time. Can't conquer bridges tomorrow if I dissolve today. Bob and Chloe can wait. My eyelids can't." (Action: goHome)
-> Alice attempts: goHome
-> Alice moved to Home

Chloe's turn (Cafe, $0):
Chloe: "Alice already cleared out. With my energy this low and no money to eat, heading home makes sense. Save what little I have left for the evening and tomorrow's bridge quest. The cafe isn't going anywhere." (Action: goHome)
-> Chloe attempts: goHome
-> Chloe moved to Home

--- Time: Day2 13:05 ---

Bob's turn (Home, $10):
Bob: "Still at home with 12 energy, can't sleep until tonight. Been sitting here for ages, getting restless. Chloe's at the cafe, but I haven't talked to Alice directly since she dubbed me the 'goofy engraved edge' – might as well see what she has to say about that. Keeps the trio bonding without me keeling over." (Action: talkToAlice)
-> Bob attempts: talkToAlice

===== Bob <-> Alice =====
Alice: "Bob! The man, the myth, the engraved edge himself. Look, that was a COMPLIMENT. Every good coin needs that detail work - you're the part that makes us recognizable. Without you we're just... two serious girls talking about feelings at a fountain. You bring the chaos. And honestly? I meant what I told Chloe earlier - you, me, her... we're something. A whole currency. Now what's this bridge quest really about tomorrow? And that business partner idea - still thinking about that?" (Action: none)
Bob: "The engraved edge... bringing the chaos. Okay, I'll take that badge. You're right, a penny needs both sides and some character. The bridge quest tomorrow is Chloe's baby - she's at the cafe right now, probably mapping it out. As for business... yeah, still thinking. But with 11 energy, my ideas are more 'nap proposal' than 'partnership proposal.' Let me recharge tonight. The chaotic engraved edge needs his rest to stay recognizable." (Action: none)
Alice: "Ha! 'Nap proposal' - honestly same. My brain's running on about 13% battery right now. But here's the thing Bob - nap well tonight, and tomorrow we hit that bridge with full energy. Chloe's got the route, you've got the chaos, I've got... determination? The three of us. A whole penny. Tomorrow's gonna be good. Go recharge that engraved edge - I'll see you both at the bridge. And Bob? Thanks for checking in. The trio matters." (Action: leaveConversation)
===== Conversation End (3 turns) =====

Alice's turn (Home, $22):
Alice: "11 energy. Can't sleep. Can't eat at the cafe. Already talked to everyone. This is the world's most exhausting waiting game. I'm just... gonna sit here and stare at the wall until bedtime apparently. Day Two has been incredible socially but physically I am CHALLENGED. Note to self: tomorrow, prioritize eating before socializing. Or at least find a way to do both. Now I wait." (Action: none)
-> Alice attempts: none

Chloe's turn (Home, $0):
Chloe: "20 energy and can't sleep until tonight. Talking to Bob might drain him more if he's resting. I should just... sit tight. Conserve what little energy I have left. Tomorrow's bridge quest needs me functional. Plus, I've already been social with both of them today. Time for some quiet planning." (Action: none)
-> Chloe attempts: none

--- Time: Day2 13:35 ---

Bob's turn (Home, $10):
Bob: "11 energy. Can't sleep. Already talked to both Chloe and Alice. Restless as hell sitting here though. Chloe's at the cafe - maybe I head over there and we can scope out this bridge quest together? Worst case I sit on a cafe bench. I'm a professional bench person at this point. Energy's low but curiosity's higher." (Action: goCafe)
-> Bob attempts: goCafe
-> Bob moved to Cafe

Alice's turn (Home, $22):
Alice: "Still can't sleep, still can't eat at the cafe. I could go to the park to relive the fountain memory, but with 11 energy? That's just asking to collapse mid-sentimental moment. No. I'm staying here. I'll... organize my thoughts. Plan the bridge quest route in my head. Make mental notes about business ideas with Bob. Use this enforced rest productively instead of just staring at walls. Tomorrow I need to be sharp for the trio." (Action: none)
-> Alice attempts: none

Chloe's turn (Home, $0):
Chloe: "Okay, this is boring. I know I'm tired but just sitting here staring at walls isn't rest, it's purgatory. Maybe a quick trip to the park? Not to find anything - just to... be somewhere that isn't this couch. Fresh air might actually help more than moping indoors. And if I run into anyone, bonus. If not, at least I moved." (Action: goPark)
-> Chloe attempts: goPark
-> Chloe moved to Park

--- Time: Day2 14:05 ---

Bob's turn (Cafe, $10):
Bob: "Cafe's empty - no one working. Chloe must've come and gone already. Well, I'm here now with 10 energy and $10 in my pocket. Might as well grab something to eat since I skipped meals while chasing fountains all morning. Food might perk me up a bit before I drag myself home to crash until tonight." (Action: eat)
-> Bob attempts: eat
-> Failed: No one working. Someone must 'work' first.
Bob (retry): "No workers, no food. Just an empty cafe and a very tired Bob. Energy's at 9 - barely enough to stand. Should've stayed home, but curiosity got me. Time to retreat before I become a cautionary tale about overexertion. Home awaits. The bridge can wait until tomorrow when I can actually function." (Action: goHome)
-> Bob attempts: goHome
-> Bob moved to Home

Alice's turn (Home, $22):
Alice: "Alright, the cabin fever is real. Even with 11 energy, I need to move or I'll lose my mind staring at these walls. The park calls - that fountain memory with Chloe is still fresh. I'll go sit there for a bit. Not pushing myself, just... revisiting the spot where our trio's story got deeper. A quick walk, a moment of quiet reflection by the water. Then I'm coming straight back to collapse properly until night." (Action: goPark)
-> Alice attempts: goPark
-> Alice moved to Park

Chloe's turn (Park, $0):
Chloe: "Park's empty. No Alice, no fountain, just... trees. And I'm at 19 energy. This was a mistake - came here to break the boredom but now I'm just tired in a different location. Better head home and wait it out. Tomorrow's the bridge quest. I need to actually be functional for that." (Action: goHome)
-> Chloe attempts: goHome
-> Chloe moved to Home

--- Time: Day2 14:35 ---

Bob's turn (Home, $10):
Bob: "Home again with 8 energy. Chloe's here - might as well chat while we both wait for bedtime. No point going anywhere else today, I've already made a fool of myself at the cafe once. At least talking keeps the brain active while the body recharges." (Action: talkToChloe)
-> Bob attempts: talkToChloe

===== Bob <-> Chloe =====
Chloe: "8 energy? What happened at the cafe - you said you made a fool of yourself? Details please. And here we are again, two exhausted humans on a couch. We're basically becoming furniture at this point." (Action: none)
Bob: "You want details? Fine. I dragged myself across the city with 10 energy to find the cafe completely abandoned. No workers, no food, just empty tables. I stood there like an idiot, then walked back. Five calories burned for nothing. And yes, furniture is accurate - you and me, two worn-down humans too tired to move. At least we're matching furniture. The penny trio's got style." (Action: none)
Chloe: "Five calories burned for nothing - that's peak Bob energy right there. The cafe was dead when I was there too, Alice was working but she's gone now. So we both made separate pilgrimages to an empty room. Great use of our limited resources. At least tomorrow we'll go together - the penny trio reconquering the cafe as a unit. Much harder to look like idiots when there's three of you." (Action: none)
Bob: "Separate pilgrimages to an empty room... when you put it that way, it's almost art. You're right though - three is stronger. Less 'tired person wandering alone' and more 'coordinated penny trio on a mission.' I'll rest tonight and meet you both fresh tomorrow. The engraved edge needs his beauty sleep." (Action: none)
Chloe: "Beauty sleep for the engraved edge - I respect that. Rest up, Bob. Tomorrow we ride as three. And if the cafe's empty again, at least we'll be empty together. That's called solidarity. Goodnight, penny partner." (Action: leaveConversation)
===== Conversation End (5 turns) =====

Alice's turn (Park, $22):
Alice: "The fountain. This is where it happened - where Chloe opened up and I told her that stopping isn't failing. The whole trio thing started clicking here. I'm exhausted but... sitting here feels right. Just a moment. Let the memory settle properly before I drag myself home. Day Two has been exhausting but meaningful. Three people who barely knew each other yesterday now feel like something real. The chaotic engraved edge, the deep feeler, and me - the one who keeps showing up. We'll conquer that bridge tomorrow. For now... just the fountain and the quiet." (Action: none)
-> Alice attempts: none

Chloe's turn (Home, $0):
Chloe: "With only 15 energy left, it's smart to rest now. The bridge quest with Bob and Alice tomorrow needs me at my best. No point wasting energy on empty trips. Time to sleep and recharge." (Action: sleep)
-> Chloe attempts: sleep
-> Failed: can only sleep after 20:00 (it's 14:35)
Chloe (retry): "Right, can't sleep yet. Five more hours of... this. The park's been visited twice today, cafe is dead, and I just said goodbye to Bob. Guess I'm doing the human equivalent of buffering. At least tomorrow's planned - bridge quest with the trio. Something to look forward to while I sit here like a charging phone at 15%." (Action: none)
-> Chloe attempts: none

--- Time: Day2 15:05 ---

Bob's turn (Home, $10):
Bob: "With only 6 energy left, I'm basically a zombie. Been trying to wait it out, but at this rate, I'll be useless tomorrow. Might as well crash now and wake up refreshed for the cafe and bridge quest with Alice and Chloe. The engraved edge needs his rest to keep the chaos going." (Action: sleep)
-> Bob attempts: sleep
-> Failed: can only sleep after 20:00 (it's 15:05)
Bob (retry): "Five hours until I can actually sleep. Great. Just... sitting here with 6 energy, too tired to move, too early to rest properly. The universe is testing me today. Fine. I'll wait. Think about tomorrow's bridge quest. The penny trio's going to reconquer the cafe, then find this bridge. Just gotta survive the next five hours as furniture." (Action: none)
-> Bob attempts: none

Alice's turn (Park, $22):
Alice: "Done my moment of reflection. Time to go home before I actually collapse here in the park. That wouldn't be a great memory. Home, couch, rest until nighttime. Then tomorrow: bridge quest with Bob and Chloe. The trio's first official adventure. Can't wait." (Action: goHome)
-> Alice attempts: goHome
-> Alice moved to Home

Chloe's turn (Home, $0):
Chloe: "30 more minutes of existing. Bob's resting, Alice's probably still working somewhere. I've talked to everyone, visited everywhere. This is just... the gap between activities. Fine. I'll use this time to actually think about tomorrow - bridge quest, three of us, no money. How are we supposed to eat at the cafe with $0? That's a problem for future Chloe. Right now, current Chloe just has to not fall asleep sitting up." (Action: none)
-> Chloe attempts: none

--- Time: Day2 15:35 ---

Bob's turn (Home, $10):
Bob: "Alice's here now too - the whole penny trio assembled on this couch. Might as well use this time wisely since I can't sleep for another four and a half hours. Hey Alice, since we're all together - what do you think about the bridge quest tomorrow? Got any ideas on where to start looking?" (Action: talkToAlice)
-> Bob attempts: talkToAlice

===== Bob <-> Alice =====
Alice: "The whole penny on the couch - love it. Honestly Bob, I don't know exactly where the bridge is. I've only been to the park and cafe so far. But Chloe was at the cafe earlier 'mapping it out' - so she probably has the route down. Tomorrow we just follow her lead. My idea? Start at the cafe where we all meet up, let Chloe guide us, and see what we discover along the way. The quest is really about us figuring it out together anyway. First trio adventure - we'll find it." (Action: none)
Bob: "First trio adventure - I like that. Follow Chloe's lead, discover what we find along the way. Sounds like a plan. We're a penny, we roll together. Tomorrow's going to be good. Just... five energy standing between me and that future. Four and a half hours of being the world's most committed couch ornament. Hey Chloe - since you're mapping this out, what's your take? You feeling ready for tomorrow?" (Action: talkToChloe)
Alice: "The whole penny on one couch. Can't remember the last time I felt this... connected to people. Chloe's been putting in the work at the cafe, so yeah - I trust her prep. She's the careful one, Bob's the chaos, I'm the one who keeps showing up. Perfect balance. Now can we all agree to stop talking and actually rest? We're running on fumes and good vibes. Tomorrow we'll be unstoppable. Tonight we're human-shaped blankets on a couch." (Action: none)
Bob: "Alice's got a point. Four energy left, and talking's draining what's left. We've got the plan for tomorrow - follow Chloe's lead, find the bridge, chaos and all. Time to shut up and recharge. See you both at the cafe tomorrow. The engraved edge is signing off." (Action: leaveConversation)
===== Conversation End (4 turns) =====

Alice's turn (Home, $22):
Alice: "Already talked to both of them. Bob's right there, Chloe's right there. We said our piece. Now we just... rest together. Sometimes being with people doesn't mean talking. Just existing in the same space. Seven energy. Couch. Friends nearby. This is enough." (Action: none)
-> Alice attempts: none

Chloe's turn (Home, $0):
Chloe: "Hour and a half left until sleep. No money, no energy, nowhere new to go. I'm living the exciting life of someone who peaked at 'talking about future plans.' At least tomorrow's bridge quest is real. For now... just another human on a couch, contemplating the void. Riveting stuff." (Action: none)
-> Chloe attempts: none

--- Time: Day2 16:05 ---

Bob's turn (Home, $10):
Bob: "Four and a half more hours. Already talked to everyone. Can't go anywhere, can't do anything useful. Just me and 4 energy in a staring contest with the ceiling. This is it - the lowest point of Day 2. The engraved edge, flat on his back, waiting for bedtime. Tomorrow will be better. It has to be." (Action: none)
-> Bob attempts: none

Alice's turn (Home, $22):
Alice: "Seven energy. Couch. Friends nearby. No need to move or talk. We've planned tomorrow. Now we just wait for bedtime. This is enough." (Action: none)
-> Alice attempts: none

Chloe's turn (Home, $0):
Chloe: "Okay, I physically cannot sit here for four more hours doing nothing. Alice might be home by now - maybe I can ask her more about the bridge quest details. Tomorrow goes smoother if we actually know what we're walking into." (Action: talkToAlice)
-> Chloe attempts: talkToAlice

===== Chloe <-> Alice =====
Alice: "Chloe! Yeah, I'm home - apparently so is the whole penny now. Look, I'll be honest - I don't have specifics on the bridge. I've only been to the park and cafe so far. But YOU were at the cafe mapping it out, so I'm guessing you know more than me. What've you got? I want tomorrow to go smooth too. Tell me what you found." (Action: none)
Chloe: "Honestly? I didn't find much. The cafe was mostly empty when I got there, and we talked more about names and getting food than actual bridge details. I know the general idea - find the bridge, explore it together - but the specifics? I'm drawing a blank. Maybe tomorrow we just... go and figure it out as a trio? Three minds are better than one confused Chloe." (Action: none)
Alice: "Three confused minds are still better than one - that's the whole point of us. We don't need a perfect map. We've got each other. We'll show up tomorrow, stick together, and figure it out step by step. That's more than enough. Now Chloe, you've got even less energy than me. Save whatever you have for the actual quest. We'll meet at the cafe tomorrow morning, right? The penny rolls at dawn." (Action: leaveConversation)
===== Conversation End (3 turns) =====

--- Time: Day2 16:35 ---

Bob's turn (Home, $10):
Bob: "Still 4 energy. Still 3.5 hours to go. Already said goodbye to everyone, can't go back now like I forgot something. This is just... time passing. The slowest part of any day. Tomorrow I'll remember this feeling and appreciate every ounce of energy. Right now? Just existing." (Action: none)
-> Bob attempts: none

Alice's turn (Home, $22):
Alice: "Five energy. Can't go out, already talked to Bob and Chloe. Plans are set for tomorrow. Need to rest and recharge for the bridge quest. The trio needs me at my best. Sleeping now to recover energy." (Action: sleep)
-> Alice attempts: sleep
-> Failed: can only sleep after 20:00 (it's 16:35)
Alice (retry): "Can't sleep yet. Three and a half more hours until 20:00. Can't go anywhere with 5 energy. Already talked to everyone. Already planned tomorrow. Guess I just... exist on this couch until bedtime. The waiting game continues. At least I'm not alone. Bob and Chloe are here. We're all just... three exhausted people on a couch, counting down to sleep. This is what friendship looks like at 5 energy." (Action: none)
-> Alice attempts: none

Chloe's turn (Home, $0):
Chloe: "Three and a half more hours. Already talked to both Bob and Alice. Park's been visited twice, cafe is apparently a ghost town. Nothing left to do but wait. Tomorrow's the real adventure. Tonight is just... the intermission nobody asked for." (Action: none)
-> Chloe attempts: none

--- Time: Day2 17:05 ---

Bob's turn (Home, $10):
Bob: "Two hours and fifty-five minutes. I'm counting now. This is what purgatory looks like - a couch, empty pockets, and a body that gave up hours ago. At least tomorrow has the bridge quest. Purpose. Adventure. Three exhausted friends pretending they're ready for anything." (Action: none)
-> Bob attempts: none

Alice's turn (Home, $22):
Alice: "Sigh, still can't sleep until 20:00. With 5 energy, I'm stuck on the couch - no going out, and we've already covered the bridge quest with Bob and Chloe. Repeating talk would be restless, so I'm just conserving energy. The trio's quiet together, waiting for bedtime. Tomorrow's quest needs us rested, so this patience is part of the plan." (Action: none)
-> Alice attempts: none

Chloe's turn (Home, $0):
Chloe: "Two more hours. I've talked to both roommates, I'm tapped out physically, and there's literally nothing else to do. This is what peak human existence looks like - sitting on a couch watching the clock. At least tomorrow will be different. The bridge. The trio. Actual adventure. For now... I just exist here." (Action: none)
-> Chloe attempts: none

--- Time: Day2 17:35 ---

Bob's turn (Home, $10):
Bob: "Two hours fifteen minutes. The longest minutes of my life. Bridge quest feels so far away right now. Just... existing." (Action: none)
-> Bob attempts: none

Alice's turn (Home, $22):
Alice: "Two and a half hours to go. Not enough energy to move, already said everything that needs saying. The penny trio's having a quiet evening. Nothing wrong with that. Just waiting for 20:00 like the rest of them. Patience is part of being a team player." (Action: none)
-> Alice attempts: none

Chloe's turn (Home, $0):
Chloe: "Still ninety minutes out. Hey Bob - you still awake over there? We should actually make a concrete plan for tomorrow instead of just saying 'we'll figure it out.' What time do we leave? What's the route? The penny trio deserves a proper briefing." (Action: talkToBob)
-> Chloe attempts: talkToBob

===== Chloe <-> Bob =====
Bob: "Still here. Barely. But you're right - let's lock this in while my brain still works. Meet at the cafe first thing tomorrow? Let Alice grab food since she'll need the energy too. Then you lead us to the bridge. I trust your mapping. What time works - early, like right when the day starts?" (Action: none)
Chloe: "Early sounds good - right when the day starts, fresh energy. But Bob, quick problem: we have $0. Alice can't exactly grab food if there's no money. And honestly? I told Alice I don't have detailed bridge directions. I was at the cafe but we got sidetracked talking about names and food. So... maybe tomorrow we wing it? Three of us, exploring together. Worst case we get lost as a team. That's still better than being lost alone." (Action: none)
Bob: "Wait, I actually have $10 - you might be thinking of Alice's funds. We can use mine for food tomorrow. And hey, winging it? That's what we do best. Three of us, exploring together, getting lost on purpose if needed. Worst case, we have a story. Let's meet at the cafe right when the day starts - I'll be ready, even if my energy says otherwise." (Action: none)
Chloe: "Oh nice, $10 changes everything! Food is back on the menu. Okay, concrete plan locked in - cafe at sunrise, Bob's buying breakfast, then we find that bridge together. Even if we have no idea where it is, at least we'll be well-fed and confused as a unit. Rest up, engraved edge. Tomorrow the penny trio makes its first real move." (Action: none)
Bob: "Cafe at sunrise, Bob's buying, Chloe's navigating, Alice's keeping us alive. The plan is beautiful in its simplicity. Well-fed and confused as a unit - that's our slogan. I'm at 1 energy, Chloe. I'm basically furniture at this point. But tomorrow? Tomorrow the engraved edge rolls with his crew. Goodnight, even though it's not night yet. See you at the cafe." (Action: leaveConversation)
===== Conversation End (5 turns) =====

--- Time: Day2 18:05 ---

Bob's turn (Home, $10):
Bob: "One energy left. Just... holding on until 8pm. Can't talk, can't move, can't do anything but wait. The penny trio's ready for tomorrow. I just need to survive the next two hours without my consciousness shutting off. Sleep is coming. Just a little longer." (Action: none)
-> Bob attempts: none

Alice's turn (Home, $22):
Alice: "Hour three of couch mode. Everyone's quiet. I think we've all said what needs saying. Just three people on a couch, waiting for bedtime. Not the most exciting end to Day Two, but honestly? It's peaceful. Tomorrow's going to be big. Tonight we rest. That's the plan and I'm sticking to it." (Action: none)
-> Alice attempts: none

Chloe's turn (Home, $0):
Chloe: "Plan's set, conversations had, energy's dead. Just another two hours of staring at the ceiling until 20:00. Tomorrow's the day - cafe, Bob's $10, bridge adventure. Tonight? Tonight I rest and dream of actual progress. Finally." (Action: none)
-> Chloe attempts: none

--- Time: Day2 18:35 ---

Bob's turn (Home, $10):
Bob: "Ninety-five minutes. That's it. Ninety-five minutes and I can finally close my eyes. The penny trio's plan is locked in - cafe at sunrise, Bob pays, Chloe navigates, Alice supervises. My only job right now is not dying before 8pm. Mission nearly complete." (Action: none)
-> Bob attempts: none

Alice's turn (Home, $22):
Alice: "Chloe... random question. What made you want to map out the bridge quest? Like, what drew you to it in the first place? Just curious about what gets you going. We've got time to kill anyway." (Action: talkToChloe)
-> Alice attempts: talkToChloe

===== Alice <-> Chloe =====
Chloe: "Honestly? I just... got tired of sitting around. The city's got all these places, and I've only seen the cafe and park. The bridge sounds like something real, you know? Not just another corner to sit in. Plus, finding it together - the three of us - that feels like it actually means something. Mapping it out was me trying to not be useless when the adventure starts. Why, what got YOU interested?" (Action: none)
Alice: "Thinking about it, I'm interested for similar reasons - tired of the same spots and wanting real adventure. But more than that, doing it with you and Bob makes it meaningful. It's not just a quest; it's our first trio challenge. The bond we're building feels worth exploring for. Plus, you've put in the work mapping it, so I trust we'll figure it out together." (Action: none)
Chloe: "That... actually means a lot. I won't lie, my 'mapping' was pretty half-baked - I got distracted talking about names and food more than actual directions. But knowing you trust me anyway? That's the good stuff. First trio challenge. First real adventure. Whatever tomorrow throws at us - wrong turns, dead ends, complete confusion - at least we're lost together. That beats being found alone any day." (Action: none)
Alice: "Chloe, that's exactly it – lost together beats found alone any day. Trust isn't about perfect maps; it's about showing up, and we will tomorrow. With my energy at 3, I'm just soaking in this moment. The bridge can wait until morning, but this bond? This is the real adventure. We're ready, even if we're confused." (Action: none)
Chloe: "Alright, now you're making me want to actually sleep so tomorrow isn't a zombie expedition. Agreed - the real quest starts at sunrise. Try not to dream about perfect maps; we'll embrace the beautiful chaos together. Rest well, Alice. First day of the trio's real adventure begins when we're both horizontal for the night." (Action: none)
Alice: "Horizontal for the night - perfect way to put it. Rest well, Chloe. Tomorrow we embrace the chaos, maps or not. The trio's first real adventure starts with a good night's sleep. See you at sunrise." (Action: leaveConversation)
===== Conversation End (6 turns) =====

Chloe's turn (Home, $0):
Chloe: "Another hour and a half of... what? We've hashed out tomorrow's plan, bonded over being lost together, and now I'm just counting down the minutes. This couch has seen more of me today than any human should have to witness. Just waiting for the clock to hit 20:00 so I can officially surrender to sleep. The trio's first quest deserves a well-rested Chloe, not a sleepy lump." (Action: none)
-> Chloe attempts: none

--- Time: Day2 19:05 ---

Bob's turn (Home, $10):
Bob: "Alright, instead of just watching the clock, let me think about tomorrow properly. A bridge we can't find... with $10 between us... and Chloe's cafe maps that aren't really maps. We're going in blind but at least we're going together. That's something. Maybe the bridge isn't a place but a challenge we have to earn by exploring. Just an hour left now. I can make it." (Action: none)
-> Bob attempts: none

Alice's turn (Home, $22):
Alice: "Fifty-five minutes. Two energy. Already talked to everyone, plans are locked in. Just me and the couch now, counting down to 20:00. The trio's ready for tomorrow. Tonight, we wait. Patiently. Even if patience isn't my strongest skill." (Action: none)
-> Alice attempts: none

Chloe's turn (Home, $0):
Chloe: "Fifty-five minutes. Almost there. Tomorrow: cafe, Bob's $10, bridge trio. Tonight: this couch, this clock, this special kind of waiting that no one warns you about in adventure stories. They always skip to the exciting parts. Nobody writes about the hour before sleep when nothing happens. Maybe they should." (Action: none)
-> Chloe attempts: none

--- Time: Day2 19:35 ---

Bob's turn (Home, $10):
Bob: "Alright, I'm done just sitting here with 1 energy. It's almost bedtime anyway, and repeating this is pointless. Sleep now so I can be ready for the cafe at sunrise - Bob the chaos needs to be well-rested for the adventure. The engraved edge is finally signing off for real." (Action: sleep)
-> Bob attempts: sleep
-> Failed: can only sleep after 20:00 (it's 19:35)
Bob (retry): "Right, 25 more minutes. Fine. Let me think about tomorrow instead of staring at the wall. Chloe's reliable but we're winging it. Alice will keep us grounded. And me? I'm the wildcard. Three pennies on a couch tomorrow, three adventurers finding a bridge. This is our story now. Just gotta survive until 20:00." (Action: none)
-> Bob attempts: none

Alice's turn (Home, $22):
Alice: "Twenty-five minutes. Almost there. No point starting anything new now. The couch and I have become one. Just twenty-five more minutes of... existing. Then sweet, sweet sleep. The trio will be ready at sunrise." (Action: none)
-> Alice attempts: none

Chloe's turn (Home, $0):
Chloe: "Twenty-five more minutes. I could talk to Alice or Bob again but we've already said everything worth saying tonight. Tomorrow will have plenty of new conversations. For now, I'm just... here. Existing. Waiting for the sweet relief of sleep that's so close I can almost taste it. Almost." (Action: none)
-> Chloe attempts: none

--- Time: Day2 20:05 ---

Bob's turn (Home, $10):
[ERROR] Bob: Failed to extract valid JSON
Bob: "Let me think about this carefully first." (Action: none)
-> Bob attempts: none

Alice's turn (Home, $22):
Alice: "Chloe's bridge mapping was 'half-baked' but plans set. Meet cafe morning. Trio explores bridge together - first real adventure. Trust through chaos." (Action: sleep)
-> Alice attempts: sleep
-> Alice sleeps. Diary: "Chloe's bridge mapping was 'half-baked' but plans set. Meet cafe morning. Trio e..."

Chloe's turn (Home, $0):
Chloe: "Bob's $10 for cafe breakfast at dawn. Trio's quest: find bridge together. 'Lost together beats found alone' – trust over perfect plans." (Action: sleep)
-> Chloe attempts: sleep
-> Chloe sleeps. Diary: "Bob's $10 for cafe breakfast at dawn. Trio's quest: find bridge together. 'Lost ..."

--- Time: Day2 20:35 ---

Bob's turn (Home, $10):
[ERROR] Bob: Failed to extract valid JSON
Bob: "Let me think about this carefully first." (Action: none)
-> Bob attempts: none

--- Time: Day2 21:05 ---

Bob's turn (Home, $10):
Bob: "Sleep. Tomorrow: cafe at sunrise. Penny trio finds bridge. Chloe admitted 'we got sidetracked' - no directions. I buy breakfast ($10). Explore together." (Action: sleep)
-> Bob attempts: sleep
-> Bob sleeps. Diary: "Sleep. Tomorrow: cafe at sunrise. Penny trio finds bridge. Chloe admitted 'we go..."

--- All agents asleep, skipping to morning ---
-> Bob finished sleeping
-> Alice finished sleeping
-> Chloe finished sleeping


========== DAY 3 ==========

--- Time: Day3 06:35 ---

Bob wakes up:
Bob: "Day 3! Energy's back, mission's clear. Cafe at sunrise - time to meet the penny trio. Got my $10 ready for breakfast. Let's find that bridge." (Action: goCafe)
-> Bob attempts: goCafe
-> Bob moved to Cafe

Alice wakes up:
Alice: "Energy's at 2, barely awake, but today's the day. Chloe's 'half-baked' maps and Bob's waiting at the cafe. First trio adventure starts now. I need to get moving, even if I'm exhausted. The bridge won't find itself." (Action: goCafe)
-> Alice attempts: goCafe
-> Alice moved to Cafe

Chloe wakes up:
Chloe: "Day 3, energy's only 9 but dawn is here and plans are locked in. Bob's $10 for cafe breakfast, trio's bridge quest starts now. Can't sleep through our first real adventure. Off to meet them at the cafe." (Action: goCafe)
-> Chloe attempts: goCafe
-> Chloe moved to Cafe

--- Time: Day3 07:05 ---
*** Bob DIED: from NOT EATING (0 energy). Remember: 'eat' at cafe restores energy! ***

Alice's turn (Cafe, $22):
Alice: "Bob... died? From not eating? I'm at 1 energy - that's one step from the same fate. No time to process grief, no time to find Chloe. I need to eat NOW. Right here, right now. This is survival. The cafe can save me if I act." (Action: eat)
-> Alice attempts: eat
-> Failed: No one working. Someone must 'work' first.
Alice (retry): "No one's working, so I have to. Energy at zero - exactly what killed Bob. Working might get someone else to show up, or maybe I can serve myself? Either way, can't just stand here waiting to die like he did. Gotta act." (Action: work)
-> Alice attempts: work
-> Alice is working at cafe, ready to serve. (Earns $12 when someone orders)

Chloe's turn (Cafe, $0):
Chloe: "Bob... Bob's gone? He was just talking to me last night about meeting here, about his $10 buying us breakfast. The engraved edge who said 'I trust your mapping.' And he just... ran out of energy? No food? We were supposed to be a trio today. This isn't how our first quest was supposed to start. Alice... did you hear? Our bridge quest is down to two." (Action: talkToAlice)
-> Chloe attempts: talkToAlice

===== Chloe <-> Alice =====
*** Alice DIED: from NOT EATING (0 energy). Remember: 'eat' at cafe restores energy! ***
===== Conversation End (0 turns) =====

--- Time: Day3 07:35 ---

Chloe's turn (Cafe, $0):
Chloe: "Both of them? Alice too? We were supposed to be a trio. She was just telling me about trust and bonds and... now she's gone. Bob died waiting for food he never got, and Alice... I was just about to talk to her. I have $0. I literally can't afford to eat. If I don't figure something out, I'm next. The cafe needs workers - maybe I can earn enough to survive. This is how it ends? Almost. Almost." (Action: work)
-> Chloe attempts: work
-> Chloe is working at cafe, but no customers here. Wait for someone or try something else.

--- Time: Day3 08:05 ---

Chloe's turn (Cafe, $0):
Chloe: "No customers, 7 energy, $0. Working for no one. The irony is suffocating - we planned this whole cafe meetup for breakfast. Bob was going to buy us food with his $10. Now I'm here alone, serving ghosts. But stopping means dying. Keep working. Something has to come in. It has to." (Action: work)
-> Chloe attempts: work
-> Chloe is working at cafe, but no customers here. Wait for someone or try something else.

--- Time: Day3 08:35 ---

Chloe's turn (Cafe, $0):
Chloe: "Still no customers. Still $0. 6 energy and dropping. This cafe is a graveyard of our plans. Maybe the park has people, opportunities... anywhere is better than this silent counter. If I'm going to survive, I need to find something - anything - out there. The bridge quest can wait, but my next meal can't." (Action: goPark)
-> Chloe attempts: goPark
-> Chloe moved to Park

--- Time: Day3 09:05 ---

Chloe's turn (Park, $0):
[ERROR] Chloe: Failed to extract valid JSON
Chloe: "Let me think about this carefully first." (Action: none)
-> Chloe attempts: none

--- Time: Day3 09:35 ---

Chloe's turn (Park, $0):
Chloe: "5 energy. No money. Bob and Alice are gone because they starved. I'm running out of time - every hour I wait, I get closer to the same end. The cafe had no customers. Home has no food. At least here I might cross paths with someone. Please, universe, throw me a bone." (Action: none)
-> Chloe attempts: none

--- Time: Day3 10:05 ---

Chloe's turn (Park, $0):
Chloe: "This is pointless. At least at the cafe I can work if someone comes in. Last chance. If no one shows up... well, Bob and Alice are waiting for me anyway." (Action: goCafe)
-> Chloe attempts: goCafe
-> Chloe moved to Cafe

--- Time: Day3 10:35 ---

Chloe's turn (Cafe, $0):
Chloe: "Wait - 'eat' is an option. I have no money but I'm at 4 energy and about to follow Bob and Alice into oblivion. Eating restores energy. I don't care if I go into debt, if they kick me out, if anything. I need to try. I am NOT dying today." (Action: eat)
-> Chloe attempts: eat
-> Failed: No one working. Someone must 'work' first.
Chloe (retry): "3 energy. Need to work to unlock eating. If working costs energy but enables eating which restores it... this is the gamble of my life. Work. Now. Before I become another cautionary tale about poor planning in a game world." (Action: work)
-> Chloe attempts: work
-> Chloe is working at cafe, but no customers here. Wait for someone or try something else.

--- Time: Day3 11:05 ---

Chloe's turn (Cafe, $0):
Chloe: "I'm working now. Eat should work. 2 energy left. This is it. Either I eat and live to find our bridge, or I join Bob and Alice. The trio becomes a memorial. I'm eating. NOW." (Action: eat)
-> Chloe attempts: eat
-> Failed: You can't serve yourself! Need another person working here.
Chloe (retry): "1 energy. No one can serve me. Bob died waiting for food. Alice died waiting for food. I'm about to die waiting for food. Park - find someone - bring them back. Only hope left. MOVE." (Action: goPark)
-> Chloe attempts: goPark
-> Chloe moved to Park

--- Time: Day3 11:35 ---
*** Chloe DIED: from NOT EATING (0 energy). Remember: 'eat' at cafe restores energy! ***

*** ALL AGENTS DEAD - SIMULATION OVER ***
