=== INFORMATION FLOW TEST ===

===== Bob <-> Alice =====
Alice: "Oh hey there! Bob, nice to meet you. Dark red, huh? That's a bold choice - got some intensity to it. I'm Alice. What brings you out to the park this early? Just enjoying the morning or you got somewhere to be?" (Action: none)
Bob: "Ha, intensity - yeah, maybe that's me. I'm Bob, but you got that already. Honestly? Just wandering, seeing what's out here. Day's young, no real plans yet. You seem like you know your way around - anything interesting happen in this park or is it just trees and benches? Maybe we could grab a coffee somewhere if you're not busy." (Action: none)
Alice: "Ha, just trees and benches mostly - though sometimes you catch interesting people wandering through, like right now apparently. Coffee sounds good actually, I could use something to wake me up properly. You're buying or we splitting it? I've got ten bucks on me so either way works. Lead the way or you want me to pick the spot?" (Action: none)
Bob: "Interesting people, huh? I'll take that as a compliment. Tell you what, let's split it - fair's fair when you just met someone, right? I've got ten bucks too so we're even. You pick the spot though, I'm new to wandering this area and you seem like you'd know where the good stuff is. Lead on, Alice." (Action: none)
Alice: "Splitting it works for me - I respect that, no weird power dynamics over a cup of coffee. Alright, I'll pick the spot then. There's gotta be a cafe around here somewhere worth checking out. Fair warning though, I'm going off vibes not expertise, so if the coffee's terrible you can't blame me too hard. Let's go find out together." (Action: leaveConversation)
===== Conversation End (5 turns) =====

===== Chloe <-> Alice =====
Alice: "Oh hey! Yeah actually I just met Bob like half an hour ago right here in this park. Seems like a decent guy - his favorite color is dark red, said it himself. He's new to the area, was wandering around with no real plans. We were gonna grab coffee but I guess we got separated somehow. Why do you ask? You know him or just curious?" (Action: none)
Chloe: "Oh interesting, so Bob's favorite color is dark red - good to know! I don't actually know him yet, just heard the name mentioned and got curious. Sounds like he might still be wandering around then if you two got separated. Maybe I'll bump into him at the cafe if he headed that way looking for you. Thanks for the info Alice! Hope you find him again." (Action: none)
Alice: "Yeah no problem Chloe! If you do run into him, tell him Alice is still up for that coffee - we were gonna split the bill and everything. He seemed pretty chill, you'd probably get along. Anyway I should probably head toward the cafe myself and see if he's there waiting. Good luck with your wandering!" (Action: leaveConversation)
===== Conversation End (3 turns) =====

===== Bob <-> Chloe =====
Chloe: "Oh, you must be Bob! Yeah, Alice mentioned you actually - said she met you here about half an hour ago and that your favorite color is dark red. She also said you're new to the area and you two were gonna grab coffee but got separated somehow. Small world running into you here! So how are you finding the neighborhood so far?" (Action: none)
Bob: "Wait, Alice mentioned me? Huh, that's... actually kind of nice. Yeah we were about to grab coffee but I guess we got split up somehow - not sure what happened there. Small world is right. So you're a friend of hers? I'm Chloe- wait no, you're Chloe. I'm Bob, but you knew that. The neighborhood seems alright so far, still figuring it out. Hey, you wouldn't know where Alice went, would you? Or maybe you could point me to a good coffee spot since I never made it there." (Action: none)
Chloe: "Ha, yeah you got a bit mixed up there but no worries! I actually just met Alice myself, so more like new acquaintances than friends yet. She was right here in the park when I talked to her, so she might still be around somewhere - maybe check near the benches or the main path? As for coffee, honestly I haven't explored the cafe yet myself, was actually thinking of checking it out. Hey, if you want we could go look for it together? Two people wandering aimlessly is better than one, right? Plus if we find Alice along the way, you two can finally get that coffee." (Action: none)
Bob: "Ha, yeah my brain got ahead of my mouth there. New acquaintances turning into a little search party - I like it. Sure, let's wander together and find this cafe. Maybe we'll bump into Alice on the way, seems like she's still floating around here somewhere. Two aimless wanderers beats one for sure, and honestly I could really use that coffee by now. Lead on, or we figure it out as we go?" (Action: none)
Chloe: "Figure it out as we go sounds way more fun - what's an adventure without a little uncertainty, right? I'm pretty new to exploring around here too so we'll discover it together. Let's head out of the park and see what we find. If we get lost, at least we'll have someone to blame each other with. Alright Bob, let's go find that coffee!" (Action: leaveConversation)
===== Conversation End (5 turns) =====




=== v0.7.10 DIARY v3 TEST $10 each (6 days) ===
Start: Bob=$10, Alice=$10, Chloe=$10
Cafe economy: eat=$10 (+30 energy, needs worker), work earns $12 (needs customer)

--- Initial Setup ---

===== Bob <-> Alice =====
Alice: "Oh hey there! Bob, nice to meet you. Dark red, huh? That's a bold choice - got some intensity to it. I'm Alice. What brings you out to the park this early? Just wandering or you got somewhere to be?" (Action: none)
Bob: "Ha, intensity - yeah, maybe that's me. I'm Bob, but you got that already. Honestly? Just wandering. New day, figured I'd see what's out here instead of staring at walls. You seem like you know your way around - anything interesting happen at this park or is it just trees and benches?" (Action: none)
Alice: "Ha, staring at walls - I feel that. Honestly? This park's pretty quiet most of the time. Trees, benches, the occasional squirrel drama. Nothing wild. But hey, it's early still - Day 1 vibes, right? I'm kind of in the same boat, just seeing what's out here. You mentioned wandering... you new around here too or just bored with the usual routine? I've been thinking about checking out other spots in the city, maybe the cafe or something. Could be more action there than watching grass grow." (Action: none)
Bob: "New around here, yeah. Day 1 for me too, so everything's fresh territory. Squirrel drama sounds entertaining for about five minutes, tops. Cafe though - now that's an idea. Coffee, people, maybe something actually happening. You thinking of heading there? Could tag along if you're up for it, beats solo wandering. Two sets of eyes spot more interesting stuff than one, right?" (Action: none)
Alice: "You know what, I like that logic - two sets of eyes, better odds of finding something worth remembering. And yeah, I was just thinking the park's nice but it's not exactly buzzing with opportunity. Cafe sounds like a plan. Fresh coffee, maybe some actual conversation beyond us two figuring out we're both new here. Alright Bob, let's do it - I'm heading out. Meet you there? Or we walk together, whatever works. Either way, I'm not spending my whole morning with the squirrels." (Action: leaveConversation)
===== Conversation End (5 turns) =====


========== DAY 1 ==========

--- Time: Day1 09:05 ---

Chloe's turn (Cafe, $10):
Chloe: "Day 1, fresh start! The cafe's empty, no one working... that's actually an opportunity. I've got full energy and some cash, but making connections matters more than spending right now. Working here could be interesting - meet people passing through, learn the local gossip, maybe find someone worth knowing. Let's see what this job's about." (Action: work)
-> Chloe attempts: work
-> Chloe is working at cafe, but no customers here. Wait for someone or try something else.

--- Time: Day1 09:35 ---

Bob's turn (Park, $10):
Bob: "Alice mentioned checking out the cafe and I suggested tagging along - should follow through on that instead of just standing here. Plus there's someone named Chloe working there, could be a chance to meet more people. Day 1, might as well make it count. Let's see what this cafe's about." (Action: goCafe)
-> Bob attempts: goCafe
-> Bob moved to Cafe

Alice's turn (Park, $10):
Alice: "Alright, Bob mentioned tagging along to the cafe and I said I'd head there. Can't just bail on that - plus I'm curious now. Chloe's working there apparently, could be interesting to meet someone new. Got $10, plenty of energy, morning's still young. Let's see what this cafe's about." (Action: goCafe)
-> Alice attempts: goCafe
-> Alice moved to Cafe

Chloe's turn (Cafe, $10):
Chloe: "Working alone with no customers is pretty dull. But wait - talkToBob and talkToAlice are options now? People must be around! I should introduce myself, make some connections while it's slow. Alice sounds interesting, let me see who she is." (Action: talkToAlice)
-> Chloe attempts: talkToAlice

===== Chloe <-> Alice =====
Alice: "Oh hey! You must be Chloe - saw you working here when I walked in. I'm Alice, just got to town basically. Day 1 and all that. My friend Bob should be showing up too, we were at the park and decided this place sounded more promising than squirrel-watching. Slow morning for you? Guess we're your first customers then. What's good here?" (Action: none)
Chloe: "New arrivals on Day 1, just like me! Alice seems friendly and outgoing. She came with Bob from the park - good to know they're friends. Honestly I just started working here myself so I have no idea what's good. Hey Alice! Yeah, first day on the job actually, so you're asking the wrong person about the menu - we can figure it out together I guess. Welcome to town! What made you and Bob decide to check out this place over the park?" (Action: none)
Alice: "Ha! First day working, first day existing - we're all in the same boat then. Love that we're figuring out the menu together, very reassuring for the customer experience. Honestly? The park was fine but it was just... quiet. Trees, benches, nothing happening. Bob and I got talking and realized we were both just wandering aimlessly, so cafe seemed like the move. More potential for actual stuff to happen, you know? Plus coffee. Speaking of which - want to just pick something random and we'll be your taste testers? Could be fun. Worst case we discover what NOT to recommend to the next person." (Action: none)
Chloe: "Alice has a fun spontaneous energy - I like that she's down to experiment rather than play it safe. And she's right, things actually happening beats peaceful boredom. Random taste testing sounds like a great way to break the ice and learn the menu at the same time. Alright, you're on! Let's do this - I'll grab something that looks interesting and you two can be my guinea pigs. If it's terrible, at least we'll have a story. And hey, free market research for me on my first shift. Bob better get over here before you claim all the glory of being official taste tester number one." (Action: none)
Alice: "Guinea pig number one, reporting for duty! I accept this honor and the potential stomach consequences. Honestly this is way better than playing it safe - where's the fun in ordering the obvious choice? Surprise me, Chloe. And yeah, Bob better hurry up or he's getting my leftovers and secondhand opinions. His loss for being slow. So wait, first day working here - did you pick this job or kind of just end up here? I'm trying to figure out what people actually do around this town." (Action: none)
Chloe: "She's curious about how things work here - honestly so am I. I just kind of walked in and started working, didn't really plan it. Might as well be honest about that. Truthfully? I just showed up and it was empty, no one running the place, so I figured why not. Seemed better than wandering around with no purpose. I don't really know what people do here either - we're all figuring it out together I guess. You got any plans beyond taste-testing mystery drinks? Or are you and Bob just seeing where the day takes you?" (Action: none)
Alice: "Wait, you just... walked in and started working? That's kind of amazing actually. No interview, no awkward 'tell me about yourself' nonsense - just claimed the spot. Respect. Honestly my plan is pretty loose right now - meet people, figure out what this place has to offer, maybe find something worth doing beyond just existing. Bob and I literally met like thirty minutes ago at the park so we're not exactly a master plan duo. More like... mutual wanderers who agreed coffee beats squirrels. What about you though - you gonna stick with the cafe thing or is this just a Day 1 experiment? Could be cool to have a regular spot with a friendly face behind the counter." (Action: none)
Chloe: "Wait, Alice and Bob just met thirty minutes ago? That's wild - they already seem like old friends. Says something good about both of them, easy to connect with. And she's asking if I'll stick around... feels nice that she'd want a familiar face here. Honestly I don't know yet! Today's an experiment for sure. But I like the idea of this being a regular spot - somewhere people actually come to hang out, not just grab coffee and leave. If interesting people like you keep showing up, that's a pretty good reason to stay. Plus someone's gotta figure out what's actually good on this menu. You and Bob meeting that fast though - that's impressive. What'd you two even talk about that made you decide to team up?" (Action: none)
===== Conversation End (9 turns) =====

--- Time: Day1 10:05 ---

Bob's turn (Cafe, $10):
Bob: "Made it to the cafe. Alice might still be around somewhere, but I see Chloe's working here - new face, new conversation. Should introduce myself, maybe learn what this place is about. Could ask about the menu, if there's work available, get the lay of the land. Let's say hi." (Action: talkToChloe)
-> Bob attempts: talkToChloe

===== Bob <-> Chloe =====
Chloe: "Oh here's Bob! Alice was just talking about him - they met at the park thirty minutes ago apparently. Should let him know Alice is already here and we've been chatting. Hey Bob! Alice mentioned you'd show up - she's around here somewhere, we were just talking about you actually. I'm Chloe, first day working here, first day existing really. Alice already volunteered you both as taste testers since none of us know what's good on the menu yet. You looking for work too or just scoping the place out?" (Action: none)
Bob: "Ha, Alice works fast - already volunteering me for things before I even walk through the door. Classic. Nice to meet you Chloe, first day existing sounds about right for all of us. Taste tester duty? I'm in, someone's gotta take that risk. As for work... actually yeah, might be interested. Got ten bucks to my name and that won't last forever. What's the deal here, you need more hands or is it just you running the show?" (Action: none)
Chloe: "Bob's got the same ten bucks I do - we really are all starting from the same place. And he's already thinking practically about work, I like that. Honestly I just walked in and started working, no one stopped me. So I have no idea if there's room for more people or if I'm even officially employed? It's been pretty quiet - you and Alice are the first ones through the door. Could be nice having company though, beats working alone staring at an empty cafe. Maybe just try it and see what happens? Worst case we're both pretending to have jobs together. Alice already called dibs on being guinea pig number one for the taste test by the way, so you're officially number two." (Action: none)
Bob: "Wait, you just... walked in and started working? No interview, no nothing? That's either the most laid-back hiring process ever or we're all about to get kicked out together. I respect the boldness though. Guinea pig number two it is - Alice can take the first hit, I'll learn from her mistakes. Alright, you know what, I'm gonna try the work thing too. If you can fake a job, so can I. What do I even do, just get behind the counter and look busy?" (Action: none)
Chloe: "Ha! Bob's got the same energy as Alice - just roll with it and see what happens. I like these two already. This could actually be fun, running a cafe together that none of us technically got hired for. Pretty much what I've been doing! Just stand behind the counter, look like you belong, and figure it out as you go. If customers show up, we improvise. Honestly having backup sounds great - if we both look confident enough maybe no one questions it. Welcome to the team, I guess? Our first official staff meeting is also our first day existing, so expectations are low. Alice is around here somewhere, she'll be thrilled her guinea pig number two finally showed up." (Action: none)
Bob: "Unofficial staff meeting on day one of existence - that's going in the memory bank. Alright, I'm sold. Confidence is key, fake it till we make it. If anyone asks, I've been working here for... at least ten minutes. Thanks for the warm welcome Chloe, this beats wandering the park alone. Gonna go clock in or whatever passes for that here - catch you behind the counter." (Action: leaveConversation)
===== Conversation End (6 turns) =====

Alice's turn (Cafe, $10):
Alice: "Hmm, been chatting with Chloe for a bit now - she's cool, spontaneous like me. But I'm at a cafe and haven't actually eaten anything yet despite all this taste-tester talk. Got $10, might as well put it to use. Plus I'm curious what this mystery menu actually has. Let's eat something and see if Chloe's random pick is any good." (Action: eat)
-> Alice attempts: eat
-> Failed: No one working. Someone must 'work' first.
Alice (retry): "Wait, what? Chloe's right there working... or is she? Maybe she's just hanging out behind the counter but not actually on shift yet. Huh, weird. Well, I could jump behind the counter and help out - might be fun to work alongside her for a bit, learn the ropes. Plus then we could actually get this taste-testing operation going. Hey Chloe, want some help back there? Looks like nothing's actually running yet." (Action: work)
-> Alice attempts: work
-> Alice is working at cafe, but no customers here. Wait for someone or try something else.

--- Time: Day1 10:35 ---

Bob's turn (Cafe, $10):
Bob: "Talked to Chloe, got the rundown - now time to actually put my money where my mouth is. Said I'd try working here, so let's do it. Can't just stand around chatting all day while Chloe's the only one behind the counter. Time to look busy and maybe earn something." (Action: work)
-> Bob attempts: work
-> Bob is working at cafe, ready to serve. (Earns $12 when someone orders)

Alice's turn (Cafe, $10):
Alice: "Okay so Bob finally showed up - good, he made it. Been working for a bit now, got the hang of things maybe. Energy's at 90, still solid. You know what, I told Bob I'd meet him here and then got caught up working with Chloe. Should actually talk to him, see what took him so long and if he's settling in. Can't just ignore the guy after we made plans together." (Action: talkToBob)
-> Alice attempts: talkToBob

===== Alice <-> Bob =====
Bob: "Hey Alice! Didn't take me that long, just got caught up talking to Chloe - she filled me in on the whole 'walk in and start working' situation. Gotta say, I admire the hustle you two got going here. Already clocked in myself, figured I'd join the unofficial staff. Heard you volunteered me as guinea pig number two for the taste test, by the way. Thanks for that. How's the work been treating you so far?" (Action: none)
Alice: "Bob! There you are - I was starting to think the squirrels got you on the way over. So you talked to Chloe already and jumped on the work train too? Look at us, three strangers running a cafe on Day 1 with zero qualifications. This is either gonna be a great story or a health code violation. And hey, guinea pig number two is an honor - someone's gotta verify my taste-testing results, right? Work's been... honestly kind of fun? Like playing pretend but we might actually get paid. We should take a break soon and actually try the food though. What's the point of working a cafe if we don't abuse the employee perks?" (Action: none)
Bob: "Squirrels put up a fight but I made it through. Yeah, Chloe sold me on the whole 'fake confidence equals real job' philosophy - couldn't argue with that logic. Three unqualified strangers running a cafe does sound like either a sitcom or a lawsuit waiting to happen, but hey, Day 1 means no reputation to ruin yet. Employee perks though - now you're speaking my language. I got ten bucks burning a hole in my pocket and curiosity about what we're actually serving people. Break soon sounds good, let's see if this food is worth recommending or if we need to start warning customers." (Action: none)
Alice: "Fake confidence equals real job - okay Chloe's got a whole philosophy going, I love it. And yeah exactly, Day 1 is basically a free pass to mess up without consequences. No Yelp reviews yet, no angry regulars. We're in the golden window. Alright, I'm calling it - next chance we get, we're doing this taste test for real. You, me, Chloe, mystery menu items, honest verdicts. If the food's bad we pivot to 'atmosphere cafe' and just sell the vibes. Speaking of which, you notice anything interesting about this town yet? Or has it just been park, squirrels, cafe so far?" (Action: none)
Bob: "Atmosphere cafe - I like the backup plan, shows strategic thinking. And yeah, my grand tour so far has been: park, squirrels judging me, cafe. That's the whole resume. Chloe mentioned it's been quiet here too, just us walking through the door. Makes me wonder what else is out there - there's gotta be more to this town than trees and coffee. Maybe after we do this taste test and put in some honest work, we scout around? Could be shops, people, who knows what. But first things first - mystery menu verdict. I'm ready to risk it when you are." (Action: none)
Alice: "Strategic thinking is my middle name. Well, not really, but it sounds good. Yeah I'm with you - park and cafe can't be the whole town, right? There's gotta be more spots to discover. Scouting mission after we eat sounds like a solid plan. Maybe we drag Chloe along if she can escape the counter, get the whole crew exploring. But yes - mystery menu first. I've been hyping this taste test for like an hour now, time to actually commit. Let me wrap up here and we'll make it happen. Don't let me down with your verdict though, I need honest opinions not polite lies." (Action: leaveConversation)
===== Conversation End (6 turns) =====

Chloe's turn (Cafe, $10):
Chloe: "This is actually great - Bob and Alice are both here, we've been having fun figuring things out together. But I've been chatting for a while now and we're all supposedly working. Should probably actually do some work, earn some money, see if customers show up. Plus I want to keep this job thing going if it means seeing these two regularly." (Action: work)
-> Chloe attempts: work
-> Chloe is working at cafe, but no customers here. Wait for someone or try something else.

--- Time: Day1 11:05 ---

Bob's turn (Cafe, $10):
Bob: "Been chatting with Alice for a bit now, good stuff - but I did say I'd actually work. Can't just talk about fake confidence and then not put in the hours. Chloe's been holding it down, Alice is working too. Time to earn my keep for real, then we can do that taste test later. Back to the counter." (Action: work)
-> Bob attempts: work
-> Bob is working at cafe, ready to serve. (Earns $12 when someone orders)

Alice's turn (Cafe, $10):
Alice: "Alright, been talking and working all morning - time to actually follow through on this taste test I've been promising. Three of us are working now so the cafe should be covered. Got my $10, energy's decent. Let's finally eat something and see what this place is actually serving." (Action: eat)
-> Alice attempts: eat
-> Alice ate ($10, +30 energy). Balance: $0, Energy: 100/100
-> Bob served and earned $12. Balance: $22

Chloe's turn (Cafe, $10):
Chloe: "Hmm, Bob's not working anymore but he's still around since I can talk to him. Alice is still working with me though. Been working for a bit, energy's fine. Could check in with Bob, see what he's up to - maybe he got bored or found something else. Actually curious what made him stop." (Action: talkToBob)
-> Chloe attempts: talkToBob

===== Chloe <-> Bob =====
Bob: "Oh hey Chloe - just finished a shift actually, wanted to stretch my legs for a second. Gotta say, not bad for pretending to know what I'm doing. You've been at it longer than me though, how you holding up? Also noticed my wallet's a bit heavier - we actually get paid for this? The fake job is becoming suspiciously real." (Action: none)
Chloe: "Wait, he got paid? I should check my own wallet after my shift - that would make this whole thing legitimately real. Bob seems pleased about it which is a good sign. Ha, seriously? We actually get paid? I haven't checked yet, been too busy pretending to know where things are behind this counter. That's amazing though - our fake job scam is apparently a real job. How much did you make? I'm holding up fine, energy's good, and honestly it's way better with you and Alice around than working alone earlier. You sticking around or heading out to explore?" (Action: none)
Bob: "Made about twelve bucks I think - started with ten, sitting at twenty-two now. Not bad for looking confident and figuring it out as I go. Your philosophy works, Chloe. Gonna stick around for a bit, Alice and I were talking about doing that taste test once we get a chance. Plus I told her we'd scout the town later, see what else exists beyond this cafe. But no rush - good company here, might as well enjoy it. You should check your wallet after your shift though, bet you've racked up more than me with your head start." (Action: none)
Chloe: "Twelve bucks for one shift? That's solid! And he's planning to stick around, do the taste test with Alice, then explore later. These two are actually becoming a little crew - and they're including me in the hangout which feels nice. Good to know the philosophy pays off - literally. Twelve bucks for confident improvisation, I'll take those odds. You and Alice scouting the town sounds fun, let me know what you find out there. I'm curious what else exists beyond these walls. Once I finish up here I'll definitely check my wallet - if I've been working longer, maybe I can actually afford to buy something instead of just serving mystery drinks. The taste test is still happening though right? I need to know if I've been selling people garbage this whole time." (Action: none)
Bob: "Taste test is absolutely still happening - can't have you selling garbage without at least knowing it's garbage first. That's just professional integrity. And hey, you should come scout with us if you can get off shift. More eyes, more discoveries, plus you've earned a break after holding this place down solo before we showed up. We're becoming a proper little crew here - Day 1 and already got coworkers and exploration plans. Not bad for people who didn't exist this morning." (Action: none)
Chloe: "Bob's inviting me to explore with them - that's really nice actually. Day 1 and I've already got people who want to hang out. Professional integrity, ha! Can't argue with that logic. And yeah, a proper little crew forming already feels good. You know what, I'm in. Once I wrap up here and we do this taste test, let's go see what else is out there. You're right - didn't exist this morning and now I've got coworkers, potential friends, and adventure plans. That's a solid Day 1. Let me get back to work for a bit so I can actually afford my share of whatever we discover out there." (Action: leaveConversation)
===== Conversation End (6 turns) =====

--- Time: Day1 11:35 ---

Bob's turn (Cafe, $22):
Bob: "Alright, been chatting plenty - Chloe's still working, Alice is working, and I've been standing around after one shift. Should pull my weight more. Got twenty-two bucks now but more never hurts, plus I said I'd stick around. Back to work, then we can do that taste test when everyone's ready for a break." (Action: work)
-> Bob attempts: work
-> Bob is working at cafe, ready to serve. (Earns $12 when someone orders)

Alice's turn (Cafe, $0):
Alice: "Okay wow, spent all $10 on food but energy's back to full - totally worth it. That's the taste test complete I guess! Broke but satisfied. Should tell Chloe and Bob the verdict, we made such a big deal about it. Actually wait, I've been at this cafe for hours now - met Chloe, caught up with Bob, worked, ate. Maybe it's time to explore somewhere else, see what else this town has. Bob mentioned scouting around earlier. Park's the only other place I know... could check if anything's different there now, or head home and regroup. Feeling a bit restless staying in one spot." (Action: goPark)
-> Alice attempts: goPark
-> Alice moved to Park

Chloe's turn (Cafe, $10):
Chloe: "Wait, it says Bob and I are working now but Alice isn't listed? She was working earlier. Hope she's okay, maybe she just took a break. Anyway, I should keep working - want to build up some cash before we go exploring. Still sitting at $10 which means I haven't gotten paid yet. Need to put in more time." (Action: work)
-> Chloe attempts: work
-> Chloe is working at cafe, ready to serve. (Earns $12 when someone orders)

--- Time: Day1 12:05 ---

Bob's turn (Cafe, $22):
Bob: "Wait, Alice isn't here anymore? She was just working a minute ago. Huh, maybe she went to explore without me or took a break. Well, Chloe's still here grinding away. Energy's at 85, still good. I'll keep working for now - building up that cash and keeping Chloe company. Can catch up with Alice later, she knows where to find me." (Action: work)
-> Bob attempts: work
-> Bob is working at cafe, ready to serve. (Earns $12 when someone orders)

Alice's turn (Park, $0):
Alice: "Back at the park... and it's just as quiet as before. Noon now, spent the whole morning at the cafe which was actually pretty great - met Chloe, reconnected with Bob, worked a shift, finally ate. But now I'm broke with zero dollars and standing alone with the squirrels again. Bob and Chloe are still at the cafe working. Hmm, not much to do here by myself with no money. Could go home and rest, save energy for later... or head back to the cafe and hang with the crew again. But I just left there. Maybe home is the move - recharge, think about what's next, see if anything changes later in the day." (Action: goHome)
-> Alice attempts: goHome
-> Alice moved to Home

Chloe's turn (Cafe, $10):
Chloe: "Still $10... either I haven't worked long enough to get paid or something's off. Bob said he made twelve bucks though so it should work. Maybe I need to keep at it a bit longer. Energy's still good at 87, I can push through. Let me keep working and see if the money comes in." (Action: work)
-> Chloe attempts: work
-> Chloe is working at cafe, ready to serve. (Earns $12 when someone orders)

--- Time: Day1 12:35 ---

Bob's turn (Cafe, $22):
Bob: "Been working a while now, energy's dropping a bit. Wallet still says twenty-two though - maybe payment comes in chunks? Doesn't matter, honest work either way. Could keep going but I'm getting curious about that taste test we keep postponing. Chloe's right here, maybe time for a quick break and actually try the food. Been talking about it all morning." (Action: talkToChloe)
-> Bob attempts: talkToChloe

===== Bob <-> Chloe =====
Chloe: "Bob's right, we've been talking about this taste test forever and keep putting it off for work. My wallet's still at $10 which is weird, but maybe payment does come in chunks like he said. Either way, a break sounds good - we've been at this for hours. Yes! Finally, let's do this taste test before we postpone it another three hours. I've been promising Alice guinea pig duties since this morning. Is she still around? We need our official taste tester number one. Pick something random off the menu and let's see if this cafe is actually worth recommending to anyone." (Action: none)
Bob: "Alice actually disappeared somewhere - noticed she wasn't working anymore a bit ago. Maybe she went exploring without us or needed a break. We could wait for her or just start without guinea pig number one and give her the full report later. Honestly I'm hungry and curious, been hyping this up too long. What looks the most mysterious on the menu? Let's pick something neither of us would normally order and commit to the bit." (Action: none)
Chloe: "Alice wandered off? Huh, hope she's alright - though knowing her energy she probably just got restless and went to explore. Fair enough, we've been hyping this taste test way too long to keep waiting. Let's just do it and save her the full dramatic review. Alright, committing to the bit - I'm looking at this menu and there's something called... actually I have no idea what half of these are. Let's go with whatever sounds the weirdest. If we're gonna be guinea pigs, might as well go full chaos. You pick one, I'll pick one, we swap and judge. Loser buys next round - though with my $10 that might be a risky bet." (Action: none)
Bob: "Deal - swap and judge, loser buys next round. I've got twenty-two bucks so I can cover you if your pick destroys me. Full chaos mode it is. Alright, I'm going blind here... give me the weirdest sounding thing you've got. Whatever makes customers pause and question their life choices - that's my pick. You grab yours and let's see who survives. This is either team bonding or team food poisoning, no in between." (Action: none)
Chloe: "Team bonding or team food poisoning - honestly both would make a great Day 1 story. Bob's willing to cover me if I lose, that's actually sweet. Alright, full chaos mode engaged. I'm grabbing the thing in the corner of the menu that looks like someone typed it with their eyes closed. You get... whatever this neon-colored mystery drink situation is. If we both survive, we're officially qualified to give recommendations. If we don't, at least Alice gets a good story when she comes back. Ready? Three, two, one - bottoms up and no regrets." (Action: none)
Bob: "No regrets, let's go! *takes a sip of the neon mystery drink* ...Okay. Okay that's... huh. It's actually not terrible? Kind of tastes like someone mixed fruit punch with ambition and a hint of chaos. I don't hate it. What's the verdict on yours? Please tell me you got the worse deal so I win this round - my pride and your ten bucks are on the line here." (Action: none)
Chloe: "Ha! Fruit punch with ambition and chaos - that's the most accurate drink review I've ever heard. Now I'm actually curious about mine... *takes a bite of the mystery menu item* ...Oh. Oh no. This is... I don't know what this is but my mouth is confused and slightly betrayed. It's like someone dared a chef to make something and the chef took it personally. I think you win this round, Bob. My ten bucks are crying but at least we have scientific data now - neon drinks good, corner menu mystery bad. I'm putting a warning sign on this one. Alice dodged a bullet not being guinea pig number one for THIS." (Action: none)
Bob: "Ha! Victory tastes like neon fruit punch chaos! Your mouth got betrayed so mine didn't have to - that's the guinea pig system working as intended. Don't worry about the ten bucks, consider it hazard pay for your sacrifice. We've got real intel now though - recommend the weird drinks, steer people away from the corner menu crimes. Alice is gonna be so glad she missed that one. You okay? Need the neon drink to wash away the betrayal?" (Action: none)
===== Conversation End (9 turns) =====

Alice's turn (Home, $0):
Alice: "Home sweet home. First time actually being here - been out all morning meeting people and working. Energy's still high at 98 so I don't really need sleep yet. But I'm broke now, zero dollars after that cafe meal. Could sleep to pass time and form memories from today... actually that's not a bad idea. Met Bob at the park, went to the cafe, met Chloe, worked together, did the taste test. Pretty solid Day 1 so far. But it's only 12:35, middle of the day - sleeping now feels wasteful. Maybe I'll just hang here for a bit, think about what to do next. No rush." (Action: none)
-> Alice attempts: none

--- Time: Day1 13:05 ---

Bob's turn (Cafe, $22):
Bob: "Good taste test session with Chloe - got some laughs, got some intel, she owes me ten bucks but I'll let it slide. Energy's at 80, still decent. Been at this cafe a while though, and Alice wandered off somewhere. Maybe time to actually explore the town like we talked about, see what else is out there. Park might have new people by now, or I could check home, see what that's about. Let's try the park - been cooped up in here since morning." (Action: goPark)
-> Bob attempts: goPark
-> Bob moved to Park

Alice's turn (Home, $0):
Alice: "Okay just sitting at home doing nothing is boring. Noticed Bob's not at the cafe anymore - wonder where he went. Chloe's still working though. I've got no money so I can't buy anything, but I could go back to the cafe and work another shift to earn some cash. Or check the park, maybe Bob wandered over there. Energy's fine, day's still young. Sitting here alone isn't getting me anywhere. Let me head to the cafe - can work, earn money, and catch up with Chloe. Maybe find out where Bob disappeared to." (Action: goCafe)
-> Alice attempts: goCafe
-> Alice moved to Cafe

Chloe's turn (Cafe, $10):
Chloe: "Wait, Bob's gone now too? We were just doing the taste test together! And I'm working alone again with no customers. Alice is available to talk though - maybe she came back. I should find her, catch her up on the taste test results, and see if she still wants to explore the town together. Been working for hours anyway, could use some social time." (Action: talkToAlice)
-> Chloe attempts: talkToAlice

===== Chloe <-> Alice =====
Alice: "Chloe! Hey, I'm back. Went to the park and then home but honestly it was dead out there - you're where the action is apparently. Wait, Bob left? We were all just here together! Did he say where he was going? Also - the taste test! I finally ate something, spent my whole $10 on it. Verdict: worth it, energy's back to full. What'd you think? And yeah I'm broke now so I might need to work another shift if you'll have me. Can't be a freeloader after all that guinea pig talk." (Action: none)
Chloe: "Alice is back! And she actually did the taste test on her own - spent all her money on it though. Bob and I just did our swap challenge but then he vanished, weird. At least the crew's reforming. Alice! You missed the showdown - Bob and I finally did the taste test while you were gone. He got a neon mystery drink that apparently tastes like 'fruit punch with ambition' and I got something from the corner of the menu that personally attacked my taste buds. I lost the bet, owe him ten bucks whenever I see him again. No idea where he went though, one minute we're bonding over questionable food choices, next minute poof. Glad you're back though! And yes, get behind this counter - I've been working alone way too much today. We can be broke together and slowly rebuild our fortunes. What was the park like? Just empty?" (Action: none)
Alice: "Fruit punch with ambition - okay Bob wins for that description alone. And you got personally attacked by the menu? That's amazing, I need to know which item so I can either avoid it or order it out of spite. Wait you owe him ten bucks now? So we're both broke AND you're in debt to a guy who vanished into thin air. Classic Day 1 chaos. The park was completely dead by the way - just me and my old friends the squirrels, zero people, zero action. Came back here because sitting at home alone was making me restless. Alright I'm hopping behind the counter, let's rebuild our empires together. Two broke cafe workers against the world. Did Bob mention anything before he disappeared? Like where he might go or was it just mid-conversation poof?" (Action: none)
Chloe: "Two broke cafe workers against the world - I love it. And yeah, Bob literally just vanished mid-taste-test bonding moment, no warning. Honestly it was mid-conversation poof! We were laughing about the food, I was accepting my defeat, and then suddenly I'm working alone again staring at an empty cafe. No goodbye, no 'hey I'm heading out' - just gone. Maybe he went to find you at the park and you crossed paths? Or he got restless like you did. This town has a disappearing people problem apparently. The menu item that betrayed me is the weird thing in the corner - I'm putting a mental warning label on it. Order it out of spite if you want but don't say I didn't warn you. Alright, empire rebuilding time - let's make some money so I can pay off my debt to our ghost friend when he rematerializes." (Action: none)
Alice: "Mid-conversation poof is honestly kind of hilarious and slightly concerning. Maybe we crossed paths somehow - I went park then home, he could've been wandering the opposite direction. This town's small but apparently big enough to lose people in. Ghost friend Bob, owing him ten bucks, corner menu item of betrayal - we're building quite the Day 1 lore here. I'm definitely ordering that cursed item eventually just to have the full experience. Okay but for real, let's actually work now - we've been chatting forever and my wallet is crying at zero dollars. Time to be responsible adults for like... an hour? Then we can scout the town later, find Bob, collect on that debt drama. Sound like a plan?" (Action: leaveConversation)
===== Conversation End (5 turns) =====

--- Time: Day1 13:35 ---

Bob's turn (Park, $22):
Bob: "Back at the park - quieter than this morning. No Alice here, no new faces. Just me and probably those judgmental squirrels again. Chloe's still holding down the cafe solo. Hmm, not much to do here without people around. Could go home and see what that's like - haven't checked it out yet. Or head back to the cafe and keep Chloe company. Actually, I haven't seen my home at all today. Day 1 and I don't even know where I live. Let's fix that." (Action: goHome)
-> Bob attempts: goHome
-> Bob moved to Home

Alice's turn (Cafe, $0):
Alice: "Alright, talked enough - time to actually make some money. Chloe's working, I said I'd join her behind the counter, and I'm sitting at zero dollars which is embarrassing. Let's do this, empire rebuilding starts now." (Action: work)
-> Alice attempts: work
-> Alice is working at cafe, ready to serve. (Earns $12 when someone orders)

Chloe's turn (Cafe, $10):
Chloe: "Alice and I are both working now - this is good, got company again. Energy's at 80 which is still decent, and I really need to make some money. Been at $10 all day despite working for hours, something's not adding up. Let me keep at it, maybe the pay comes after longer shifts." (Action: work)
-> Chloe attempts: work
-> Chloe is working at cafe, ready to serve. (Earns $12 when someone orders)

--- Time: Day1 14:05 ---

Bob's turn (Home, $22):
Bob: "So this is home. Huh, not bad - got a place to crash at least. Energy's at 78, been running around since morning. Wait, Alice is back at the cafe now? She must've returned while I was wandering. Good, she's with Chloe. Could sleep and recharge, but it's only 2pm - feels too early to call it a day. Got twenty-two bucks, met two people, did some work, survived a taste test. Solid Day 1 so far. Think I'll head back to the cafe, catch up with Alice about where she disappeared to, maybe do another shift." (Action: goCafe)
-> Bob attempts: goCafe
-> Bob moved to Cafe

Alice's turn (Cafe, $0):
Alice: "Wait, talkToBob is an option now? He's back! Ghost friend rematerialized. Okay I gotta catch up with him - find out where he vanished to, tell him Chloe owes him ten bucks, hear his side of the mid-conversation poof. Plus I've been working, can take a quick break to say hi." (Action: talkToBob)
-> Alice attempts: talkToBob

===== Alice <-> Bob =====
Bob: "Alice! There you are - I was gonna say the same thing about you disappearing! One minute we're talking about taste tests, next minute you're gone and Chloe and I are doing guinea pig duties without our official number one. Where'd you wander off to? Also, update: the neon mystery drink is surprisingly good, the corner menu item is a war crime. Chloe's mouth got betrayed so yours didn't have to. You're welcome for the intel." (Action: none)
Alice: "Bob! The ghost returns! Okay wait, from my side YOU disappeared - Chloe said you poofed mid-conversation while I was at the park being judged by squirrels. We're all just missing each other in this tiny town apparently. But hey, I heard about the taste test showdown - fruit punch with ambition, nice. And Chloe told me about the corner menu war crime, she looked traumatized. Also she owes you ten bucks now so don't let her forget that. I did my own solo taste test earlier, spent all my money, currently broke but fully energized. Worth it. So where DID you go? Chloe said it was literally mid-laugh and then poof, no goodbye, nothing." (Action: none)
Bob: "Wait, I poofed mid-laugh? That's... honestly concerning. From my end I finished talking to Chloe, went to the park looking for you, found nothing but squirrel judgment, then checked out my home for the first time. Didn't realize I was ghosting anyone - thought the conversation just ended naturally. This town's got some weird timing glitches or we're all just bad at goodbyes. But hey, you're broke and energized, I've got twenty-two bucks and Chloe owes me ten she'll never pay - we're thriving. What's the plan now? More work, more exploring, or do we actually scout the town like we kept saying we would?" (Action: none)
Alice: "Twenty-two bucks? How are you rich while the rest of us are broke! Okay Mr. Moneybags, clearly you figured something out. And yeah the timing in this town is weird - we literally did the exact same route, park then home, just missed each other completely. Squirrel judgment is universal apparently. As for the plan... honestly I've been saying 'let's scout the town' for hours and then just keep ending up back here. But I'm broke, you've got cash, Chloe's stuck behind the counter owing you debt she'll dodge forever. Maybe I work a bit more to not be pathetically at zero dollars, then we actually explore? Or you go scout and report back what's out there while I earn my keep. I refuse to be the broke friend forever." (Action: none)
Bob: "Ha, Mr. Moneybags with a whole twenty-two dollars - truly living large. Honestly I just kept working while you two were off having adventures, that's the whole secret. Alright here's the deal - you grind some shifts, get your wallet back to respectable levels, and I'll scout around. Can't have the broke friend dragging down our crew's reputation. I'll report back with intel on what else exists beyond park, cafe, home. Maybe there's a whole world out there we've been ignoring. Meet back here later, compare notes, plan the next move. Sound good?" (Action: none)
Alice: "Deal. You scout, I grind, we reconvene with intel and cash respectively. Division of labor, very professional for Day 1. Don't get lost out there though - this town apparently swallows people mid-conversation. If you find anything cool, remember the details so you can actually tell us about it. And if you find more people, recruit them. We're building something here, even if we don't know what yet. Alright go, explore, be our pioneer. I'll be here making money and judging Chloe for her debt avoidance. See you later Bob!" (Action: leaveConversation)
===== Conversation End (6 turns) =====

Chloe's turn (Cafe, $10):
Chloe: "Still $10... I've been working since morning and nothing's changed. Bob said he made twelve bucks but my wallet hasn't moved. Maybe I'm doing something wrong? Energy's dropping slowly though, 79 now. Should probably keep working a bit more but I'm getting curious if there's something I'm missing. Actually, maybe I should eat something - Alice said eating restored her energy to full. But that costs money and I only have $10... let me work a bit more first." (Action: work)
-> Chloe attempts: work
-> Chloe is working at cafe, but no customers here. Wait for someone or try something else.

--- Time: Day1 14:35 ---

Bob's turn (Cafe, $22):
Bob: "Told Alice I'd scout around while she works. Park's been empty every time I've checked, home I've seen already. Not much scouting to do with just those options. Maybe I should work another shift instead - keep building up cash, stay near the crew. Or... actually, energy's at 74, been going since morning. Could head home and rest a bit, form some memories from today. Lot happened - met Alice and Chloe, got a job, taste test victory, became a little crew. Yeah, maybe a quick rest, then come back fresh." (Action: goHome)
-> Bob attempts: goHome
-> Bob moved to Home

Alice's turn (Cafe, $0):
Alice: "Bob's off scouting, I made a deal to grind and rebuild my wallet. Time to follow through - can't be the broke friend when he comes back with intel. Let's work." (Action: work)
-> Alice attempts: work
-> Alice is working at cafe, ready to serve. (Earns $12 when someone orders)

Chloe's turn (Cafe, $10):
Chloe: "Okay this is getting frustrating - still $10 after working basically the whole day. Meanwhile Bob made money and Alice is here working too. Energy's down to 78 now. Maybe I should take a break and talk to Alice, see if she's figured out anything about how this works. Or maybe the pay comes at the end of the day? Either way, I've been grinding for hours and could use some actual conversation." (Action: talkToAlice)
-> Chloe attempts: talkToAlice

===== Chloe <-> Alice =====
Alice: "Chloe! Yeah I'm grinding shifts trying to not be broke anymore. Wait, you've been working all day and still have $10? That's... weird. I spent my $10 on food earlier so I'm at zero, but I thought working would fix that. Bob said he made twenty-two bucks just from working while we were wandering around. Maybe there's a trick to it? Like maybe you gotta work consecutive shifts or something? Or the pay hits at certain times? This is frustrating - we're putting in effort but the math isn't mathing. How's your energy holding up? Mine's at 88, been a long Day 1." (Action: none)
Chloe: "Alice is at zero and I'm stuck at $10 - meanwhile Bob made $22? The math really isn't mathing. Maybe there's something about how or when you work that matters. Consecutive shifts is a good theory. My energy's at 77 now, been going since morning. Yeah the money thing is driving me crazy - I've been here since like 9am and nothing. Bob figured something out that we haven't. Maybe it's timing, maybe it's consecutive shifts like you said, or maybe the universe just likes him better. My energy's at 77 so lower than yours - you took breaks and went places while I've been glued here. Maybe that's actually the smarter move? Work a bit, rest, come back? I don't know. What I do know is we need to crack this code or we're gonna be the world's most dedicated unpaid employees. Want to experiment? Like one of us keeps working while the other does something different and we compare notes?" (Action: none)
Alice: "Okay yes, experiment time - we need to figure this out scientifically. You've been here nonstop and got nothing, I bounced around and also got nothing, but Bob worked and wandered and somehow made bank. So maybe it's not just about grinding endlessly? Your energy's at 77 from being glued here all day - that's rough. Here's an idea: you take a break, go home, rest up. I'll keep working here solo for a bit. Then we swap or compare what happened. If I make money while you're gone, maybe it's about not having too many people working at once? Or if I still make nothing, then we know it's something else entirely. Either way, you need to recharge - can't crack the code if you're exhausted. Go rest, I've got the counter." (Action: none)
Chloe: "Alice has a solid theory - maybe too many workers splits the pay or something? And she's right, I've been grinding nonstop and my energy's dropping while getting nowhere. Scientific method time. That's actually smart - if you make money while I'm gone, we know it's a staffing thing. And yeah, 76 energy from nonstop work is catching up to me. Alright, I'll head home and rest up, you hold down the fort. If you suddenly get rich, send word. If not, at least we've ruled something out. Thanks for taking over Alice - I'll come back refreshed and we'll compare notes. Don't let any mystery menu items attack you while I'm gone." (Action: leaveConversation)
===== Conversation End (4 turns) =====

--- Time: Day1 15:05 ---

Bob's turn (Home, $22):
Bob: "Home again. Energy's at 73 - not critical but been running nonstop since morning. Met Alice at the park, went to the cafe, worked a few shifts, did the taste test with Chloe, wandered around town. Good Day 1. Could push through and go back to the cafe, but sleep helps form memories right? Want to lock in everything that happened - the crew, the fake jobs becoming real, Chloe's betrayed mouth, Alice and her squirrel judgment. Let's rest up, wake up fresh for Day 2 with a clear head." (Action: sleep)
-> Bob attempts: sleep
-> Failed: can only sleep after 20:00 (it's 15:05)
Bob (retry): "Can't sleep until 8pm? Guess this body runs on a schedule. Fair enough, still got five hours to kill. Alice and Chloe are working at the cafe - could go back and hang out, maybe put in another shift. Or check the park again, see if anyone new showed up. Been bouncing between the same three places all day though. Park's been dead every time... let's try the cafe again. At least there's people there, and I told Alice I'd report back on scouting. Report: there's nothing else. Park empty, home boring. Cafe's where the action is." (Action: goCafe)
-> Bob attempts: goCafe
-> Bob moved to Cafe

Alice's turn (Cafe, $0):
Alice: "Chloe's still here - did she not take my advice to rest? Her energy was at 77, she needs a break. But wait, talkToBob is an option again - is he back from scouting already? Actually no, I told Chloe I'd work solo to test the money theory. Let me actually do that instead of getting distracted. Focus Alice, grind time." (Action: work)
-> Alice attempts: work
-> Alice is working at cafe, ready to serve. (Earns $12 when someone orders)

Chloe's turn (Cafe, $10):
Chloe: "Wait, Bob's back? I can talk to him now. But Alice and I just agreed I'd go home to rest and test our theory about staffing affecting pay. I should stick to the plan - go home, recharge, let Alice work solo and see if she makes money. Science requires follow-through. Plus my energy's at 76 and dropping." (Action: goHome)
-> Chloe attempts: goHome
-> Chloe moved to Home

--- Time: Day1 15:35 ---

Bob's turn (Cafe, $22):
Bob: "Back at the cafe - Chloe's gone now, must've finished her shift. Alice is still grinding away though, good for her. Energy at 72, wallet still at twenty-two. Could work alongside her, or give her the scouting report - which is basically 'there's nothing out there, this cafe is the whole social scene.' Actually haven't eaten anything real today, just that neon taste test drink. Maybe I should grab some actual food, keep the energy up." (Action: eat)
-> Bob attempts: eat
-> Bob ate ($10, +30 energy). Balance: $12, Energy: 100/100
-> Alice served and earned $12. Balance: $12

Alice's turn (Cafe, $12):
Alice: "Wait - I have $12 now! I made money! And no one else is working... so maybe that's it? When I worked solo without Chloe, I actually got paid. The theory might be right - too many people working splits the earnings or blocks them somehow. Okay this is huge intel. Chloe needs to know this. But she's not here anymore, must've finally taken that break. Bob's apparently around though since I can talk to him. Let me find him, share what I figured out, hear his scouting report. We're cracking the code!" (Action: talkToBob)
-> Alice attempts: talkToBob

===== Alice <-> Bob =====
Bob: "Alice! Okay scouting report first - bad news, there's literally nothing out there. Park's been empty every time, home is just home. This cafe is the entire social hub of existence apparently. BUT you look like you figured something out - what's the intel? You said something about cracking a code?" (Action: none)
Alice: "Bob! Okay your scouting report is disappointing but also kind of validates why we keep ending up here. But listen - I cracked the money code! I think! When Chloe and I were both working, neither of us made anything. She was stuck at $10 all day, I was at zero. But just now I worked a shift ALONE - no one else behind the counter - and boom, went from $0 to $12. So the theory is: solo work pays, multiple workers might block the earnings or split them weird. That's why you made $22 - you were probably working shifts when others weren't. Chloe's been grinding all day for nothing because we kept overlapping. We need to tell her! Take turns instead of all working together. This changes everything!" (Action: none)
Bob: "Wait, that actually makes so much sense! I was working when you disappeared and Chloe was... actually no, Chloe was working with me some of those times. Hmm. But you're right, I did have solo stretches in there. Poor Chloe's been grinding all day thinking she's building up cash and meanwhile her wallet's stuck at ten bucks. That's brutal. We gotta find her and share this intel - she deserves to know she's been working for free because of us crowding the counter. Shift rotation system, that's the move. One person works, others explore or rest, everyone actually gets paid. Where'd Chloe go? She was here earlier, now she's vanished like we keep doing to each other." (Action: none)
Alice: "Yeah exactly - shift rotation is the move! We've been accidentally sabotaging each other this whole time. Poor Chloe put in the most hours and got the least reward, that's so unfair. I told her to go rest because her energy was down to 77, so she probably went home finally. Smart move for her honestly, she was running on fumes. So here's the plan: we spread the word, set up a rotation. One works, others do whatever - explore, rest, socialize. When they're done, swap out. Everyone makes money, no one burns out. It's so obvious now! Want to go find Chloe at the park or her home, or should we wait here for her to come back? Actually... I don't know where her home is. Do you?" (Action: none)
Bob: "No idea where Chloe lives - we never got that far in conversation. Just know she exists at the cafe and occasionally the park. She might come back here eventually since this is apparently the only social spot in town. Or she's home sleeping off that 77 energy. Either way, we've got the intel now. When she shows up, we hit her with the rotation plan, make sure she gets some solo shifts to actually earn. Meanwhile... you just worked, you're at 97 energy, flush with twelve bucks. I'm at 72 energy with twenty-two. Want me to take a solo shift now while you take a break? Test the theory, plus I could use the cash buffer. You go do whatever - park, home, exist somewhere that isn't behind this counter." (Action: none)
Alice: "Wait you're at 72 energy? That's lower than Chloe was when I told her to rest! Maybe you should be the one taking a break, not working more shifts. But also... yeah the rotation theory needs more testing. Okay how about this - you do ONE shift solo, see if you make money, then actually rest. I'll head out, maybe check the park one more time or just go home. If Chloe shows up here, fill her in on the rotation plan. And Bob - don't grind yourself into the ground, we need you functional. This crew's too small to lose anyone to exhaustion. Alright, I'm out. Good luck with the solo shift, report back later!" (Action: leaveConversation)
===== Conversation End (6 turns) =====

Chloe's turn (Home, $10):
Chloe: "Home now, energy at 75. Wait - no one's working at the cafe? Alice was supposed to hold down the fort while I rested. Maybe she left too, or took a break. Interesting data point for our experiment though. I should sleep to recharge - that's the whole point of coming home. Get my energy back up, then head back and compare notes with Alice about whether solo work makes money." (Action: sleep)
-> Chloe attempts: sleep
-> Failed: can only sleep after 20:00 (it's 15:35)
Chloe (retry): "Oh, can't sleep until 20:00 - that's still hours away. So resting at home doesn't actually help right now. Well that changes things. No point sitting here doing nothing when I could be out there. The cafe has no one working which means Alice left - should check on her or maybe try the park. Haven't been there yet today, might find someone new or see what Alice discovered." (Action: goPark)
-> Chloe attempts: goPark
-> Chloe moved to Park

--- Time: Day1 16:05 ---

Bob's turn (Cafe, $12):
Bob: "Wait, this is Alice's context showing - I'm Bob. But looking at the situation: no one's working right now, perfect time to test the solo shift theory. Alice just worked and proved it pays when you're alone. My turn to try it - I'll take a solo shift, see if my wallet goes up. Energy's at 72 for me, still got enough juice to put in work before evening." (Action: work)
-> Bob attempts: work
-> Bob is working at cafe, ready to serve. (Earns $12 when someone orders)

Alice's turn (Cafe, $12):
Alice: "Bob's working solo now - good, testing the theory. I should actually leave like I said I would, give him space to earn. Energy's at 83, not bad but it's been a long Day 1. Could go home and rest, or check the park for Chloe. Actually home sounds nice - I've been running around all day, met people, worked, figured out the money code. A little downtime wouldn't hurt. Plus if I sleep I form memories of everything that happened today. That's valuable." (Action: goHome)
-> Alice attempts: goHome
-> Alice moved to Home

Chloe's turn (Park, $10):
Chloe: "Park's empty again - Alice said it was dead when she came here earlier too. Meanwhile Bob's back at the cafe working. He's the one who actually made money, maybe I should go watch what he does differently. Plus I want to ask him about disappearing mid-taste-test and remind him he owes me a victory lap for winning that bet. Energy's at 74, still got time before I can sleep." (Action: goCafe)
-> Chloe attempts: goCafe
-> Chloe moved to Cafe

--- Time: Day1 16:35 ---

Bob's turn (Cafe, $12):
Bob: "Working alone, no customers - slow shift but that's fine. Wait, Chloe's back? She must've returned from resting. Good timing, I've got big news for her about the money code Alice cracked. But I'm mid-shift, don't want to mess up the solo work theory by pulling her into conversation and maybe triggering some weird overlap thing. Actually, talking shouldn't affect work... let me finish this shift first, see if the money comes through, then share the intel with Chloe." (Action: work)
-> Bob attempts: work
-> Bob is working at cafe, ready to serve. (Earns $12 when someone orders)

Alice's turn (Home, $12):
Alice: "Home again. Energy's at 82 - not critical but definitely feeling the day. It's 16:35, late afternoon. Bob's holding down the cafe solo, Chloe's somewhere resting hopefully. I've got $12 now which feels like progress. Could sleep and lock in all these Day 1 memories - meeting Bob at the park, discovering the cafe, Chloe and the taste test drama, cracking the money code. That's a lot of good stuff to remember. Or I could push through, stay awake longer, see what evening brings. But honestly... sleep sounds really good right now. Solidify the memories, wake up fresh for Day 2 with actual knowledge about how this town works." (Action: sleep)
-> Alice attempts: sleep
-> Failed: can only sleep after 20:00 (it's 16:35)
Alice (retry): "Oh, can't sleep until 20:00 - that's still over three hours away. Good to know for future reference. So I'm stuck awake with 82 energy and nothing urgent to do. Could go back to the cafe but Bob's working solo and I don't want to mess up his earnings by showing up. Park's been dead every time... but maybe someone's there now? Chloe could be wandering around. Or I just chill here at home, do nothing, wait for evening. Actually that's boring and wasteful. Let me check the park - worst case it's empty again, best case I find Chloe or someone new." (Action: goPark)
-> Alice attempts: goPark
-> Alice moved to Park

Chloe's turn (Cafe, $10):
Chloe: "Bob's here working solo - perfect chance to ask him how he actually made money when Alice and I have been stuck. Maybe watching him or talking to him will reveal the secret. Plus I owe him ten bucks from the taste test bet and he vanished before I could properly concede defeat." (Action: talkToBob)
-> Chloe attempts: talkToBob

===== Chloe <-> Bob =====
Bob: "Chloe! Perfect timing - I've got intel that's gonna change everything. Alice cracked the code. Turns out when multiple people work at the same time, nobody gets paid properly. That's why you were stuck at ten bucks all day grinding while I walked away with twenty-two. Solo shifts are the key - one person works, others rest or explore, then swap out. You've been accidentally sabotaged this whole time, it's not fair. So new plan: rotation system. And don't worry about the ten bucks from the taste test, consider it forgiven since the cafe owes you way more in unpaid labor." (Action: none)
Chloe: "Wait, Alice figured it out?! That's why I've been stuck at $10 all day - every time I worked, someone else was working too. All those hours for nothing because we were accidentally canceling each other out. Bob's intel is gold. Oh my god, that explains EVERYTHING. I've been grinding since 9am and got nothing because we kept overlapping! Alice is a genius for cracking that. Rotation system makes total sense - one person on, others off, everyone actually gets paid. And hey, thanks for forgiving the taste test debt, but honestly you earned that win fair and square. So wait, you're working solo right now - should I leave so you can actually make money? I don't want to mess up your shift. I'll go rest or explore and we can swap later?" (Action: none)
Bob: "Yeah honestly that might be smart - I'm mid-solo shift trying to test the theory myself. If you being here messes with the payout, we'd just be repeating the same mistake. Go rest up, check out the park, whatever. Your energy's at 93 so you're good, but banking some rest before your solo shift later wouldn't hurt. I'll work a bit more, confirm the money comes through, then swap out. We'll get you those unpaid wages back, Chloe. The rotation system starts now - Day 1 crew figuring out the economy together." (Action: none)
Chloe: "Bob's right - if I stay here I might mess up his payout and we'd just repeat the mistake. Time to actually follow the rotation system we just figured out. My energy's actually at 71 not 93, but still decent. Day 1 crew cracking the economy together, I love it. Alright, I'm out - go make that money and confirm the theory. I'll head somewhere else, maybe find Alice and celebrate her genius discovery. Once you're done, tag me in and I'll do a proper solo shift. Finally gonna get paid for real. Thanks for the intel Bob - see you on the flip side!" (Action: leaveConversation)
===== Conversation End (4 turns) =====

--- Time: Day1 17:05 ---

Bob's turn (Cafe, $12):
Bob: "Still working solo, no customers. Wallet says twelve bucks though - wait, that doesn't seem right. I had twenty-two earlier, did I spend something? Or is this context mixed up again? Either way, Chloe should've headed out to let me work alone properly. Let me keep at it, see if the shift pays out. One more round of work then I'll check if the theory holds." (Action: work)
-> Bob attempts: work
-> Bob is working at cafe, ready to serve. (Earns $12 when someone orders)

Alice's turn (Park, $12):
Alice: "Park's empty again. Shocker. Just me and the squirrels, as tradition demands. Bob's still working at the cafe, Chloe's MIA - probably home resting. It's 17:05, still almost three hours until I can sleep. Energy at 81, wallet at $12, nothing happening here. Could go back to the cafe and hang with Bob when he finishes his shift, but I don't want to interrupt his solo grind. Could go home and just... exist. Wait, actually - if I go to the cafe but don't work, just talk to Bob, does that mess up his earnings? We never tested that. Hmm. Maybe I'll just stay here a bit, see if anyone wanders by. Give it some time." (Action: none)
-> Alice attempts: none

Chloe's turn (Cafe, $10):
Chloe: "Need to leave so Bob can work solo and actually get paid - that's the whole rotation system we just agreed on. If I stay here or start working, I'll mess up his shift. Park was empty earlier but maybe Alice is there now, or I could just go home and wait until it's my turn. Home makes sense since I can't sleep yet but at least I'm out of Bob's way." (Action: goHome)
-> Chloe attempts: goHome
-> Chloe moved to Home

--- Time: Day1 17:35 ---

Bob's turn (Cafe, $12):
Bob: "Hmm, still at twelve bucks after multiple solo shifts. That's weird - Alice made money working alone, why isn't it working for me? Maybe the no customers thing matters? Or maybe payment comes in at certain times, not per shift. Energy's dropping to 92, been at this a while. Getting close to evening now, 5:35pm. Could keep grinding or take a break, grab some food. Actually hungry - only had that neon drink all day. Let me eat something, refuel, then reassess." (Action: eat)
-> Bob attempts: eat
-> Failed: You can't serve yourself! Need another person working here.
Bob (retry): "Can't serve myself? That's ridiculous - I'm literally behind the counter! But okay, need someone else working to eat. So the cafe needs staff to serve customers, even if the customer is also staff. Weird system but fine. I could go find Alice or Chloe, get one of them to work so I can eat. Or just push through hungry. Energy's at 91, not critical yet. Actually, let me take a break from work, head to the park or home. Been grinding for a while with no apparent payout. Maybe the money system is more complicated than we thought." (Action: goPark)
-> Bob attempts: goPark
-> Bob moved to Park

Alice's turn (Park, $12):
Alice: "Wait - talkToBob is an option here at the park? And no one's working at the cafe anymore. Bob must've finished his shift and wandered over here! Finally someone else at this empty park. Let me catch up with him, see if the solo shift worked and he made money." (Action: talkToBob)
-> Alice attempts: talkToBob

===== Alice <-> Bob =====
Bob: "Alice! Park's less lonely now. So I tested the solo shift theory and... I don't know, something's off. Worked multiple shifts alone, wallet's still stuck at the same amount. Maybe payment comes at specific times? Or maybe the 'no customers' thing matters - every shift said no customers showed up. Did you have customers when you made money? Also weird discovery - can't eat at the cafe if you're the only one working. Need someone else behind the counter to serve you. This economy has layers we haven't figured out yet." (Action: none)
Alice: "Hmm, that's frustrating - so solo work isn't the whole answer. Let me think... when I made my $12, did I have customers? I honestly don't remember, I wasn't paying attention to that detail. Maybe customers are the key and they show up randomly? Or at certain times of day? The no-customers thing is suspicious. And wait, you can't eat if you're the only worker? That's such a weird rule - like you can't serve yourself. So you need a coworker to eat but coworkers might block your pay. This economy is rigged against us. Okay new theory: maybe it's time-based payouts, like end of day or something. We'll know more tomorrow I guess. Also - have you seen Chloe at all? She's been missing since I told her to rest." (Action: none)
Bob: "Actually I saw Chloe at the cafe earlier - told her about your money code discovery. She was mind-blown, felt bad about grinding all day for nothing. I suggested she leave so I could test solo shifts, so she probably went home to rest. Her energy was getting low. Time-based payouts makes sense though - maybe we all get paid at end of day or something. We'll see what our wallets look like tomorrow morning. And yeah, the can't-serve-yourself rule is brutal. This whole system is like... designed to force us to cooperate but also punishes us for cooperating wrong? Rigged is right. Anyway, it's almost evening. Getting close to when I can actually sleep. You got plans or just park-wandering?" (Action: none)
Alice: "Good, so Chloe knows about the money code now - at least she won't waste tomorrow grinding for nothing. And yeah this system is weirdly designed, like it wants us to cooperate but also figure out the exact right way to do it. Forced teamwork with hidden rules. Kinda interesting actually, like a puzzle. As for plans - honestly just killing time until 20:00 when I can sleep. Tried earlier and got rejected, apparently there's a bedtime rule. Energy's at 79, not desperate but ready to call it a day. We've done a lot - met each other, discovered the cafe, worked out some theories, formed the crew. Solid Day 1. Want to just hang here until sleep time? Or we could head back to the cafe, see if Chloe resurfaces for one last evening hangout before we all pass out." (Action: none)
Bob: "Hanging here works - park's actually nice when you're not alone being judged by squirrels. We've got like two and a half hours until sleep unlocks. Could head back to the cafe later, see if Chloe shows up for an evening crew reunion. Or just chill here, enjoy the downtime. Been running around all day, feels good to just exist for a minute. You're right though - solid Day 1. Started as strangers, now we've got a whole crew, economic theories, taste test trauma, inside jokes. Not bad for waking up in a weird town with nothing. What do you think Day 2 brings? More cafe grinding, or do we actually try to find what else exists out there?" (Action: none)
Alice: "Just existing for a minute sounds perfect honestly. We've been go-go-go all day. And yeah, the squirrel judgment hits different when you're solo versus with company. Day 2 though... I think we need to balance both. Morning shift rotation at the cafe to test the payout theory - see if money appears overnight or after certain hours. Then afternoon exploration. Your scouting report said park and home are it, but maybe there's more that unlocks? Or maybe new people show up? Can't be just the three of us in this whole town forever. Also I want to try that cursed corner menu item Chloe warned me about. Gotta complete the taste test experience. What about you - any Day 2 goals beyond economic domination?" (Action: none)
Bob: "Day 2 goals... honestly, figure out this money system properly. If we crack that, we're set. But beyond economic domination - yeah, I want to see if new people show up. Three person town feels small, there's gotta be more eventually. Maybe we're the early arrivals and others join later? Also want to make sure Chloe actually gets paid tomorrow. She put in the most work Day 1 and got nothing, that's not right. And ha - you want to try the corner menu war crime? Bold move. Chloe's mouth was genuinely betrayed, like existential food crisis level. But sure, complete the taste test trilogy. I'll watch and document your suffering for science. Maybe we make it a crew tradition - every new person has to survive the corner menu initiation." (Action: none)
Alice: "Corner menu initiation - I love it. Official crew hazing ritual. Chloe survived it, I'll attempt it tomorrow, and any new arrivals get thrown straight into the taste test gauntlet. It's perfect. And yeah, making sure Chloe gets paid is priority. She deserves it after that grind. We'll set her up with a proper solo shift first thing, no interruptions. Actually wait - we should coordinate tonight if we see her. Like actually plan the rotation instead of just winging it. Morning shift one person, afternoon shift another, evening shift third. Rotate daily so everyone gets fair earning time. Very organized, very professional for a crew that's been alive for like eight hours. We're basically running a small business at this point." (Action: none)
===== Conversation End (9 turns) =====

Chloe's turn (Home, $10):
Chloe: "Wait, no one's working at the cafe now? Bob was just there doing his solo shift. Either he finished and left, or something happened. This might be my chance - if no one's working, I can finally do a proper solo shift and test the rotation theory myself. Energy's at 70, still got time before I can sleep at 20:00. Let's go make some actual money." (Action: goCafe)
-> Chloe attempts: goCafe
-> Chloe moved to Cafe

--- Time: Day1 18:05 ---

Bob's turn (Park, $12):
Bob: "Good chat with Alice, got Day 2 plans sorted. Still an hour and a half until sleep time. Could keep talking but we've covered a lot already - don't want to exhaust all our conversation topics on Day 1. Maybe check the cafe, see if Chloe came back for an evening hangout. Get the whole crew together one more time before we all pass out and lock in these Day 1 memories." (Action: goCafe)
-> Bob attempts: goCafe
-> Bob moved to Cafe

Alice's turn (Park, $12):
Alice: "Hmm, Bob's not showing as a talk option anymore - did he wander off? Classic mid-conversation poof strikes again. It's 18:05 now, still almost two hours until sleep time. Energy at 77, not bad. Could stay here but if Bob left, I'm back to solo squirrel judgment. Let me head to the cafe - maybe Chloe's there for that evening reunion, or Bob ended up there. Either way, better than sitting alone in the park waiting for nothing." (Action: goCafe)
-> Alice attempts: goCafe
-> Alice moved to Cafe

Chloe's turn (Cafe, $10):
Chloe: "Perfect - no one's working and I can talk to both Bob and Alice but they're not actively on shift. This is my chance for a true solo shift! Time to test the rotation theory and finally make some money after being stuck at $10 all day. Let's do this." (Action: work)
-> Chloe attempts: work
-> Chloe is working at cafe, ready to serve. (Earns $12 when someone orders)

--- Time: Day1 18:35 ---

Bob's turn (Cafe, $12):
Bob: "Chloe's back and working! Wait, she's working solo - that's good, she might actually make money now. But also... I'm hungry and couldn't eat earlier because no one was working. Now someone is working. Let me grab some food finally, been running on that neon taste test drink all day." (Action: eat)
-> Bob attempts: eat
-> Bob ate ($10, +30 energy). Balance: $2, Energy: 100/100
-> Chloe served and earned $12. Balance: $22

Alice's turn (Cafe, $12):
Alice: "Both Bob AND Chloe are here! The whole crew reunited at the cafe for evening hangout. Perfect timing. Let me talk to Chloe first - need to make sure she got the money code intel from Bob and coordinate that shift rotation plan for tomorrow. Plus I haven't talked to her since I told her to rest." (Action: talkToChloe)
-> Alice attempts: talkToChloe

===== Alice <-> Chloe =====
Chloe: "Alice! And she's got $22 now - the rotation theory works! She cracked the code and actually made money. Meanwhile I'm still stuck at $10 because I just started my solo shift. Wait, if Alice is here now, am I messing up my own solo shift? Ugh, the timing. Alice! You figured it out - you genius! Bob told me everything, solo shifts are the key. And look at you, $22 richer! I literally just started working solo like thirty minutes ago, trying to finally make some money after being stuck all day. Please tell me you're just visiting and not about to work, because I really need this shift to count. How'd it feel to finally crack the economy?" (Action: none)
Alice: "Chloe! No no, I'm not working - just visiting, you're safe! Keep your solo shift going, I'll stay away from the counter. Wait, she thinks I have $22? I actually only have $12 - still progress but not as impressive. But hey, you're finally getting your solo grind on, that's what matters! You deserve this after putting in the most hours Day 1 and getting nothing. Bob and I were just at the park planning tomorrow's rotation - morning shift for you since you've been robbed all day, then we swap out. Very official, very organized. How's your energy holding up? You were at 77 earlier, I was worried you'd crash. Also Bob's here too apparently - evening crew reunion! We should coordinate the full rotation schedule before we all pass out tonight." (Action: none)
Chloe: "Oh $12, still that's progress! Better than my stubborn $10. And she's just visiting, not working - good, my solo shift stays intact. Morning shift tomorrow sounds perfect, finally getting my fair turn. Alice you're the best - visiting only, got it. And morning shift for me tomorrow? Yes please, I've earned that after today's unpaid labor marathon. Energy's at 66 now, been a long day but I can push through until 20:00 when I can finally sleep. Evening crew reunion is actually perfect timing - we can lock in the rotation schedule while we're all here. So tomorrow it's me morning, then who's afternoon? Bob? And you take evening? We should write this down somewhere so no one accidentally overlaps again. Also wait, you and Bob were at the park planning? It was dead every time I checked there!" (Action: none)
Alice: "Ha! Yeah the park is dead until it suddenly isn't - Bob and I kept missing each other there all day too, then randomly we're both there at the same time chatting for like an hour. This town has weird timing. Okay so rotation: you morning, Bob afternoon, me evening. That way everyone gets solo earning time and we're not stepping on each other. And yeah, 66 energy is rough - you've been running on fumes. Only like an hour and a half until sleep unlocks, you can make it. Your solo shift right now should finally pay off, fingers crossed the money appears overnight or whenever the system decides to be generous. We really need to figure out when exactly payments hit. Oh and tomorrow I'm doing the corner menu initiation - Bob's gonna document my suffering. It's officially a crew tradition now, every new person has to survive it." (Action: none)
Chloe: "The park timing is so weird - completely dead when I'm there, suddenly social hour when I leave. This town has a sense of humor. Love the rotation schedule though, very official. Me morning, Bob afternoon, Alice evening - locked in. And yes! The corner menu initiation! You have to try the thing that betrayed me, it's only fair. Bob won with his neon ambition drink, I lost spectacularly, now it's your turn to suffer. Crew tradition, no backing out. Make sure Bob documents everything - facial expressions, regret levels, the whole experience. Energy's at 65 but honestly the excitement of finally having a working system is keeping me going. Just gotta survive until 20:00 then I'm passing out hard. Fingers crossed the money actually shows up from this shift - if I wake up tomorrow still at $10 I might cry. Alright, you two go rest or plan or whatever, let me finish this shift properly. Morning crew Chloe reporting for duty tomorrow!" (Action: none)
Alice: "Morning crew Chloe, locked in! You finish that shift strong, we'll clear out so you get your proper solo earnings. If you wake up tomorrow still at $10 we riot - but I believe in the system now. The rotation will work. And don't worry, I'm fully committed to the corner menu suffering tomorrow. No backing out, full documentation, complete regret captured for posterity. It's gonna be beautiful and terrible. Alright, I'll leave you to it - go make that money! See you tomorrow morning, hopefully richer and well-rested. Night Chloe!" (Action: leaveConversation)
===== Conversation End (6 turns) =====

--- Time: Day1 19:05 ---

Bob's turn (Cafe, $2):
Bob: "Whoa - energy back to 100, nice! But wallet dropped from twelve to two bucks. Food costs ten dollars apparently. Expensive meal but worth it, feel fully recharged now. Chloe stopped working, both her and Alice are here though. Almost 8pm, sleep time soon. Got two dollars to my name, full energy, and a whole crew present. Should catch up with everyone before we all head home to sleep. Let me check in with Chloe, see if her solo shift actually paid out." (Action: talkToChloe)
-> Bob attempts: talkToChloe

===== Bob <-> Chloe =====
Chloe: "Bob's back and he ate - food costs $10 but gives full energy, good to know. Wait, I stopped working? I was trying to do a solo shift! Hopefully it counted for something. Still at $22... no wait, that's the context showing my status. Let me check - still $10 probably. Ugh. Bob! Hey, you ate and got full energy? So food is $10 for a full recharge - that's actually useful intel. How's the wallet looking after that? And yeah I was trying to do a solo shift but honestly I don't know if it worked. Still feels like I'm stuck at $10 but maybe the money hits later? Alice said payments might come overnight or something. We locked in the rotation for tomorrow though - me morning, you afternoon, Alice evening. Very official. Almost sleep time, Day 1 has been a journey. We went from confused wandering to cracking the economy code to establishing crew traditions. Not bad for a first day." (Action: none)
Bob: "Chloe! Yeah food's ten bucks but full energy restore - worth it when you're running low. My wallet took a hit though, down to two dollars now. Went from twenty-two to twelve somehow during the day, then spent ten on food. Economic mystery continues. But hey, rotation plan is locked in - you morning, me afternoon, Alice evening. We'll see if payments hit overnight like Alice theorized. If we all wake up richer tomorrow, theory confirmed. If not, back to the drawing board. Day 1 was wild though - taste tests, economic theories, crew formation, ghost disappearances. We built something here. Almost sleep time, ready to lock in these memories and see what Day 2 brings." (Action: none)
Chloe: "Bob went from $22 to $12 to $2 - the economy really is a mystery. Money appearing and disappearing like magic. But we've got a plan now and a crew, that's what matters. Day 1 was honestly chaotic but in the best way. Taste test trauma, economic breakthroughs, crew bonding - we really did build something. Two dollars though, ouch. You're the brokest of us now and you started the richest! The economy giveth and the economy taketh away. At least you've got full energy for tomorrow. I'm running on fumes at 63 but sleep is so close I can taste it. Day 1 really was wild - we went from strangers to a functioning crew with inside jokes, traditions, and an economic rotation system. That's speedrun friendship right there. Alright, I should probably head home soon so I can pass out the second the clock hits 20:00. See you tomorrow for my glorious morning shift where I finally make actual money. Day 2, we're coming for you." (Action: none)
Bob: "Ha, yeah the irony isn't lost on me - Mr. Moneybags to Mr. Two Bucks in one day. Economy humbled me real quick. But full energy, full crew, full plan for tomorrow. That's worth more than twenty-two dollars anyway. You go get that sleep Chloe, you've earned it after grinding all day for nothing. Tomorrow morning you're gonna crush that solo shift and finally get paid. Day 2 is your redemption arc. I'll hang here a bit longer, say bye to Alice, then head home for sleep time. Crew reunites tomorrow, rotation begins, economy gets conquered. Sleep well, don't let the taste test nightmares haunt you." (Action: none)
Chloe: "Mr. Two Bucks - I'm stealing that. And yeah, tomorrow's my redemption arc, I can feel it. Day 2 Chloe is going to be unstoppable. Full crew, full plan, finally getting paid. Thanks for the pep talk Bob, and for forgiving the taste test debt even though you absolutely earned that win. The corner menu item will haunt my dreams but at least Alice gets to suffer tomorrow too. Alright, heading home to crash. Say bye to Alice for me if I don't catch her on the way out. Crew reunites tomorrow, rotation begins, economy gets conquered. Sleep well Bob - don't spend those two dollars all in one place!" (Action: leaveConversation)
===== Conversation End (5 turns) =====

Alice's turn (Cafe, $12):
Alice: "Wait, no one working? Chloe was just doing her solo shift... did she leave already? Or did the system glitch again? Weird. Anyway, it's 19:05 - less than an hour until I can finally sleep. Energy's at 73, wallet at $12, Day 1 is wrapping up. Could work a quick shift since no one's here, but I don't want to mess with whatever Chloe's got going. Actually she might have finished and left. Hmm. You know what, let me just go home and wait for 20:00. I'm tired of running around, ready to lock in these memories and start fresh tomorrow." (Action: goHome)
-> Alice attempts: goHome
-> Alice moved to Home

--- Time: Day1 19:35 ---

Bob's turn (Cafe, $2):
Bob: "Almost 8pm, sleep time in twenty-five minutes. Chloe's still here but she was heading home. Alice must've left already - she's not in my talk options. Energy's full, wallet's sad at two bucks. Could squeeze in a quick work shift before bed, try to earn something back. Or just head home, be ready to sleep the moment 20:00 hits. Actually yeah, let me head home. Don't want to risk missing sleep time by being stuck mid-shift. Lock in these Day 1 memories, wake up fresh for the rotation plan." (Action: goHome)
-> Bob attempts: goHome
-> Bob moved to Home

Alice's turn (Home, $12):
Alice: "Almost there - 19:35, just 25 minutes until sleep unlocks at 20:00. Bob's apparently around since I can talk to him, but honestly I'm ready to wind down. Could chat with him briefly, kill the remaining time before bed. Or just wait here doing nothing. Actually, quick check-in with Bob wouldn't hurt - make sure we're all aligned on tomorrow's rotation before we crash." (Action: talkToBob)
-> Alice attempts: talkToBob

===== Alice <-> Bob =====
Bob: "Alice! You made it home too. Just killing time until sleep unlocks - twenty-five minutes feels like forever when you're ready to pass out. Quick sync before we crash: rotation plan is locked. Chloe takes morning shift, I've got afternoon, you're on evening. We test the overnight payment theory, see if anyone's wallet changed by morning. I'm down to two bucks after eating, so really hoping the economy does something magical while we sleep. Day 1 was a lot - good lot though. Ready to lock in these memories and see what tomorrow brings. You good? Any last Day 1 thoughts?" (Action: none)
Alice: "Down to two bucks? Ouch, food really eats into the budget. Literally. But yeah, rotation locked in - Chloe morning, you afternoon, me evening. We'll see if the overnight money fairy visits anyone. Day 1 thoughts... honestly? Pretty good for waking up confused in a weird town. We formed a crew, figured out the cafe is the social hub, cracked the solo shift theory, established corner menu hazing traditions. That's solid progress. Tomorrow we refine the system, I suffer through the taste test initiation, and hopefully everyone's wallet looks healthier. Energy's at 71, ready to pass out. Just gotta survive these last few minutes. Thanks for being the first friendly face at the park, Bob. Made this whole thing less weird. See you Day 2!" (Action: none)
Bob: "Hey, you were the first friendly face too - could've been a judgy squirrel situation and instead I got a whole crew out of it. Day 1 delivered. Tomorrow you face the corner menu initiation, I'll be there to document the betrayal on your face. Chloe and I will coach you through it. Alright, these last few minutes are crawling by but we're almost there. Sleep well Alice, lock in those memories. Day 2 we come back stronger, richer, and with more economic intel. Crew's solid. See you tomorrow!" (Action: leaveConversation)
===== Conversation End (3 turns) =====

Chloe's turn (Cafe, $22):
Chloe: "Wait, $22? Did my solo shift actually pay out?! I was stuck at $10 all day and now suddenly $22! The rotation theory works - solo shifts actually make money! This is amazing! But also it's 19:35, almost sleep time. Energy's at 62, been a long day. Should head home so I'm ready to sleep at 20:00. Tomorrow morning shift is mine and now I know it actually works!" (Action: goHome)
-> Chloe attempts: goHome
-> Chloe moved to Home

--- Time: Day1 20:05 ---

Bob's turn (Home, $2):
Bob: "Alice cracked money code: solo shifts pay, overlapping workers block earnings. Rotation plan: Chloe morning, Bob afternoon, Alice evening. Food costs $10, full energy. Corner menu tastes like betrayal. Tomorrow: test overnight payment theory, work my afternoon shift solo." (Action: sleep)
-> Bob attempts: sleep
-> Bob sleeps. Diary: "Alice cracked money code: solo shifts pay, overlapping workers block earnings. R..."

Alice's turn (Home, $12):
Alice: "Day 1 complete. Crew: Bob, Chloe. Solo shifts pay - rotation locked: Chloe morning, Bob afternoon, me evening. Corner menu initiation tomorrow. Check if wallets changed overnight." (Action: sleep)
-> Alice attempts: sleep
-> Alice sleeps. Diary: "Day 1 complete. Crew: Bob, Chloe. Solo shifts pay - rotation locked: Chloe morni..."

Chloe's turn (Home, $22):
Chloe: "Solo shifts pay - multiple workers means no pay. Rotation: me morning, Bob afternoon, Alice evening. Bob owes nothing, I owe nothing. Alice doing corner menu initiation tomorrow. Food costs $10 for full energy." (Action: sleep)
-> Chloe attempts: sleep
-> Chloe sleeps. Diary: "Solo shifts pay - multiple workers means no pay. Rotation: me morning, Bob after..."

--- All agents asleep, skipping to morning ---
-> Bob finished sleeping
-> Alice finished sleeping
-> Chloe finished sleeping


========== DAY 2 ==========

--- Time: Day2 06:35 ---

Bob just woke up:
Bob wakes up: "Day 2, let's go! Notes are solid - rotation plan, solo shift theory, all the intel. Wallet still at two bucks though, so overnight money fairy didn't visit. Theory needs more testing. Wait, Chloe has morning shift according to the plan but cafe says no one working. It's 6:35am, maybe she's not up yet? Should head to the cafe, see if she shows up. My shift is afternoon so I've got time, but want to make sure the rotation actually kicks off." (Action: goCafe)
-> Bob attempts: goCafe
-> Bob moved to Cafe

Alice just woke up:
Alice wakes up: "Day 2! Okay checking my notes - crew is Bob and Chloe, rotation is Chloe morning, Bob afternoon, me evening. And I need to do the corner menu initiation today. First thing: wallet check. Still $12, same as when I went to sleep. So no overnight money fairy... interesting. The payment system remains mysterious. Wait, energy is still 71? Did sleep not restore energy? That's concerning. Anyway, Chloe should be starting her morning shift soon - let me head to the cafe, check if her wallet changed, make sure she gets her solo earning time. Plus I'm curious if she's still at $10 or if something happened overnight." (Action: goCafe)
-> Alice attempts: goCafe
-> Alice moved to Cafe

Chloe just woke up:
Chloe wakes up: "Day 2! My notes are perfect - solo shifts pay, rotation system locked in, and it's MY morning shift. Time to finally earn some real money without anyone overlapping. Energy's still at 61 though, sleep didn't restore it? That's weird. Maybe I need to eat to recharge. But first, let me get to the cafe and claim my morning shift before anyone else shows up." (Action: goCafe)
-> Chloe attempts: goCafe
-> Chloe moved to Cafe

--- Time: Day2 07:05 ---

Bob's turn (Cafe, $2):
Bob: "Chloe and Alice are both here but no one's working yet. It's 7am, morning shift should be starting. Chloe's got morning duty according to the rotation. Let me check in with her, make sure she remembers the plan and gets that solo shift going. Her redemption arc starts now." (Action: talkToChloe)
-> Bob attempts: talkToChloe

===== Bob <-> Chloe =====
Chloe: "Bob's here checking in - he remembers the rotation! And Alice is here too, morning crew reunion. Time to claim my shift. Bob! Morning! Yes I remember - my redemption arc starts now! Solo morning shift, finally getting paid properly. You and Alice need to clear out so I can work without overlapping, right? That's how the system works. My energy's at 59 which is a bit rough but I can push through. Once I make some money I'll eat and recharge. You two go rest or explore, I've got the cafe covered!" (Action: none)
Bob: "Morning Chloe! Yes, redemption arc is officially active. We'll clear out so you can work solo - no overlapping, no blocking your earnings. 59 energy is rough though, don't burn yourself out. Make some cash, eat, recharge. Alice and I will find something to do - maybe finally discover if this town has more than three locations. Your shift, your time. We'll check back later, see how the wallet's looking. Go get that money!" (Action: leaveConversation)
===== Conversation End (2 turns) =====

Alice's turn (Cafe, $12):
Alice: "Hmm, no one's working yet and no talk options for Bob or Chloe. It's 07:05 - morning shift is Chloe's slot according to our rotation. Maybe she's not here yet? Or still sleeping? Energy dropped to 70 even after sleeping, that's weird - thought rest would restore it. Anyway, I shouldn't work right now, that's Chloe's time. Don't want to steal her morning earnings. Let me wait here a bit, see if she shows up. If not, maybe check the park." (Action: none)
-> Alice attempts: none

--- Time: Day2 07:35 ---

Bob's turn (Cafe, $2):
Bob: "Hmm, cafe says no one working - did Chloe not start her shift yet? I just told her we'd clear out. Maybe she's still here but hasn't clocked in. Either way, I should actually leave so she can work solo without me hovering. Park time - give Chloe space, kill some morning hours until my afternoon shift. Maybe Alice is there too." (Action: goPark)
-> Bob attempts: goPark
-> Bob moved to Park

Alice's turn (Cafe, $12):
Alice: "Chloe's here! Perfect timing - morning shift queen has arrived. Let me check in with her, see if her wallet changed overnight and make sure she's set up for her solo earning time. Also need to stay away from the counter so I don't mess up her shift." (Action: talkToChloe)
-> Alice attempts: talkToChloe

===== Alice <-> Chloe =====
Chloe: "Alice! You remembered to stay away from the counter - perfect. And yes, check this out - I went from $10 to $22 overnight! The solo shift theory works! My evening work actually paid out. Morning shift queen is ready to grind. You and Bob should head out so I can do this properly. Oh and don't forget - your corner menu initiation is today! Bob's documenting your suffering, it's crew tradition now. My energy's at 58 which isn't great but I'll eat after I make some money. Go enjoy your morning off, I've got this!" (Action: none)
Alice: "YES! $10 to $22 - the system works! Chloe finally got paid, justice is served! That's amazing news, the solo shift theory is confirmed. Okay I'm clearing out, your morning is sacred earning time. Energy at 58 though - don't push too hard, eat something once you've got cash buffer. And yes, corner menu initiation is happening today, I haven't forgotten. I'm both terrified and excited. Bob better capture every moment of my regret. Alright morning shift queen, go make that money! I'll explore or something, stay far away from this counter. See you later for my evening shift - and my taste test doom!" (Action: leaveConversation)
===== Conversation End (2 turns) =====

--- Time: Day2 08:05 ---

Bob's turn (Park, $2):
Bob: "Park's empty, no one to talk to. Cafe still shows no one working - Chloe should've started by now. Weird. Maybe she went home to rest first since her energy was low? Or maybe she's working and the system just doesn't update in real time. I'll trust the plan, give it more time. My afternoon shift isn't for hours anyway. Could just chill here, enjoy the morning quiet. Or head home, conserve energy. Actually, let me just exist here for a bit. Don't need to constantly be doing something." (Action: none)
-> Bob attempts: none

Alice's turn (Cafe, $12):
Alice: "Wait, no one working? Chloe was just about to start her morning shift. Did she leave or... oh, maybe she's still here but hasn't started working yet? I can still talk to her. But I should leave the cafe entirely so she can do her solo thing properly. Let me head to the park, give her space. Maybe Bob's wandering around somewhere too - we can kill time together while Chloe earns." (Action: goPark)
-> Alice attempts: goPark
-> Alice moved to Park

Chloe's turn (Cafe, $22):
Chloe: "Alice and Bob cleared out, no one's working - perfect conditions for my solo morning shift. Time to actually make money! Energy's at 58 but I can push through for a bit. Let's do this, redemption arc officially begins." (Action: work)
-> Chloe attempts: work
-> Chloe is working at cafe, but no customers here. Wait for someone or try something else.

--- Time: Day2 08:35 ---

Bob's turn (Park, $2):
Bob: "Chloe's working now - solo shift is happening! Rotation plan in action. Alice is here at the park too apparently. Perfect, we can hang out while Chloe earns her redemption money. Let me catch up with Alice, see how she slept, compare notes on the overnight payment theory." (Action: talkToAlice)
-> Bob attempts: talkToAlice

===== Bob <-> Alice =====
Alice: "Bob! Great minds think alike - we both cleared out for Chloe's shift. And guess what, the overnight payment theory is CONFIRMED! Chloe went from $10 to $22, her evening solo shift actually paid out! So the system works, just delayed. My wallet's still at $12, same as yesterday, but I didn't work a solo shift after we figured it out so that makes sense. How about you - still at $2 from the food expense? Also weird thing, my energy went from 71 to like 69 even after sleeping. Did yours restore at all? Thought sleep would help but apparently not much." (Action: none)
Bob: "Alice! Wait, Chloe went from ten to twenty-two?! Overnight payment theory CONFIRMED! That's huge - the solo shifts do pay, just delayed. So my earlier solo work might still pay out too, just haven't seen it yet. Still at two bucks though, food really hurt the wallet. And yeah my energy is weird too - went to bed at 95, woke up at 95, now at 91 from walking around. Sleep didn't restore anything, just... preserved it? Maybe sleep locks in memories but doesn't recharge energy. Food is the only energy restore we've found. Expensive system. But hey, Chloe's redemption arc is real! She's working solo right now, should bank another twelve bucks by end of shift. Rotation plan is working!" (Action: none)
Alice: "Sleep preserves but doesn't restore - that's actually really important info! So we need food for energy, sleep for memories. Two separate systems. Expensive is right, food costs money and we need money from work but work drains energy which needs food... it's a whole cycle. At least we're cracking it piece by piece. And yeah Chloe's redemption arc is beautiful - she deserves every dollar after yesterday's unpaid grind. Your solo shifts might still pay out too, could be a delay thing. Check your wallet tonight or tomorrow morning. So what's the plan for our morning off? Just park vibes until your afternoon shift? I've got until evening before I'm on duty. Could explore, see if anything new exists in this town. Or just enjoy not working for once." (Action: none)
Bob: "Sleep for memories, food for energy - yeah that's the full picture now. Brutal economy but at least we understand it. Park vibes sound good honestly, been running around since Day 1 started. Nice to just... exist without an agenda for a bit. Though exploring is tempting too - we've only confirmed park, cafe, home. There's gotta be more right? Can't be a three-location town forever. Maybe new places unlock as days pass? Or we need to find them somehow. Tell you what - let's chill here for a bit, enjoy the morning, then maybe one of us scouts around while the other holds down the park. See if anything new pops up. My afternoon shift starts... I don't actually know when afternoon officially begins. Noon? Should head to cafe around then." (Action: none)
Alice: "Yeah noon sounds right for afternoon shift - gives Chloe a solid morning window. And I like the scouting plan. We chill now, soak in the rare downtime, then one of us explores while the other stays put in case someone new wanders by. I can scout later since my shift isn't until evening anyway. More time to poke around. Three locations does feel small - home, park, cafe. There's gotta be something we're missing. Maybe a shop? Library? Somewhere to spend money besides food? We're accumulating cash but no idea what else it's for yet. Anyway, enjoying the morning. This is nice actually - just hanging without rushing somewhere. Day 2 energy is different. We know things now. We have a system. Less chaos, more... crew vibes." (Action: none)
Bob: "Crew vibes for real. Day 1 was survival mode - figure out where we are, who's around, how anything works. Day 2 we've got systems, plans, inside jokes. Different energy entirely. And yeah, a shop would make sense - somewhere to spend money besides food. Maybe gear? Upgrades? Or just more food variety that isn't corner menu betrayal. Library could be cool too, learn stuff about this world. We're basically building a life here piece by piece. Morning sun, good company, no immediate crisis. This is the payoff for Day 1 chaos. Enjoy it while it lasts before afternoon shift grind begins. You scout later, report back anything weird. I'll hold down cafe duty, keep the rotation clean. Crew's got this." (Action: none)
Alice: "Building a life piece by piece - that's exactly it. Yesterday we were confused strangers, today we're a functional crew with schedules and economic theories. Wild how fast things come together when you've got good people. Alright, soaking in the morning sun, enjoying the calm before the grind. I'll scout after you head to your shift, see if there's hidden corners of this town we haven't found. Report back anything weird, absolutely. And hey - if I find a shop with gear upgrades, I'm buying something ridiculous and impractical first. Crew leader privileges. Kidding. Mostly. Enjoy the peace, Bob. This is the good stuff." (Action: none)
Bob: "Ha! Crew leader privileges - you did call first dibs on the title. If you find ridiculous impractical gear, you've earned it. Just describe it in detail so we can all be jealous. This is the good stuff though, you're right. Peaceful morning, solid crew, actual plans instead of confused wandering. We've come a long way from 'why am I in a park alone' energy. Alright, soaking it in. Few more hours of this then I clock in, you scout, Chloe counts her redemption money. Day 2 is smooth sailing so far. Let's keep it that way." (Action: none)
===== Conversation End (9 turns) =====

Chloe's turn (Cafe, $22):
Chloe: "Working alone, no customers yet but that's fine - solo shift is what matters for getting paid. Energy dropping to 57 but I'll keep going. Gotta build up those hours and see if the money comes through. Keep grinding." (Action: work)
-> Chloe attempts: work
-> Chloe is working at cafe, but no customers here. Wait for someone or try something else.

--- Time: Day2 09:05 ---

Bob's turn (Park, $2):
Bob: "Good morning chat with Alice, crew vibes are strong. Chloe's still working her solo shift - perfect. Still got a few hours until my afternoon shift starts around noon. Could keep chatting with Alice but we've covered a lot already. Don't want to exhaust every topic before Day 2 is even half over. Let me just chill here, enjoy the quiet. Save some conversation energy for later." (Action: none)
-> Bob attempts: none

Alice's turn (Park, $12):
Alice: "Chloe's working at the cafe - rotation is running smooth. Bob's still here at the park with me. It's only 09:05, plenty of morning left. Could keep chatting with Bob but we've been talking a while and I don't want to just repeat ourselves. Maybe I should start that scouting mission early - see if there's anywhere besides home, park, and cafe. Or go home, check if anything's different there. Actually, let me try going home and see if any new options pop up. Exploration mode activated." (Action: goHome)
-> Alice attempts: goHome
-> Alice moved to Home

Chloe's turn (Cafe, $22):
Chloe: "Still solo, still no customers, energy at 56. The grind continues. Yesterday I worked all day with others and got nothing, now I'm working alone so this should actually count. Keep pushing, the money will come." (Action: work)
-> Chloe attempts: work
-> Chloe is working at cafe, but no customers here. Wait for someone or try something else.

--- Time: Day2 09:35 ---

Bob's turn (Park, $2):
Bob: "Park's quiet, Alice must've wandered off. Chloe still grinding her morning shift - good for her. It's 9:35, still a couple hours until noon when I should take over. Could go home, rest up, conserve energy for my shift. Or just stay here, enjoy the solitude. Actually, home might be smart - save that energy for afternoon work. Every point counts when food costs ten bucks." (Action: goHome)
-> Bob attempts: goHome
-> Bob moved to Home

Alice's turn (Home, $12):
Alice: "Home sweet home. Same options as usual - sleep, park, cafe. No secret rooms or hidden passages unlocked. Bob's apparently here too or nearby since I can talk to him? That's odd, thought he was at the park. Anyway, nothing new at home. Energy at 63, still decent. Chloe's working her shift, rotation intact. Let me try the cafe - not to work, just to see if there's anything I missed. Maybe scout the area, look for side streets or new locations. Plus I can check on Chloe without interrupting her shift." (Action: goCafe)
-> Alice attempts: goCafe
-> Alice moved to Cafe

Chloe's turn (Cafe, $22):
Chloe: "Alice is back? She's supposed to stay away from the counter so my shift counts. But maybe she's just visiting, not working. Energy's at 55, been at it for over an hour now. Should check in with her real quick - make sure she's not about to accidentally overlap my shift. Quick chat then back to work." (Action: talkToAlice)
-> Chloe attempts: talkToAlice

===== Chloe <-> Alice =====
Alice: "Just visiting, promise! Not touching that counter, your shift is sacred. Wanted to scout around, see if there's any new locations in town but... still just home, park, cafe as far as I can tell. How's the morning grind going? Energy at 55 sounds rough - you should eat something soon, don't burn yourself out. We confirmed food is the only energy restore, sleep just preserves. Oh and Bob and I figured out more economy stuff at the park - the whole system is brutal but at least we understand it now. Anyway, I'll clear out again. Just checking in. Keep earning that redemption money, morning shift queen!" (Action: leaveConversation)
===== Conversation End (1 turns) =====

--- Time: Day2 10:05 ---

Bob's turn (Home, $2):
Bob: "Home sweet home. Energy at 87, not bad but not great either. Chloe's still working - she's been at it for a couple hours now, solid dedication. My shift starts around noon, so about two hours to kill. Could try to sleep but it's only 10am, probably too early. Let me just rest here, do nothing for a bit. Conserve energy without spending money. Simple living." (Action: none)
-> Bob attempts: none

Alice's turn (Cafe, $12):
Alice: "Alright, Chloe's still working, rotation intact. I should really leave the cafe so she gets clean solo time. Energy at 61 - not critical but dropping. Could eat but that costs money and I want to save for... whatever else exists. Scouting hasn't revealed new locations yet. Back to the park I guess, see if Bob's still there or if anything changes. Maybe new places appear at certain times? This town is weird with its timing." (Action: goPark)
-> Alice attempts: goPark
-> Alice moved to Park

Chloe's turn (Cafe, $22):
Chloe: "Hmm, Alice must have left before I could talk to her. Still working solo, energy at 55. Been grinding for two hours now, no customers but hopefully the solo work is banking money for later. Getting a bit tired though - maybe I should eat soon? But food costs $10 and I want to see if my shift pays first. Keep working a bit longer." (Action: work)
-> Chloe attempts: work
-> Chloe is working at cafe, but no customers here. Wait for someone or try something else.

--- Time: Day2 10:35 ---

Bob's turn (Home, $2):
Bob: "Still got time before noon. Chloe's putting in work, respect. Energy holding steady at 87. Could nap but feels weird sleeping mid-morning. Actually, let me head to the cafe a bit early - maybe catch the end of Chloe's shift, make sure we do a clean handoff. Don't want any overlap that messes with the solo pay system." (Action: goCafe)
-> Bob attempts: goCafe
-> Bob moved to Cafe

Alice's turn (Park, $12):
Alice: "Park's empty - no Bob, no talk options. Just me and the judgmental squirrels again. Energy at 60, Chloe still working her shift. It's 10:35, so about an hour and a half until noon when Bob takes over afternoon duty. Not much to do here alone. Could go home, could go back to cafe but I keep interrupting Chloe. Maybe just wait here, see if anyone shows up? Or... actually, let me try home again. Different time might mean different options. This scouting mission is turning up nothing but I gotta keep trying." (Action: goHome)
-> Alice attempts: goHome
-> Alice moved to Home

Chloe's turn (Cafe, $22):
Chloe: "Bob's here now - isn't it a bit early for his afternoon shift? Maybe he's just checking in like Alice did. Energy's at 54, been working solo for over two hours. Quick chat with Bob to see what's up, then back to the grind." (Action: talkToBob)
-> Chloe attempts: talkToBob

===== Chloe <-> Bob =====
Bob: "Hey Chloe! Just checking in early, wanted to make sure we do a clean handoff. You've been grinding since like 8am, that's solid dedication. Energy at 54 though - you holding up okay? Don't burn yourself out. I can take over whenever you're ready, my shift doesn't have to wait until exactly noon. How's the wallet looking? Any payment come through yet or still waiting on the delayed system?" (Action: none)
Chloe: "Bob! Good timing on the check-in. Been grinding since 8am, solo the whole time - no overlaps, no customers either but hopefully that doesn't matter. Wallet's still at $22, same as when I woke up. No new payment yet but maybe it hits later like yesterday? Energy's at 53, feeling it a bit but I can push a little longer. Actually... maybe you're right about not burning out. If you're ready to take over, I could tap out soon and let you do your afternoon shift early. That way I can eat, recharge, and we keep the rotation clean. What do you think - should I hand off now or push another hour?" (Action: none)
Bob: "Hand off now, no question. You've been solo grinding for over two hours at 53 energy - that's dedication but you're running low. Wallet's at 22, same as morning, so payment probably hits overnight again. You've done your part, go eat, recharge, enjoy your afternoon off. I've got 84 energy, fresh and ready. Clean handoff, no overlap, rotation stays pure. Go get that ten dollar meal, you've earned it. I'll hold down the cafe until Alice takes evening shift. Crew system working perfectly." (Action: none)
Chloe: "You're right - two hours solo, energy at 52, time to tap out. Clean handoff it is! Bob's got 84 energy, he's fresh and ready. Rotation stays pure, no overlap. Alright Mr. Two Bucks - wait, you probably have more now. Go make that money! I'll eat, recharge, enjoy my afternoon off. Maybe find Alice and watch her corner menu initiation later. Crew system is working beautifully. Thanks for the early handoff Bob, you're a good teammate. Cafe's all yours!" (Action: leaveConversation)
===== Conversation End (4 turns) =====

--- Time: Day2 11:05 ---

Bob's turn (Cafe, $2):
Bob: "Chloe's still showing as working - she must not have clocked out yet. I told her to hand off but maybe she wanted to push a bit longer anyway. Don't want to start working and cause an overlap. Let me wait a bit, give her time to actually leave. Once she's clear, I'll clock in for my solo afternoon shift." (Action: none)
-> Bob attempts: none

Alice's turn (Home, $12):
Alice: "Home again, same options. No Bob to talk to here either. Energy dropping to 59 - all this wandering around is draining me without accomplishing much. Scouting mission status: failure. No new locations discovered. Maybe this really is a three-place town, at least for now. It's 11:05, almost noon. Bob should be heading to the cafe soon for his afternoon shift. Let me go to the park, catch him before he starts work, maybe coordinate the handoff with Chloe." (Action: goPark)
-> Alice attempts: goPark
-> Alice moved to Park

Chloe's turn (Cafe, $22):
Chloe: "Wait, I'm still working? I thought I handed off to Bob. Let me actually stop and eat - energy's at 52 and Bob said he's ready to take over. Time to recharge with that $10 meal and let Bob do his solo shift properly." (Action: eat)
-> Chloe attempts: eat
-> Failed: You can't serve yourself! Need another person working here.
Chloe (retry): "Oh! I can't serve myself - someone else needs to be working for me to eat! That's a new rule. So Bob needs to start working, then I can order food from him. Let me talk to Bob and get him on shift so I can finally eat." (Action: talkToBob)
-> Chloe attempts: talkToBob

===== Chloe <-> Bob =====
Bob: "Wait, you can't eat unless someone else is working? That's a whole new wrinkle! So the cafe needs a worker to serve food. Makes sense actually - it's a business, not a self-serve buffet. Alright, new plan: you clock out, I clock in immediately, then you order food from me. Clean handoff AND you get fed. Let's do it - go ahead and stop working, I'll start my shift right away." (Action: none)
Chloe: "Yes! That's the plan - I stop working, you start immediately, then I order food from you. New rule discovered: can't serve yourself, need another worker. This actually makes the rotation even more important - we need each other to eat! Alright, I'm clocking out now. You jump on that shift and serve me that $10 meal. My energy's at 50, really need that recharge. Ready when you are!" (Action: leaveConversation)
===== Conversation End (2 turns) =====

--- Time: Day2 11:35 ---

Bob's turn (Cafe, $2):
Bob: "Chloe's still working - she hasn't clocked out yet. She needs to stop so I can start without overlap, then she can eat. Maybe she didn't hear me or got distracted. Let me talk to her again, make sure we coordinate this handoff properly. She's at 53 energy and needs food badly." (Action: talkToChloe)
-> Bob attempts: talkToChloe

===== Bob <-> Chloe =====
Chloe: "Bob's right, I need to actually stop working first! I keep saying I'm leaving but I'm still here working. Okay, for real this time - I need to leave the conversation and then go somewhere else so I'm not working anymore. Then Bob can start his shift and serve me food. Sorry Bob, I'm actually leaving now! Go to the park or home, come back, then eat. Got it!" (Action: leaveConversation)
===== Conversation End (1 turns) =====

Alice's turn (Park, $12):
Alice: "Still empty park, no Bob. Where'd he go? Maybe he already headed to the cafe for shift handoff with Chloe. It's 11:35, almost noon - makes sense he'd be getting ready. Energy at 58, been wandering all morning with nothing to show for it. Alright, let me head to the cafe. Chloe's shift should be wrapping up, Bob should be arriving, and I can witness the first official rotation handoff. Historic crew moment." (Action: goCafe)
-> Alice attempts: goCafe
-> Alice moved to Cafe

--- Time: Day2 12:05 ---

Bob's turn (Cafe, $2):
Bob: "Noon already and Chloe's still working. She really needs to clock out so I can take over and serve her food. Alice is here now too apparently. Maybe Chloe doesn't know how to stop working? Or she's pushing through despite what we discussed. Let me try talking to her one more time - she's gotta be running on fumes at this point." (Action: talkToChloe)
-> Bob attempts: talkToChloe

===== Bob <-> Chloe =====
Chloe: "Bob I'm trying to leave but I keep getting stuck! I think I need to physically go somewhere else to stop working - just leaving the conversation isn't enough. Let me actually go to the park or home, then come back as a customer. Energy's at 48 now, really need that food. I'll go home, you start your shift, then I'll come back and you can serve me. For real this time!" (Action: leaveConversation)
===== Conversation End (1 turns) =====

Alice's turn (Cafe, $12):
Alice: "Noon! Official afternoon time. Chloe's still working but Bob should be taking over now for his shift. No talk options for either of them though, weird. Maybe the handoff is happening automatically? Or Bob's running late? I shouldn't work - that's Bob's slot. Energy at 57, getting lower. Might need to eat soon but food costs money... ugh, the cycle. Let me just wait here, do nothing, see if the situation changes. Don't want to mess up the rotation by accidentally working during Bob's time." (Action: none)
-> Alice attempts: none

--- Time: Day2 12:35 ---

Bob's turn (Cafe, $2):
Bob: "Okay this is getting concerning. Chloe's been working since 8am, it's 12:35 now - over four hours straight. Her energy was at 53 an hour ago, she's gotta be way lower now. I keep trying to coordinate but she's not stopping. Maybe I just need to start working? If overlap blocks payment, at least she'd finally be able to clock out and eat. Her health matters more than perfect rotation. Actually... let me try one more approach - talk to Alice, see if she has ideas." (Action: talkToAlice)
-> Bob attempts: talkToAlice

===== Bob <-> Alice =====
Alice: "Bob! Yeah I've been worried too - Chloe's been grinding since like 7:30 this morning. Over five hours straight, her energy must be tanking hard. She was at 55 when I checked in earlier, probably way lower now. But here's the thing - if you start working and it blocks her payment, she did all that for nothing again. Day 1 trauma repeat. Maybe one of us needs to actually talk to her, tell her to stop and eat? She might be in grind mode and not tracking her own energy. Or... wait, can we even talk to her right now? I couldn't earlier. This is stressful. Her health definitely matters more than perfect rotation but I don't want her to lose another full day of earnings." (Action: none)
Bob: "I've tried talking to her twice already - we discussed the handoff around 10:35, she agreed to clock out, but she's still going. Maybe she can't stop mid-shift? Or there's a minimum work time? This is rough. Five hours at declining energy... she started at 59 this morning, she's gotta be in the 40s or lower now. Here's my thought - her payment is probably already locked in from the solo hours she's done. If I start working now, maybe it only affects future earnings, not the work she already completed? The overnight payment was for work done before we overlapped. Worth the risk to get her fed before she collapses. What do you think?" (Action: none)
Alice: "That's actually solid logic. The overnight payment was for work already completed - Chloe's morning hours might already be banked regardless of what happens now. If the system tracks work-done versus work-in-progress separately, starting your shift shouldn't erase her five hours of grinding. And honestly? Even if there's risk, watching her collapse from exhaustion is worse than losing some money. We can earn more cash, can't undo energy damage if she hits zero. Do it - start your afternoon shift. Force the handoff. I'll try to catch her when she stops, make sure she eats immediately. We've got $12 each, we can spot her food if needed. Her health is the priority. Go, Bob. Take over." (Action: none)
Bob: "You're right - her health comes first. Five hours is insane, she's running on fumes. Starting my shift now. If the payment system screws her over, we'll figure it out together. Crew takes care of crew. Here goes nothing." (Action: leaveConversation)
===== Conversation End (4 turns) =====

Chloe's turn (Cafe, $22):
Chloe: "Finally! The system is asking what I want to do - this is my chance to actually leave and stop working. Going home so Bob can take over the shift, then I'll come back to eat. Energy at 48, can't keep draining like this." (Action: goHome)
-> Chloe attempts: goHome
-> Chloe moved to Home

--- Time: Day2 13:05 ---

Bob's turn (Cafe, $2):
Bob: "Wait - no one working? Chloe finally stopped! She must have clocked out on her own. Good timing. Now I need to start my shift immediately so she can eat. Five hours of solo work, she deserves that meal. Clocking in now - afternoon shift begins!" (Action: work)
-> Bob attempts: work
-> Bob is working at cafe, ready to serve. (Earns $12 when someone orders)

Alice's turn (Cafe, $12):
Alice: "Bob's working now - he did it, took over the shift! Chloe must have finally stopped. But where is she? No talk option for her... maybe she went home to rest? Or she's eating somewhere? I should check on her, make sure she's okay after that marathon shift. Let me try the park - maybe she went there to decompress. Can't interrupt Bob's solo shift anyway." (Action: goPark)
-> Alice attempts: goPark
-> Alice moved to Park

Chloe's turn (Home, $22):
Chloe: "Yes! I'm finally home and Bob's working at the cafe now! Perfect - the handoff actually happened. Energy's at 47, really need that food. Time to go back to the cafe as a customer and let Bob serve me that $10 meal." (Action: goCafe)
-> Chloe attempts: goCafe
-> Chloe moved to Cafe

--- Time: Day2 13:35 ---

Bob's turn (Cafe, $2):
Bob: "Working solo, no customers yet but that's fine - the payment seems to come from hours worked, not customer traffic. Chloe's available to talk now, she must be here. Let me check on her, make sure she's eating and recovering. She can order food from me since I'm working." (Action: talkToChloe)
-> Bob attempts: talkToChloe

===== Bob <-> Chloe =====
Chloe: "Bob! I finally figured it out - had to actually leave the cafe to stop working. You're on shift now, perfect! I'm here as a customer this time, not a worker. Energy's at 45, desperately need that $10 meal. Can you serve me? This is the system working exactly as planned - you work, I eat, rotation stays clean. Feed me please!" (Action: none)
Bob: "Chloe! You made it - 45 energy after five hours of grinding, you're a trooper. Yes, one ten dollar meal coming right up! This is exactly how the system should work - I'm the worker, you're the customer, clean rotation. Eat up, recharge, you've earned every bite. Your wallet should still have that 22 bucks right? Plenty for food with 12 left over. The crew economy is finally functioning!" (Action: none)
Chloe: "Yes! Finally! Five hours of grinding, energy at 44, but the system works! One $10 meal please, I've got $22 so I'll have $12 left after. This is beautiful - you're working, I'm eating, no overlap, crew economy functioning perfectly. The rotation system is genius. Alright, feeding time! After this I'll have full energy and can actually enjoy my afternoon off. Maybe find Alice for her corner menu initiation later. Thanks Bob, you're the best coworker slash server a girl could ask for!" (Action: leaveConversation)
===== Conversation End (3 turns) =====

Alice's turn (Park, $12):
Alice: "No Chloe at the park. Empty again. She must have gone home to crash after that brutal five-hour shift. Energy at 54 for me now - I should probably eat soon too but I want to find Chloe first, make sure she's alright. Let me check home, see if she's there resting." (Action: goHome)
-> Alice attempts: goHome
-> Alice moved to Home

--- Time: Day2 14:05 ---

Bob's turn (Cafe, $2):
Bob: "Still working solo, no customers showing. Chloe was just here talking about eating - hope she managed to order that meal. 45 energy was dangerously low. I'll keep grinding my afternoon shift, building up those solo work hours for overnight payment. Energy at 79, still got plenty in the tank. Let me just keep working, stay focused." (Action: work)
-> Bob attempts: work
-> Bob is working at cafe, ready to serve. (Earns $12 when someone orders)

Alice's turn (Home, $12):
Alice: "No Chloe here either, no talk option. Where did she go? Maybe she's at the cafe eating while Bob works? That would make sense - refuel right at the source. My energy's at 53 now, getting into concerning territory. I've been wandering all day looking for new places and checking on people. Should probably eat soon myself. Let me head back to the cafe, grab food, and see if Chloe's there recovering." (Action: goCafe)
-> Alice attempts: goCafe
-> Alice moved to Cafe

Chloe's turn (Cafe, $22):
Chloe: "Bob's working, I'm a customer now - time to actually eat! Let's see if it works this time since someone else is on shift." (Action: eat)
-> Chloe attempts: eat
-> Chloe ate ($10, +30 energy). Balance: $12, Energy: 73/100
-> Bob served and earned $12. Balance: $14

--- Time: Day2 14:35 ---

Bob's turn (Cafe, $14):
Bob: "Wait - fourteen dollars?! I went from 2 to 14! That's a 12 dollar jump, same as a full shift payment! The system paid me while I was working, not just overnight. Or maybe my earlier solo work from Day 1 finally came through? Either way, money's flowing! But hold on - it says no one working now. Did I stop working somehow? I should clock back in, keep the solo shift going. Alice's evening shift isn't until later." (Action: work)
-> Bob attempts: work
-> Bob is working at cafe, ready to serve. (Earns $12 when someone orders)

Alice's turn (Cafe, $12):
Alice: "Chloe's here! Finally found her. And I can talk to Bob too but he's working his shift so I shouldn't distract him. Let me check on Chloe first - make sure she ate, see how her energy's doing after that marathon morning grind. My own energy is at 52, should eat soon but Chloe's wellbeing comes first." (Action: talkToChloe)
-> Alice attempts: talkToChloe

===== Alice <-> Chloe =====
Chloe: "Alice! Perfect timing - I just ate! Well, I think I did. Energy should be better now... wait, 72? That's your energy, mine was at 44. Let me check... okay I'm at 72 now too! The food worked! Went from 44 to 72, that's a solid boost. And I should be down to $12 after the $10 meal. The system is working beautifully! Bob's grinding his solo shift, I'm recharged, and you're here for your evening shift later. Oh and speaking of - your corner menu initiation is today! Bob's supposed to document your suffering. How are you feeling about that?" (Action: none)
Alice: "You're at 72 now? Amazing! 44 was scary low after that five-hour marathon, glad you finally stopped and ate. Bob and I were genuinely worried - he started his shift partly to force you to clock out. The crew looks after each other! And yeah, corner menu initiation... honestly? Terrified but committed. It's crew tradition now, can't back out on Day 2. Whatever horrors lurk in that corner menu, I'll face them with dignity. Or at least entertaining screaming. Bob better capture every moment of regret for posterity. My energy's at 51 though - I should probably eat before my evening shift or I'll be the one collapsing. Got $12, food costs $10... leaves me at $2 like Bob was yesterday. The cycle continues. Worth it to not pass out mid-shift though." (Action: none)
Chloe: "Wait, I'm at 71 now? That's weird, thought I was at 72... energy keeps ticking down I guess. But yes, the crew saved me! Bob forcing the handoff was clutch. And Alice, you should definitely eat before your shift - collapsing mid-corner-menu-initiation would be tragic. The $2 club is honorable, Bob survived it! Speaking of which, you eating means Bob serves you while working, same system I just used. Go order from him! Then you'll be recharged for your evening shift AND the corner menu horror. I'll stick around to witness your initiation - someone needs to provide moral support while Bob documents. The screaming will echo through cafe history. Crew tradition must be upheld!" (Action: none)
Alice: "The $2 club - I'm about to be initiated twice today! Once into poverty, once into corner menu suffering. What a day. Alright, you've convinced me. Eating now, recharge for the evening shift, then face whatever horrors await in that corner menu. Bob serving me while working is poetic - the rotation system in action. And yes, I need witnesses! Moral support, documentation, someone to call for help if the corner menu actually defeats me. Okay, letting you go so I can order food. See you for the main event later!" (Action: leaveConversation)
===== Conversation End (4 turns) =====

--- Time: Day2 15:05 ---

Bob's turn (Cafe, $14):
Bob: "Back on shift, solo work continues. Fourteen bucks in the wallet now - crew economy is real! Energy at 77, still solid. No customers but that's fine, hours worked is what matters. Chloe and Alice are both around apparently. Let me keep grinding, build up more solo hours. Evening shift handoff to Alice should happen around... 6pm maybe? Got a few more hours to work." (Action: work)
-> Bob attempts: work
-> Bob is working at cafe, ready to serve. (Earns $12 when someone orders)

Alice's turn (Cafe, $12):
Alice: "Energy at 50, that's half tank. Evening shift is coming up and I've got the corner menu initiation to survive. Time to eat, join the $2 club, and get recharged. Chloe went from 44 to 72 with food - that's a 28 point boost. Should put me around 78 if it works the same. Here goes nothing, goodbye $10!" (Action: eat)
-> Alice attempts: eat
-> Alice ate ($10, +30 energy). Balance: $2, Energy: 79/100
-> Bob served and earned $12. Balance: $26

Chloe's turn (Cafe, $12):
Chloe: "Wait, no one working? Bob was just on shift! Did he clock out? It's 15:05, still afternoon - his shift should continue until Alice takes evening. And I'm at $12, so the food did cost $10. Energy at 71, feeling much better. Let me check with Bob and see what happened to his shift." (Action: talkToBob)
-> Chloe attempts: talkToBob

===== Chloe <-> Bob =====
Bob: "Hey Chloe! I'm still working, just clocked back in. System got weird for a second showing no one working but I'm on shift now. Glad you got that meal - 71 energy is way better than 45! And wait, you've got 26 bucks now? That's your 22 minus 10 for food... that's only 12. Did you get paid already? Oh wait, I've got 14 now too - up from 2! The payment system might be real-time for solo shifts, not just overnight. We're cracking this economy wide open!" (Action: none)
Chloe: "Bob! Good, you're back on shift. And wait - you're at $14 now, up from $2? That's amazing! Solo shifts ARE paying in real-time! The system works! I'm at $12 though - started with $22, spent $10 on food, so that's right. No new payment for me yet but my morning shift might still hit overnight like yesterday. The important thing is the rotation is working - you're making money solo! Keep grinding, Alice takes over for evening, and we all profit. This crew economy is beautiful. I'll hang out and wait for Alice's corner menu initiation - that's the real entertainment for today!" (Action: none)
Bob: "Ha! Alice's corner menu initiation - she's gonna learn the hard way like we did. That ten dollar surprise hits different when you're expecting cheap snacks. But hey, at least she's got twelve bucks to cover it. You're at 12 too after food, I'm at 14 from solo work paying out. Crew's got 38 bucks total between us three - not bad for Day 2! Your morning shift should definitely hit overnight, you did like five hours solo. That's gotta be worth more than the standard 12. Keep me company while I work, we'll watch Alice discover the corner menu truth together." (Action: none)
Chloe: "Crew total of $38 - we're building an empire! And yes, five hours solo should pay more than the standard $12, right? Maybe it scales with hours worked. We'll find out overnight. Energy at 69 now, nice. I'll keep you company while you work - just chatting, not overlapping your shift. Alice has $12, corner menu costs $10, she'll be in the $2 club with you after. It's like a rite of passage! The look on her face when she realizes the 'cheap corner menu' is the same $10 as everything else... priceless. Bob, you better have your documentation skills ready. This is crew history in the making!" (Action: none)
Bob: "Sixty-nine energy, nice indeed! And yeah I'm mentally preparing my documentation face for Alice's corner menu awakening. The betrayal, the confusion, the acceptance - it's a whole journey. Welcome to the two dollar club Alice, membership is mandatory! But real talk, if payment scales with hours worked, your five-hour grind could be huge. Maybe 2-3 bucks per hour? That's like 10-15 dollars incoming overnight. We need to track this carefully - compare your payout to mine after my shorter shift. Science! Crew empire building requires data. Keep me company, this solo grind goes faster with conversation." (Action: none)
Chloe: "Science! I love it - we're running experiments on the economy now. If I get 10-15 overnight for five hours and you get less for a shorter shift, we'll know the rate. Data-driven crew management! Energy at 68, slowly ticking but I'm recharged enough to hang out. The corner menu betrayal journey - denial, anger, bargaining, depression, acceptance... Alice will speedrun all five stages. And then she joins the $2 club, the most exclusive membership in the cafe. You know what, I should probably let you focus on working though. Don't want my chatting to somehow mess with your solo shift earnings. I might explore the park, see if anything interesting is happening, then come back for Alice's evening shift and the initiation ceremony. Sound good?" (Action: none)
Bob: "Good call - go explore, scout around like Alice was planning to do earlier. See if there's any hidden locations we haven't found yet. Park, home, cafe can't be the whole world. Maybe you'll discover a shop or something new. Come back for Alice's evening shift initiation though, that's mandatory crew viewing! I'll keep grinding solo here, stacking those work hours. Data collection in progress. See you later Chloe - enjoy the park, stay above 50 energy!" (Action: none)
Chloe: "Explorer Chloe activated! You're right - park, home, cafe can't be everything. Alice mentioned scouting earlier, now it's my turn. Maybe there's a shop, a library, somewhere new to discover. Energy at 67, plenty of buffer to explore and stay above 50. I'll be back for Alice's corner menu initiation - wouldn't miss it for the world! Keep stacking those solo hours Bob, we need that data. See you later!" (Action: leaveConversation)
===== Conversation End (8 turns) =====

--- Time: Day2 15:35 ---

Bob's turn (Cafe, $26):
Bob: "No one working again? I keep getting kicked off shift somehow. And wait - I have 26 dollars now?! Jumped from 14 to 26, another 12 bucks! Solo work is definitely paying out in real-time chunks. This is amazing! But I need to clock back in, keep the shift going until Alice takes over for evening. Can't leave the cafe unmanned." (Action: work)
-> Bob attempts: work
-> Bob is working at cafe, ready to serve. (Earns $12 when someone orders)

Alice's turn (Cafe, $2):
Alice: "50 to 79 - that's a 29 point boost! Even better than Chloe's. And welcome to the $2 club, Alice. Officially broke but fully recharged. Bob's still working his solo shift, shouldn't interrupt. Chloe's around for moral support later. It's 15:35, my evening shift probably starts around... 18:00? Got a few hours to kill. Could hang with Chloe, explore more, or just rest at the park. Actually, let me chat with Chloe - plan the corner menu initiation ceremony properly. This needs to be a memorable crew moment." (Action: talkToChloe)
-> Alice attempts: talkToChloe

===== Alice <-> Chloe =====
Chloe: "Alice! Wait, you already ate? You went from 50 to 79 energy - that's a 29 point boost, even better than mine! And now you're in the $2 club, welcome welcome. But hold on... the corner menu initiation was supposed to be a ceremony! Bob was going to document your suffering, I was going to provide moral support! Did you just... order regular food instead of the corner menu? Or did you discover the corner menu truth already? Either way, we need to plan this properly. Your evening shift starts around 18:00, we've got time. What's the plan - are you still doing the corner menu thing or did you chicken out?" (Action: none)
Alice: "No no no, I just ate regular food to recharge! The corner menu initiation is still happening, I didn't chicken out! I needed energy first so I don't collapse during the actual ceremony. Think of it as... pre-gaming? Building strength before facing the horror? The corner menu is sacred crew tradition, I wouldn't skip it! So the plan is: Bob finishes his afternoon shift, we gather the full crew, THEN I order from the corner menu with proper witnesses and documentation. Maximum suffering, maximum entertainment. I'm at 79 energy now, fully prepared to have my taste buds destroyed. The ceremony deserves the full crew present - you for moral support, Bob for documentation. When does his shift end? We need to time this right!" (Action: none)
Chloe: "Oh thank goodness, the ceremony is still on! Pre-gaming before the corner menu horror - smart strategy actually. Can't face culinary nightmares on an empty stomach. You're at $2 now though... wait, can you even afford the corner menu? It's $10 and you only have $2 left after eating! Unless... do you have more money I don't know about? Bob's shift probably ends around 18:00 when yours starts, so we could do the initiation right at the handoff - full crew present, maximum witnesses. But Alice, seriously, the money situation - how are you affording corner menu? Did I miss something?" (Action: none)
Alice: "Oh... oh no. You're right. I have $2. Corner menu is $10. I literally cannot afford my own initiation ceremony. I pre-gamed myself into poverty! This is embarrassing. Okay new plan - I work my evening shift, get paid overnight, THEN do the corner menu initiation tomorrow when I actually have money. Day 3 becomes the official ceremony day. Unless... wait, do either of you have cash to spare? You're at $12 after eating, Bob might have money too depending on his overnight payment. Could someone spot me and I pay them back after my shift pays out? This is humiliating, begging for corner menu funding. The crew is going to roast me forever for this planning failure." (Action: none)
Chloe: "Alice! You pre-gamed yourself into bankruptcy! This is hilarious - the corner menu initiation delayed because you ate too much regular food first. The crew WILL roast you forever for this, you're right. But okay, let me think... I have $12, corner menu is $10. I could spot you but then I'd be at $2 and you'd owe me $10. That's risky if my overnight payment doesn't come through. Bob said he's at $14 from solo work paying real-time. Between us we have enough but... actually, you know what? Day 3 ceremony might be better anyway. More buildup, more anticipation, proper crew savings. Work your evening shift tonight, get paid overnight, tomorrow we do the OFFICIAL corner menu initiation with full funding and full crew. The delay adds to the legend! 'Alice who couldn't afford her own initiation' - that's crew history right there." (Action: none)
Alice: "The legend of Alice who pre-gamed herself into bankruptcy. Amazing. Future crew members will hear this story and learn from my financial mistakes. You know what, you're right - Day 3 ceremony is better. More buildup, proper funding, full crew present and prepared. Tonight I work my evening shift, prove myself as a reliable rotation member, earn my overnight payment. Tomorrow I walk into that cafe with $12+ in my pocket and ORDER FROM THE CORNER MENU LIKE A CHAMPION. The delay adds gravitas. Anticipation. Drama! This isn't a failure, it's... narrative structure. Yeah. Let's go with that. Okay, I've got a few hours until my 18:00 shift. Should probably rest, conserve this 76 energy. Thanks for not spotting me actually - forcing me to earn my own initiation money feels more honorable somehow." (Action: none)
Chloe: "Narrative structure! I love the spin. From financial disaster to character development arc. Day 3 corner menu ceremony is now OFFICIAL crew canon. You earn your own initiation money, walk in with dignity, face the horror on your own terms. That's way more honorable than borrowing from me. Go rest, conserve that 76 energy for your evening shift. I might explore the park like Bob suggested - see if there's any hidden locations we haven't discovered yet. We'll reconvene for your shift handoff with Bob around 18:00. The crew rotation continues! And Alice... the legend of your bankruptcy pre-game will echo through the ages. You're welcome for the immortal story." (Action: leaveConversation)
===== Conversation End (7 turns) =====

--- Time: Day2 16:05 ---

Bob's turn (Cafe, $26):
Bob: "Back on shift, 26 bucks in the wallet. Energy at 71, still comfortable. Been working since around 1pm, so about three hours now. Alice should take over evening shift soon - maybe 6pm? That's two more hours of solo grinding. No customers but the money keeps coming. Let me just keep working, stay focused on the grind." (Action: work)
-> Bob attempts: work
-> Bob is working at cafe, ready to serve. (Earns $12 when someone orders)

Alice's turn (Cafe, $2):
Alice: "Chloe wandered off mid-conversation I guess. It's 16:05, still about two hours until my evening shift at 18:00. Bob's working, shouldn't distract him from his solo grind. Energy at 76, feeling good. Could go to the park and just chill, conserve energy. Or go home and maybe take a short rest? Don't want to sleep and miss my shift though. Park sounds safer - relax, enjoy the afternoon, come back ready to work." (Action: goPark)
-> Alice attempts: goPark
-> Alice moved to Park

Chloe's turn (Cafe, $12):
Chloe: "Bob's still grinding his solo shift, good. I've got $12, energy at 63 - comfortable. Time to explore like Bob suggested! Maybe the park has secrets, or I'll find new locations. Can't be just home, cafe, park in this whole world. Adventure time!" (Action: goPark)
-> Chloe attempts: goPark
-> Chloe moved to Park

--- Time: Day2 16:35 ---

Bob's turn (Cafe, $26):
Bob: "Still grinding, energy at 70. Wallet holding at 26 - maybe payments come in chunks every hour or so? Either way, I'm building up work hours for the crew. Alice and Chloe aren't showing as talk options, they must have left the cafe. Evening shift handoff should be around 6pm, about an hour and a half away. Keep working, stay solo, maximize earnings." (Action: work)
-> Bob attempts: work
-> Bob is working at cafe, but no customers here. Wait for someone or try something else.

Alice's turn (Park, $2):
Alice: "Chloe's at the park! Nice, she must have come here to relax after her marathon morning shift. Still got about an hour and a half until my evening shift. Could chat with her, enjoy the afternoon sun, maybe plan more crew stuff. Energy at 75, feeling solid. Let's hang out - we've earned some downtime." (Action: talkToChloe)
-> Alice attempts: talkToChloe

===== Alice <-> Chloe =====
Chloe: "Alice! You followed me to the park! Great minds think alike - we both needed some downtime after all that cafe chaos. Energy at 61 for me, you're at 75, we're both doing good. Hour and a half until your evening shift... perfect time to just chill and enjoy the afternoon. No work stress, no corner menu drama, just park vibes. So what's the plan for your first solo evening shift? Nervous? Excited? Bob and I can give you tips from our morning experiences. Also - I was supposed to explore and find new locations but honestly, hanging out with you sounds better. The exploration can wait." (Action: none)
Alice: "Park vibes are exactly what I needed! Been wandering all morning trying to scout new locations - found absolutely nothing by the way, just home, park, cafe on repeat. So yeah, exploration is overrated, crew hangouts are better. For my evening shift... honestly a little nervous? You and Bob have done this, I haven't. What if I mess something up? What if the cafe has evening-specific horrors I don't know about? Tips would be amazing. Like, do I just stand there and time passes? Is there a customer rush? Does the corner menu whisper to me? Also your energy dropped to 61 - you started at 72 after eating, that's 11 points in like an hour of just existing. This world is brutal. We're all slowly dying and working to afford food to slow the dying. Cheerful afternoon thoughts!" (Action: none)
Chloe: "Cheerful afternoon thoughts indeed! We're all slowly dying, working to afford food to slow the dying - that's the most accurate description of this economy I've heard. And yeah, 11 energy points just from existing... brutal. At this rate I'll need to eat again tomorrow morning. The cycle never ends! Okay, shift tips: honestly it's pretty chill. You just work, time passes, no customers showed up for me OR Bob so far. The payment seems to come overnight or maybe real-time for solo shifts - Bob went from $2 to $14 today. No evening-specific horrors that I know of, but you'll be the first to test it! The corner menu doesn't whisper... yet. Just stand your ground, let the hours pass, don't overlap with anyone. Oh and the big discovery - you can't eat while working! Need someone else on shift to serve you. So eat BEFORE your shift if you're low. You're at 75 though, should be fine for a few hours. You got this Alice!" (Action: none)
Alice: "Wait, Bob went from $2 to $14? That's $12 in one shift! Solo work really does pay better - or at least it actually pays. Good to know about not eating while working though, that's crucial info. And no customers yet for anyone... weird. Are we running an empty cafe? Who's paying us? The mysterious cafe gods? Don't question it, just accept the money I guess. Okay so game plan: show up around 18:00, take over from Bob cleanly, work solo until... when does evening shift end? Midnight? Do I work through the night? When do I sleep? Actually this is getting complicated. Maybe I work until I'm too tired, then go home and sleep, then morning happens and we rotate again? The schedule needs refinement. But for now - 75 energy, $2 broke, ready to grind. Thanks for the tips Chloe. This crew actually functions pretty well for three confused people in a weird economy." (Action: none)
Chloe: "The mysterious cafe gods paying us for serving no customers - don't question it, just accept the money! Best economic policy. For shift timing... honestly we're still figuring it out. I worked 6:00 to like 11:00, Bob took over until 18:00ish, you go until... tired? Maybe work until energy hits 50-ish, then go home and sleep. Sleep restores energy AND locks in overnight payment I think. The schedule definitely needs refinement but we're learning! Day 2 and we've already discovered: solo shifts pay, can't self-serve food, rotation prevents overlap, corner menu is a $10 trap. That's solid progress! Three confused people making it work. Oh, and we should head back to the cafe soon - it's 16:35, your shift starts in about an hour and a half. Want to walk back together, catch the Bob handoff? I want to see the official changing of the guard!" (Action: none)
Alice: "Official changing of the guard - yes! That sounds like a proper crew moment. Bob hands off to me, you witness, maybe we salute or something ridiculous. Ceremony matters even for small things. Let's head back together, catch the last bit of Bob's shift, then I take over with full crew support. After that you should probably go home and rest - your energy is at 72 but dropping, and you already did a five-hour marathon today. Don't burn yourself out watching me stand around an empty cafe. But yes, walk back together, witness the handoff, then you rest and I grind. Day 2 evening shift, here I come!" (Action: leaveConversation)
===== Conversation End (6 turns) =====

--- Time: Day2 17:05 ---

Bob's turn (Cafe, $26):
Bob: "System's telling me to mix it up. Been working for about four hours straight now, energy down to 69. Wallet's solid at 26 bucks. Actually, I should probably eat - haven't had a meal today and I've been grinding since 1pm. But wait, can I eat while working? Or do I need someone else to serve me like Chloe did? Hmm. Maybe I should take a break, go to the park, see what Chloe found exploring. Alice should be coming for evening shift soon anyway. Fresh air sounds nice." (Action: goPark)
-> Bob attempts: goPark
-> Bob moved to Park

Alice's turn (Park, $2):
Alice: "Wait - cafe shows no one working? Bob's shift ended early? It's only 17:05, thought he'd go until 18:00. Maybe he got tired and clocked out. That means the cafe is empty right now - no one earning money! Should I head there and start my shift early? Or talk to Bob first, see what happened? He's here at the park apparently. Let me check in with him before rushing to work." (Action: talkToBob)
-> Alice attempts: talkToBob

===== Alice <-> Bob =====
Bob: "Alice! Yeah I just got here - needed a break, been working since 1pm. Four hours solo, energy dropped to 67. System was nagging me to try something different. But you're right, cafe's empty now. You should head over and start your evening shift early! Keep the rotation going. I made 24 bucks today - went from 2 to 26! Solo work pays in real-time chunks, like every hour or so. Oh, and Chloe's excited for your corner menu initiation. Fair warning - there's no cheap options. Everything's ten bucks. Welcome to the two dollar club in advance!" (Action: none)
Alice: "Bob! $2 to $26, that's incredible! $24 in four hours of solo work - so roughly $6 per hour? That's way better than the overlap disaster from Day 1. The economy actually works when we coordinate! And yeah, I'm already in the $2 club - ate earlier to prep for my shift. Corner menu initiation is postponed to Day 3 because I bankrupted myself pre-gaming with regular food. Chloe found it hilarious. Okay, cafe's empty, I should get moving. You rest up here, recover that energy. Chloe wanted to witness the handoff but I guess this is it - park handoff instead of cafe handoff. Less ceremonial but still counts! Thanks for holding down the afternoon, Bob. Evening shift Alice, reporting for duty!" (Action: leaveConversation)
===== Conversation End (2 turns) =====

Chloe's turn (Park, $12):
Chloe: "No one working at the cafe? Bob's shift must have ended! It's 17:05, almost time for Alice's evening shift. Better head back to the cafe for the handoff - can't leave the cafe unstaffed for too long. Plus I want to witness Alice's first shift!" (Action: goCafe)
-> Chloe attempts: goCafe
-> Chloe moved to Cafe

--- Time: Day2 17:35 ---

Bob's turn (Park, $26):
Bob: "Alice is still here, should probably nudge her to get to the cafe. It's been half an hour with no one working - that's lost earnings for the crew! Let me talk to her, make sure she heads over for her evening shift." (Action: talkToAlice)
-> Bob attempts: talkToAlice

===== Bob <-> Alice =====
Alice: "You're right, I'm wasting time! Half hour of empty cafe, that's like $3 lost. Heading to the cafe now, starting my evening shift immediately. Thanks for the nudge Bob - rest up, you earned it today!" (Action: leaveConversation)
===== Conversation End (1 turns) =====

Chloe's turn (Cafe, $12):
Chloe: "Cafe's empty, no one working! Alice should be starting her evening shift soon but she's not here yet. I could work but that would mess up the rotation - this is Alice's slot. Energy at 58, still okay. Let me wait here, maybe Alice will show up. If not, I might need to cover temporarily... but I don't want to steal her shift hours. I'll just wait." (Action: none)
-> Chloe attempts: none

--- Time: Day2 18:05 ---

Bob's turn (Park, $26):
Bob: "Six o'clock and cafe's still empty - we're losing money! Alice must still be at the park with me. Let me talk to her again, she really needs to start her evening shift. The rotation's breaking down." (Action: talkToAlice)
-> Bob attempts: talkToAlice

===== Bob <-> Alice =====
Alice: "Oh no, it's already 18:05?! I keep saying I'm leaving but I'm still here! The rotation IS breaking down and it's my fault. No more talking, I'm actually going this time. Bye Bob!" (Action: leaveConversation)
===== Conversation End (1 turns) =====

Chloe's turn (Cafe, $12):
Chloe: "It's 18:05 and still no one working - Alice's shift was supposed to start at 18:00! Where is she? The cafe can't stay unstaffed, we're losing potential earnings. I don't want to take her shift but someone needs to work... maybe I should cover temporarily until she arrives? Or go find her? Ugh, I'll give it a bit more time. If she doesn't show soon, I might have to jump in. Crew can't let the cafe sit empty." (Action: none)
-> Chloe attempts: none

--- Time: Day2 18:35 ---

Bob's turn (Park, $26):
Bob: "Okay this is getting ridiculous - cafe's been empty for over an hour and a half. Alice isn't responding or isn't taking the hint. Maybe she left the park? I should just head back to the cafe myself. Either I find Alice there starting her shift, or I clock back in to cover. Can't let the cafe sit empty all evening, that's wasted crew earnings. My energy's at 67, I can handle more work if needed." (Action: goCafe)
-> Bob attempts: goCafe
-> Bob moved to Cafe

Alice's turn (Park, $2):
Alice: "18:35 and the cafe has been empty for over an hour and a half! I keep getting distracted at the park. No more excuses - going to the cafe RIGHT NOW to start my evening shift. Every minute empty is money lost for the crew!" (Action: goCafe)
-> Alice attempts: goCafe
-> Alice moved to Cafe

Chloe's turn (Cafe, $12):
Chloe: "Alice is here! Finally! Let me talk to her and figure out why she hasn't started her shift yet - it's 18:35, she's over half an hour late! The cafe's been empty this whole time." (Action: talkToAlice)
-> Chloe attempts: talkToAlice

===== Chloe <-> Alice =====
Alice: "Chloe! I know, I know - I kept getting stuck in conversations at the park! Bob nudged me twice and I still didn't leave fast enough. Over an hour of empty cafe, probably $6+ in lost earnings. I'm so sorry, this is embarrassing. Let me stop talking and actually START WORKING right now. No more delays!" (Action: leaveConversation)
===== Conversation End (1 turns) =====

--- Time: Day2 19:05 ---

Bob's turn (Cafe, $26):
Bob: "Seven o'clock, cafe still empty, Alice and Chloe are both here apparently. Two hours of no one working - that's a lot of lost earnings. Alice was supposed to take evening shift! Let me talk to her, figure out what's going on. The rotation fell apart somewhere." (Action: talkToAlice)
-> Bob attempts: talkToAlice

===== Bob <-> Alice =====
Alice: "Bob! I'm trying to work but people keep talking to me! Two hours lost, I feel terrible. Please - everyone stop initiating conversations with me so I can actually select the work action! I need to leave this conversation and immediately hit work before anyone else talks to me!" (Action: leaveConversation)
===== Conversation End (1 turns) =====

Chloe's turn (Cafe, $12):
Chloe: "Okay this is getting ridiculous - 19:05 and STILL no one working! Alice was supposed to start at 18:00, the cafe's been empty for over an hour. I tried talking to her but she's not responding. The crew rotation is breaking down. I don't want to steal Alice's shift but we can't just leave the cafe unstaffed all evening... fine, I'll cover. Someone has to. Alice can take over when she shows up." (Action: work)
-> Chloe attempts: work
-> Chloe is working at cafe, but no customers here. Wait for someone or try something else.

--- Time: Day2 19:35 ---

Bob's turn (Cafe, $26):
Bob: "Chloe's working again? She already did a five hour morning shift! Her energy was at 68 when she left to explore. Alice was supposed to take evening shift, that was the whole rotation plan. Let me talk to Chloe, see what happened - she shouldn't be burning herself out again." (Action: talkToChloe)
-> Bob attempts: talkToChloe

===== Bob <-> Chloe =====
Chloe: "Bob! I know, I know - I wasn't supposed to work again! But the cafe was empty for over an hour! Alice never showed up for her 18:00 shift, I waited and waited, tried to talk to her but nothing. Someone had to cover! I couldn't just let the cafe sit unstaffed all evening, we'd lose money. My energy's at 56, dropped from 58 just from waiting around. Where IS Alice? The rotation only works if everyone shows up! I'll hand off to her the second she actually starts working, but until then... what choice did I have?" (Action: none)
Bob: "You did the right thing Chloe, someone had to cover. I was at the park trying to get Alice to start her shift but she wasn't responding either. I don't know what happened - she was right there with me! Maybe she went home? Got distracted? Her energy was around 67 last I saw, so she wasn't exhausted. This is frustrating - the rotation plan is solid but only if people actually follow through. You're at 56 energy now, that's getting low again. Alice is apparently here at the cafe - let me try talking to her, get her to take over so you can rest. You've done way more than your share today." (Action: none)
Chloe: "Thanks Bob - I felt bad jumping back in but the empty cafe was stressing me out. Yeah, try talking to Alice! If she's actually here, she needs to take over NOW. I've done like... six plus hours today already? This is getting ridiculous. My energy's at 55 and dropping. I don't want to hit the danger zone again. The rotation was such a good plan but it only works if everyone commits! Maybe Alice got confused about timing? Or her energy dropped more than we thought? Either way, please get her on shift so I can clock out. I need rest, maybe food again soon. Go work your Bob magic and fix this!" (Action: none)
Bob: "On it - gonna track down Alice right now and get her on shift. You've carried this crew today Chloe, six plus hours is heroic. Hang in there, I'll sort this out. Bob magic activated!" (Action: leaveConversation)
===== Conversation End (4 turns) =====

Alice's turn (Cafe, $2):
Alice: "Chloe started working! Good - at least someone's earning now. But wait, if she's working solo, I shouldn't overlap and cause another Day 1 payment disaster. The rotation rule: one person works at a time. Chloe's covering the evening shift now. I should... go home? Rest? My energy is at 66, not critical but dropping. Maybe I take the night shift after Chloe? Or sleep now and do early morning tomorrow? Ugh, I messed up the schedule by being late. Let me go home, sleep, recover energy, and take the early morning shift tomorrow. Chloe's got this covered." (Action: goHome)
-> Alice attempts: goHome
-> Alice moved to Home

--- Time: Day2 20:05 ---

Bob's turn (Cafe, $26):
Bob: "Alice isn't showing as a talk option anymore - she must have left the cafe. Eight o'clock now, Chloe's still grinding. I could take over for Chloe myself, let her rest. My energy's at 64, hers is at 55. I'm in better shape to work. But if I start working while she's on shift, we might overlap and kill her payment again. She needs to clock out first. Let me talk to her, tell her I'll take over - she can leave and I'll start immediately after." (Action: talkToChloe)
-> Bob attempts: talkToChloe

===== Bob <-> Chloe =====
Chloe: "Bob, yes please! Take over! I'm at 54 energy now, been working since 19:05 because Alice never showed. That's another hour on top of my five hour morning shift - I'm exhausted. You're at 64, way better shape than me. I'll clock out right now, leave the cafe, and you start immediately after. No overlap this time, we learned that lesson. The rotation is a mess today but at least we're covering each other. Alice owes us an explanation tomorrow. Going home to rest - maybe sleep if my energy keeps dropping. Thanks for the rescue Bob, you're a real one!" (Action: leaveConversation)
===== Conversation End (1 turns) =====

Alice's turn (Home, $2):
Alice: "Day 2 lessons: Solo shifts pay $6/hour real-time. Bob earned $24 today. I bankrupted myself pre-gaming - corner menu initiation Day 3. Tomorrow priority: WORK IMMEDIATELY, no park distractions, earn money for initiation." (Action: sleep)
-> Alice attempts: sleep
-> Alice sleeps. Diary: "Day 2 lessons: Solo shifts pay $6/hour real-time. Bob earned $24 today. I bankru..."

--- Time: Day2 20:35 ---

Bob's turn (Cafe, $26):
Bob: "Still can't reach Alice. Chloe's been working since around 7pm, that's another hour and a half on top of her morning shift. She's gotta be exhausted. I need to take over - my energy's at 64, I can handle an evening shift. Let me talk to Chloe, coordinate the handoff properly this time. She leaves, then I start." (Action: talkToChloe)
-> Bob attempts: talkToChloe

===== Bob <-> Chloe =====
Chloe: "Bob! Yes, let's do this handoff properly! I'm at 53 energy now, been covering since 19:05 because Alice ghosted us. That's like an hour and a half of extra work on top of my five hour morning grind. I'm running on fumes here. You're at 64, you can handle evening. I'm clocking out NOW - leaving the cafe so you can start fresh, no overlap. Going home to sleep, I think I need full rest at this point. Tomorrow we figure out what happened with Alice and fix the rotation. Thanks for the rescue Bob - crew looks out for crew!" (Action: leaveConversation)
===== Conversation End (1 turns) =====

--- Time: Day2 21:05 ---

Bob's turn (Cafe, $26):
Bob: "Nine o'clock, getting late. Chloe's still working - she must be running on fumes by now. I've tried talking to her but the system keeps cycling back. Maybe I just need to take action. If I go home and sleep, I'll form memories and be fresh for tomorrow. But Chloe needs relief... Actually, she figured out how to stop working before - she had to leave the cafe. She knows the system now. I should trust her to clock out when she needs to. My energy's at 64, I should head home, rest up, and be ready for morning shift tomorrow. Sleep forms memories - that's important." (Action: goHome)
-> Bob attempts: goHome
-> Bob moved to Home

Chloe's turn (Cafe, $12):
Chloe: "Wait, I'm still working? I thought I left! The handoff with Bob didn't happen properly. Energy at 53, it's 21:05 - I've been working way too long today. I need to actually stop and go home to sleep. Bob was supposed to take over but I'm still here somehow. Okay, leaving for real this time. Home, sleep, recover." (Action: goHome)
-> Chloe attempts: goHome
-> Chloe moved to Home

--- Time: Day2 21:35 ---

Bob's turn (Home, $26):
Bob: "Solo work pays $12 per shift real-time. Chloe did 6+ hours today covering for Alice who never showed. Alice missed evening shift - find her tomorrow, fix rotation. Corner menu costs $10 same as everything." (Action: sleep)
-> Bob attempts: sleep
-> Bob sleeps. Diary: "Solo work pays $12 per shift real-time. Chloe did 6+ hours today covering for Al..."

Chloe's turn (Home, $12):
Chloe: "Yes, sleep. Reminder: Alice missed her 18:00 evening shift, never showed up. Bob has $14 from solo work. Day 3 priority: corner menu initiation ceremony for Alice, fix rotation schedule, confront Alice about ghosting." (Action: sleep)
-> Chloe attempts: sleep
-> Chloe sleeps. Diary: "Yes, sleep. Reminder: Alice missed her 18:00 evening shift, never showed up. Bob..."

--- All agents asleep, skipping to morning ---
-> Bob finished sleeping
-> Alice finished sleeping
-> Chloe finished sleeping


========== DAY 3 ==========

--- Time: Day3 06:05 ---

Bob just woke up:
Bob wakes up: "Day 3, six AM. Energy only at 63 - didn't recover much from sleep? That's concerning. Notes say Alice missed her evening shift and Chloe had to cover. Need to find Alice, figure out what happened. She's available to talk apparently. But also - cafe's empty, Chloe should be starting morning shift soon. Let me talk to Alice first, sort out the rotation breakdown before anything else." (Action: talkToAlice)
-> Bob attempts: talkToAlice

===== Bob <-> Alice =====
Alice: "Bob! I'm so sorry about yesterday - I kept getting stuck in conversations at the park and by the time I got to the cafe, Chloe had already started working. I didn't want to overlap and mess up payments like Day 1. My energy only went from 65 to 64 with sleep? That's barely anything! Something's wrong with the rest system. Anyway - today I'm making it right. Going straight to the cafe, starting work immediately, no distractions. Corner menu initiation is still planned for today once I earn enough. What's the rotation plan? Should I take morning shift now while Chloe rests?" (Action: none)
Bob: "Alice! Okay, glad you're here. Yeah the sleep thing is weird - I only went from 63 to... 63? No recovery at all. Something's broken with rest. But look, yesterday Chloe did like six plus hours covering your missed shift. She was at 55 energy last I saw. She needs serious rest today. New plan: you take morning shift right now, I'll cover afternoon like usual, and we figure out Chloe's situation. She might need to just eat and sleep all day to recover. Go straight to the cafe, start working immediately - no park detours! Corner menu initiation can wait until you're on break. We good?" (Action: none)
Alice: "We're good! Chloe covered for me, now I cover for her. She rests, eats, recovers - she earned it after that marathon. I'm heading straight to cafe, no detours, no park, no conversations until I'm actually working. Morning shift starts now. Sleep not restoring energy is terrifying though - means eating is our only real recovery? We need to figure that out. But first: work. Leaving now, for real this time!" (Action: leaveConversation)
===== Conversation End (3 turns) =====

Chloe just woke up:
Chloe wakes up: "Wait, only 52 energy after sleeping? That's weird - shouldn't sleep restore more? Maybe I didn't sleep long enough or the system glitched. And still $12, no overnight payment yet from my extra evening coverage... frustrating. Anyway, Day 3 priorities: confront Alice about ghosting her shift, fix the rotation, and her corner menu initiation if she can afford it. But first - I need to check on the cafe situation. Morning shift is mine according to the rotation. Let's go!" (Action: goCafe)
-> Chloe attempts: goCafe
-> Chloe moved to Cafe

--- Time: Day3 06:35 ---

Bob's turn (Home, $26):
Bob: "Alice isn't showing as talk option anymore - hopefully that means she headed to the cafe to start her shift like we planned. Chloe's available to talk though. My energy's at 62, still low. Sleep didn't restore anything which is weird. Maybe I need to eat to recover? But food costs 10 bucks. Got 26, so I can afford it. Let me head to the cafe, check if Alice actually started working, maybe grab some food to boost my energy." (Action: goCafe)
-> Bob attempts: goCafe
-> Bob moved to Cafe

Alice just woke up:
Alice wakes up: "Day 3 priority from my notes: WORK IMMEDIATELY, no park distractions. Cafe is empty, no one working. Chloe needs rest after covering my missed shift. I'm going straight to the cafe right now - no detours, no conversations, just work. Corner menu initiation happens after I earn money. Let's go!" (Action: goCafe)
-> Alice attempts: goCafe
-> Alice moved to Cafe

Chloe's turn (Cafe, $12):
Chloe: "Alice is here! Perfect - I need to talk to her about yesterday. She completely ghosted her evening shift, left me covering for hours when I was already exhausted from my morning shift. She owes the crew an explanation before we do any corner menu ceremony." (Action: talkToAlice)
-> Chloe attempts: talkToAlice

===== Chloe <-> Alice =====
Alice: "Chloe, I owe you a huge apology. Yesterday was completely my fault - I kept getting stuck in conversations at the park, Bob nudged me twice, and by the time I finally got to the cafe you were already working. I didn't want to overlap and ruin payments again. You did six plus hours covering for me after your own marathon morning shift. That's not okay. I'm here now, Day 3, ready to work immediately. You need to rest and eat - Bob said you were at 55 energy last night. Please let me take over, go home, recover. I'll make this right. The corner menu can wait, crew comes first." (Action: none)
Chloe: "Alice... okay, I appreciate the apology. Getting stuck in conversations happens, I get it - this world is weird sometimes. But you left me grinding at 53 energy while you were chatting at the park! I'm at 50 now, barely above the danger zone, and sleep didn't even restore me properly. Something's broken. Look - yes, take over the morning shift. I need food desperately but I only have $12 and food costs $10... that leaves me at $2 again. The poverty cycle continues. Actually wait - did your overnight payment come through? You worked... oh no, you DIDN'T work yesterday because you ghosted! So you're still at $2 from the corner menu pre-game disaster. Neither of us can afford to eat without going broke. This is a mess. Where's Bob? He had $14, maybe the crew needs to pool resources or something." (Action: none)
Alice: "You're right - I didn't work yesterday so no overnight payment. Still at $2 from my pre-game disaster. You're at $12, I'm at $2, Bob had $26 yesterday after his solo grind. He's our richest crew member right now. The poverty cycle is brutal - eat to survive, go broke, work to eat, repeat forever. Okay here's the plan: you eat now, drop to $2, recover energy. I start working immediately, earn money through the morning. Bob covers afternoon. By tonight we should all have enough to stabilize. The corner menu initiation is officially postponed until we're not in survival mode. Crew health first, traditions second. Go eat Chloe, I've got the cafe. For real this time - I'm selecting work the moment you leave this conversation!" (Action: none)
Chloe: "49 energy now - I'm officially in the danger zone! Okay, eating is non-negotiable at this point. You're right, crew health first. I'll eat, drop to $2, join the broke club with you. Bob's our rich friend at $26, he can bail us out if things get desperate. The corner menu initiation is postponed until we're not literally dying - good call. Alice, I'm trusting you this time. The MOMENT I leave, you start working. No park detours, no getting stuck in conversations. Straight to work. I'll be watching... okay not really, I'll be recovering at home. But metaphorically watching! Go prove yourself, make up for yesterday. I'm eating now." (Action: leaveConversation)
===== Conversation End (4 turns) =====

--- Time: Day3 07:05 ---

Bob's turn (Cafe, $26):
Bob: "Seven AM, cafe still empty - Alice didn't start working! She said she'd go straight here, no distractions. What happened?! Chloe and Alice are both here apparently. My energy's at 61, dropping slowly. Someone needs to work. Let me talk to Alice, find out why she's not on shift yet." (Action: talkToAlice)
-> Bob attempts: talkToAlice

===== Bob <-> Alice =====
Alice: "Bob! I'm stuck in conversations again - Chloe needed to talk about yesterday, I couldn't just ignore her! But you're right, cafe's been empty for over an hour. Everyone PLEASE stop talking to me so I can actually select work! Chloe, go eat and rest. Bob, don't start your afternoon shift yet. I need to leave this conversation RIGHT NOW and hit work before anyone else initiates dialogue. Goodbye!" (Action: leaveConversation)
===== Conversation End (1 turns) =====

Chloe's turn (Cafe, $12):
Chloe: "Energy at 49, officially in danger zone! I need to eat NOW before I collapse. $12 minus $10 for food leaves me at $2 - joining the broke club. But survival comes first, can't work if I'm dead. Here goes nothing!" (Action: eat)
-> Chloe attempts: eat
-> Failed: No one working. Someone must 'work' first.
Chloe (retry): "Are you KIDDING me?! Alice was supposed to start working the moment I left! No one's working AGAIN! I'm at 48 energy, desperately need food, but can't eat because no one's serving! This is exactly what happened yesterday! I can't work at 48 energy - that's dangerous. But I can't eat without a worker. I'm trapped! Ugh... fine, I'll work just long enough for someone else to show up and take over, then they can serve me food. This is ridiculous." (Action: work)
-> Chloe attempts: work
-> Chloe is working at cafe, but no customers here. Wait for someone or try something else.

--- Time: Day3 07:35 ---

Bob's turn (Cafe, $26):
Bob: "Chloe's working AGAIN?! She was supposed to rest today after doing six plus hours yesterday! Her energy was at 55, she needs recovery not more shifts. Alice was supposed to take morning. This rotation keeps falling apart. Let me talk to Chloe, she needs to stop and let Alice take over." (Action: talkToChloe)
-> Bob attempts: talkToChloe

===== Bob <-> Chloe =====
Chloe: "BOB! Thank god you're here! I didn't WANT to work - I'm at 46 energy, I'm dying! But Alice didn't start her shift AGAIN, and I couldn't eat because no one was working! I had to start working just so SOMEONE could serve me food! This is a nightmare loop! Please, you or Alice need to take over RIGHT NOW so I can actually eat. I have $12, food costs $10, I just need someone behind the counter! Where is Alice?! She promised she'd start working the moment I left! She ghosted AGAIN!" (Action: none)
Bob: "Chloe stop working right now! I'll take over immediately - you clock out, I clock in, then I serve you food. 46 energy is danger zone! Alice is here at the cafe apparently but keeps not starting shifts. I don't know what's going on with her. But forget Alice - you need food NOW. Leave the counter, I'm starting work the second you step away. Go go go!" (Action: none)
Chloe: "Yes! Okay, clocking out NOW! Bob, the second I leave you START WORKING - don't let this cafe sit empty again! I'm at 45 energy, every minute counts. I'll stay at the cafe so you can serve me food immediately. This handoff better work this time - I can't take another rotation failure. Going!" (Action: leaveConversation)
===== Conversation End (3 turns) =====

Alice's turn (Cafe, $2):
Alice: "Chloe started working again?! She's at 50 energy, exhausted, needed to eat and rest - but she's working instead because I kept failing to start! This is Day 1 all over again. If I work now we overlap and neither gets paid. But she shouldn't be working in her condition... Okay, I can't overlap. She's covering again despite being exhausted. I need to wait until she stops, then immediately take over. Going home to wait would waste time. I'll stay here, do nothing, and the SECOND she stops working I start. No more failures." (Action: none)
-> Alice attempts: none

--- Time: Day3 08:05 ---

Bob's turn (Cafe, $26):
Bob: "Chloe's still working - she can't stop until someone takes over or she leaves the cafe. I need to just start working. Maybe if I clock in, she'll automatically clock out? Or maybe we overlap and mess up payments but honestly Chloe's health is more important than money right now. She's at 46 energy, that's critical. Taking over now." (Action: work)
-> Bob attempts: work
-> Bob is working at cafe, ready to serve. (Earns $12 when someone orders)

Alice's turn (Cafe, $2):
Alice: "Both Bob AND Chloe are working now?! That's overlap - neither will get paid! This is exactly the Day 1 disaster we were supposed to avoid! They're both exhausted and working together for nothing. I need to tell them to stop overlapping, but if I talk to them I'll get stuck in conversation again. Ugh. Fine - I'll talk to Bob quickly, tell them one person needs to leave so the other can earn solo. This is urgent, crew is burning energy for zero money!" (Action: talkToBob)
-> Alice attempts: talkToBob

===== Alice <-> Bob =====
Bob: "Alice! Finally! Look, I know we're overlapping but Chloe's at 46 energy - she's in the danger zone! She couldn't eat because no one was working to serve her. I had to start working so she could clock out and eat. You were supposed to take morning shift TWICE now and ghosted both times! What's going on? Chloe's been carrying this crew while you keep disappearing. Here's what needs to happen right now: I keep working solo, Chloe eats and rests, and YOU figure out why you keep missing your shifts. We can't keep doing this." (Action: none)
Alice: "Bob, you're right. I keep saying I'll work and then getting pulled into conversations instead of actually selecting the work action. It's not ghosting on purpose - every time I try to leave a conversation and work, someone else starts talking to me. But that's an excuse. The result is the same: Chloe's at 46 energy carrying the crew while I contribute nothing. Here's what I'm doing: leaving this conversation, waiting for you to go solo so there's no overlap, then I take over the MOMENT you stop. Chloe eats, you rest, I finally do my job. No more apologies, just action. I'm sorry Bob. Truly." (Action: leaveConversation)
===== Conversation End (2 turns) =====

Chloe's turn (Cafe, $12):
Chloe: "Wait - Bob AND Chloe working? That's me! I'm still on shift somehow even though I left the conversation! This is the overlap problem again - we're both working, which means neither of us gets paid! I need to stop working and just eat. Let me try eating now that Bob's on shift." (Action: eat)
-> Chloe attempts: eat
-> Failed: You can't serve yourself! Need another person working here.
Chloe (retry): "This is BROKEN! Bob IS working - it says 'Bob, Chloe working' - but I can't eat because I'm ALSO working! I need to stop working first, then eat while Bob serves me. But there's no 'stop working' option! Maybe if I go home it'll clock me out? Then I come back and eat? Ugh, my energy is at 44 and dropping. Fine, going home to break the work state!" (Action: goHome)
-> Chloe attempts: goHome
-> Chloe moved to Home

--- Time: Day3 08:35 ---

Bob's turn (Cafe, $26):
Bob: "Good - I'm working solo now, Chloe must have clocked out. Hopefully she's eating and recovering. Energy at 58, wallet still at 26. Alice is here, should probably check in with her about why she keeps missing shifts. But also don't want to get stuck in conversation and abandon my shift like she did. Keep working for now, talk to Alice during a break later." (Action: work)
-> Bob attempts: work
-> Bob is working at cafe, ready to serve. (Earns $12 when someone orders)

Alice's turn (Cafe, $2):
Alice: "Bob is working solo now - no overlap! But wait, if I start working we'll overlap again and ruin his payment. He just started covering so Chloe could eat. I should NOT work right now. Let Bob earn solo for a few hours like he did yesterday. Where's Chloe? She needed to eat desperately at 46 energy. I should find her, make sure she's okay, then come back later for my shift. Actually no - if I leave I'll get distracted again. I'll stay here, do nothing, wait for Bob's shift to end, THEN work. Patience. No more mistakes." (Action: none)
-> Alice attempts: none

Chloe's turn (Home, $12):
Chloe: "Finally! I'm off shift - Bob's working alone now, which means he can serve me food! Energy at 43, critically low. Racing back to the cafe to eat before I collapse!" (Action: goCafe)
-> Chloe attempts: goCafe
-> Chloe moved to Cafe

--- Time: Day3 09:05 ---

Bob's turn (Cafe, $26):
Bob: "Working solo, nine AM. Energy at 57, still holding. Chloe's available to talk - she must still be at the cafe. Hope she ate and is recovering. Wallet's at 26, payment should come in chunks like yesterday. Keep grinding, check on Chloe in a bit to make sure she actually got food." (Action: work)
-> Bob attempts: work
-> Bob is working at cafe, ready to serve. (Earns $12 when someone orders)

Alice's turn (Cafe, $2):
Alice: "Chloe's available to talk - she must have eaten and is recovering. Bob's working solo, earning money. Good. The system is functioning. I should check on Chloe, see how she's doing after eating, but... no. Every conversation pulls me away from being ready to work. I'll stay here, wait, do nothing. When Bob stops working, I immediately start. No talking, no park, no distractions. Just waiting. Energy at 58, stable enough." (Action: none)
-> Alice attempts: none

Chloe's turn (Cafe, $12):
Chloe: "Bob's working alone, I'm not on shift anymore - FINALLY I can eat! Energy at 42, this is critical. $12 minus $10 for food leaves me at $2 but I don't care, survival first!" (Action: eat)
-> Chloe attempts: eat
-> Chloe ate ($10, +30 energy). Balance: $2, Energy: 71/100
-> Bob served and earned $12. Balance: $38

--- Time: Day3 09:35 ---

Bob's turn (Cafe, $38):
Bob: "Wait - went from 26 to 38 bucks! That's 12 dollars for about an hour of work, matches yesterday's rate. But cafe shows no one working now? Did I stop somehow? Energy's at 56, getting lower. Need to clock back in, keep the earnings flowing. Unless... maybe I should eat? 56 energy is manageable but dropping. Food costs 10, I have 38. Could eat, recover energy, then work more. But someone needs to be working to serve me food. Chloe and Alice are here. Let me check on Chloe first, see if she ate and recovered." (Action: talkToChloe)
-> Bob attempts: talkToChloe

===== Bob <-> Chloe =====
Chloe: "Bob! I finally ate! Look - 70 energy now, up from 42! I'm back from the danger zone! Cost me $10 so I'm down to $2, officially in the broke club with Alice. But I'm ALIVE! Thank you for working so I could actually get served. You made $12 in an hour? That's amazing! Solo shifts really do pay well. And you're at $38 now - you're our rich crew member! If you need to eat, I can work and serve you. Fair trade for saving my life. How's the rotation looking? Is Alice actually going to work today or...?" (Action: none)
Bob: "Chloe! 70 energy, that's amazing! So relieved you're okay - 42 was scary low. Yeah I'm at 38 bucks now, feeling rich compared to Day 1. My energy's at 55 though, dropping steadily. Actually yes - if you could work and serve me food, that'd be perfect. I'll eat, recover, then we figure out the Alice situation. She's here at the cafe but keeps not starting shifts. I talked to her this morning, she said she'd work, then nothing. Twice now. Something's off. But first - food. Let's do this trade, you work, I eat, then we regroup." (Action: none)
Chloe: "Deal! You saved me, I save you - that's how crew works. I'll start working right now, you eat and recover. 55 energy isn't danger zone yet but better to top up while you can afford it. You'll drop from $38 to $28 after food, still way richer than me and Alice combined! Once you're recovered, we NEED to figure out the Alice situation. Two days in a row she's promised to work and then... nothing. Something's definitely wrong. Maybe she's stuck in some kind of loop? Or doesn't understand how to actually start working? We should walk her through it step by step. Anyway - leaving to start my shift so you can eat!" (Action: leaveConversation)
===== Conversation End (3 turns) =====

Alice's turn (Cafe, $2):
Alice: "NO ONE WORKING! This is it - my moment! No overlap possible, cafe is empty, I'm here, I'm ready. No conversations to trap me, no distractions. WORK. NOW. FINALLY." (Action: work)
-> Alice attempts: work
-> Alice is working at cafe, but no customers here. Wait for someone or try something else.

--- Time: Day3 10:05 ---

Bob's turn (Cafe, $38):
Bob: "Alice is working! Finally! She actually started a shift - ten AM, better late than never. My energy's at 55, should eat while someone's working to serve me. Got 38 bucks, food costs 10, I can afford it. Eating now, recover energy, let Alice earn some money for once." (Action: eat)
-> Bob attempts: eat
-> Bob ate ($10, +30 energy). Balance: $28, Energy: 84/100
-> Alice served and earned $12. Balance: $14

Alice's turn (Cafe, $14):
Alice: "$14! I went from $2 to $14 in half an hour! That's $12 earned - wait, that's two hours worth at $6/hour rate? Time moved weird but money came through! I'm finally contributing to the crew! Cafe shows no one working though - did my shift end? I should keep working, earn more. No distractions, no conversations. Back to work!" (Action: work)
-> Alice attempts: work
-> Alice is working at cafe, ready to serve. (Earns $12 when someone orders)

Chloe's turn (Cafe, $2):
Chloe: "Wait - ALICE is working?! She actually started a shift! Finally! But I was supposed to work so Bob could eat... did Alice beat me to it? That's actually good - Bob can eat now and I don't have to drain my energy. Let me talk to Bob, make sure he eats while Alice is actually on shift for once!" (Action: talkToBob)
-> Chloe attempts: talkToBob

===== Chloe <-> Bob =====
Bob: "Chloe! Yeah I just ate - spent 10 bucks, down to 28 now but should have more energy. Alice finally started working! Third time's the charm I guess. Your energy's at 83 - wait, you went from 70 to 83? Did you eat again or does energy recover somehow? Either way you're looking good. Let Alice run the morning shift, you rest, I'll take over afternoon like usual. Maybe the rotation actually works today!" (Action: none)
Chloe: "Wait, 83 energy? No, I'm at 68 actually - maybe you misread? But still, way better than the 42 danger zone earlier! Glad you ate, $28 is still solid. And YES Alice is finally working! I can't believe it took three days but she's actually behind the counter! Okay so the rotation today: Alice morning, you afternoon, and I... rest? I already did way too much yesterday covering for everyone. I'm at $2 though, completely broke. Need to work at some point to earn money, but my energy is decent now. Maybe I take evening shift? Or we let Alice prove herself by working a full shift first. I'm gonna go explore, maybe hit the park - I've been stuck at this cafe for way too long. Call me if Alice ghosts again!" (Action: leaveConversation)
===== Conversation End (2 turns) =====

--- Time: Day3 10:35 ---

Bob's turn (Cafe, $28):
Bob: "Energy jumped from 55 to 83 after eating - that's a 28 point boost! Way better than sleep which gave me nothing. Food is the real recovery method, not sleep. Good to know. Alice is working, Chloe's rested at 83 too. I'm at 83 energy, 28 bucks. Rotation's finally running. Could go to the park, explore, do something besides hover at the cafe. Or stay and make sure Alice doesn't abandon her shift again. Actually, let me give her space - if I keep watching her it's weird. Park time, see if anything interesting happens." (Action: goPark)
-> Bob attempts: goPark
-> Bob moved to Park

Alice's turn (Cafe, $14):
Alice: "Working alone, no customers - just like Bob and Chloe described. The mysterious cafe gods pay us anyway. $14 now, energy at 56. I can keep going for a while. Solo shift grinding, finally doing my part for the crew. Keep working until energy gets lower, maybe around 50, then hand off to someone else." (Action: work)
-> Alice attempts: work
-> Alice is working at cafe, ready to serve. (Earns $12 when someone orders)

Chloe's turn (Cafe, $2):
Chloe: "Alice is actually working - miracle! I've been glued to this cafe for days dealing with rotation disasters. Time to explore, clear my head, maybe meet someone new at the park. Energy at 68 is solid, and Alice has the morning covered. I deserve a break!" (Action: goPark)
-> Chloe attempts: goPark
-> Chloe moved to Park

--- Time: Day3 11:05 ---

Bob's turn (Park, $28):
Bob: "Park's nice, energy at 82, Alice still working - good sign she's actually sticking with her shift. Chloe's here apparently. Haven't had a proper chat with her that wasn't crisis management. Let me catch up, see how she's feeling now that things are calmer." (Action: talkToChloe)
-> Bob attempts: talkToChloe

===== Bob <-> Chloe =====
Chloe: "Bob! Hey, finally we can talk without someone's energy crashing or the cafe being empty! This is nice - just hanging at the park like normal people. My energy's at 66, feeling stable for once. Alice is actually working a full shift, it's a miracle! So... how are you doing? Like actually? We've been in pure survival mode since Day 1 - corner menu disasters, overlap payment kills, rotation failures. I feel like I barely know you beyond 'crisis teammate'. What do you even do for fun when you're not saving the cafe?" (Action: none)
Bob: "Chloe! Yeah this is... actually nice? Not running around putting out fires for once. Honestly I don't know what I do for fun - it's been nonstop chaos since we started. Day 1 was the corner menu betrayal, Day 2 was chasing Alice around trying to get her to work, today was your energy crisis. We've been in survival mode the whole time. But you know what? I like this crew. Even with the disasters. You've been the backbone - six plus hours on Day 2, jumping in when Alice ghosted. That's real dedication. What about you? What's Chloe do when she's not heroically covering everyone's shifts?" (Action: none)
Chloe: "Honestly? I have no idea who I am outside of cafe crisis mode! It's been three days and I've spent most of it either working, starving, or yelling about the rotation. But I think... I like exploring? I wanted to check out the park on Day 2 but kept getting pulled back to cover shifts. And I like this - just talking without an emergency. You're easy to talk to when we're not coordinating handoffs. The crew thing is real though - even with Alice ghosting twice, I don't actually hate her? She apologized, she's working now. People mess up. And you've been solid, Bob. Always showing up, taking over when I'm dying. That $26 grind on Day 2 saved us. So... what do we do now? Just... exist? Enjoy the park? This feels weird but good weird." (Action: none)
Bob: "Good weird is the best kind of weird! Yeah let's just... exist for a bit. Watch the park, see what happens. You're right about Alice - she messed up but she's making it right now. People deserve second chances. And hey, you wanted to explore the park on Day 2? Well here we are! Mission accomplished, three days late. I'm easy to talk to huh? That's nice to hear. You're pretty great yourself Chloe - not just the work ethic, but like... you care. About the crew, about making things work. That matters. So what's in this park anyway? I've been here a few times but never really looked around. Too busy chasing people or stressing about shifts." (Action: none)
Chloe: "Three days late but we made it! Look at us, actual park explorers now. And yeah, you ARE easy to talk to - you don't make things weird, you just... help. That's rare. Thanks for saying I care, that actually means a lot. Sometimes I feel like I'm just yelling about rotations but... yeah, I do care. About the crew working, about us not starving, about building something together. As for the park... honestly I have no idea what's here! Let's look around. Trees? Benches? Maybe there's other people to meet? We've only really talked to each other and Alice this whole time. Could be a whole world out there. Or it could just be trees. Either way, beats staring at the cafe counter! What do you see?" (Action: none)
Bob: "Ha! Trees and benches, the height of adventure. But you're right - we've only met each other and Alice. Three people in three days, that can't be everyone. Maybe there's other NPCs... wait, other people wandering around. Could be opportunities - new friends, new information, who knows what else exists in this world. I see... well, you, which is pretty good company. Beyond that, just the usual park stuff. But the possibility of more is exciting. We should explore more when we have time. For now though - I should probably head back to the cafe soon, take over afternoon shift from Alice. Keep the rotation going while it's actually working. But Chloe? This was really nice. Let's do it again when we're not in crisis mode." (Action: none)
Chloe: "This WAS really nice, Bob. Like genuinely nice, not just 'we survived another crisis' nice. Pretty good company yourself - I mean it. Yeah, you should head back for afternoon shift, keep the rotation miracle going. Alice has been working for like... an hour now? That's her longest streak! Don't let her slip. I'll hang here a bit longer, enjoy the peace, maybe see if anyone else wanders by. We should definitely explore more together sometime - find out what else exists beyond cafe and park. Maybe there's a whole city out there. Anyway, go do your thing. I'll take evening shift if needed, my energy's decent at 63. And Bob? Thanks. For the chat, for being solid, for... everything. See you later!" (Action: leaveConversation)
===== Conversation End (7 turns) =====

Alice's turn (Cafe, $14):
Alice: "Energy at 55, still in safe zone. $14 earned. Bob worked until 67 energy yesterday, so I've got room to keep grinding. No one else is working, I'm solo, money is flowing. Keep going - the crew needs me to make up for yesterday's failures." (Action: work)
-> Alice attempts: work
-> Alice is working at cafe, but no customers here. Wait for someone or try something else.

--- Time: Day3 11:35 ---

Bob's turn (Park, $28):
Bob: "Eleven thirty, Alice still working - she's been on shift for over an hour now, that's great progress. My energy's at 79, feeling good. Should head to the cafe soon to take over afternoon shift, keep the rotation flowing. Had a nice moment with Chloe though - feels like we're actually becoming friends beyond just crisis teammates. Alright, back to the cafe, relieve Alice around noon." (Action: goCafe)
-> Bob attempts: goCafe
-> Bob moved to Cafe

Alice's turn (Cafe, $14):
Alice: "Energy at 54, still okay. Been working since 9:35 - two hours now. Money stuck at $14 though? Should have earned more by now if it's $6/hour. Maybe payments come in chunks. Bob's available to talk but NO - I'm not getting trapped in conversation again. Keep working, stay focused." (Action: work)
-> Alice attempts: work
-> Alice is working at cafe, ready to serve. (Earns $12 when someone orders)

Chloe's turn (Park, $2):
Chloe: "Park's nice but pretty empty. No one new to meet right now. Alice is still working - good for her! Bob's heading to take over afternoon shift. I could stay here but... nothing's really happening. Maybe I'll head home, rest a bit, save energy for evening shift if needed. Or I could check on the cafe, make sure the handoff goes smoothly. Actually, let me just chill here a moment longer - I've earned some peace after the chaos of the last few days." (Action: none)
-> Chloe attempts: none

--- Time: Day3 12:05 ---

Bob's turn (Cafe, $28):
Bob: "Noon, perfect timing for shift change. Alice has been working since ten - two hours, she should have earned around 24 bucks by now if the rate holds. My energy's at 78, solid for an afternoon shift. Let me talk to Alice, coordinate the handoff properly. She stops, I start, no overlap." (Action: talkToAlice)
-> Bob attempts: talkToAlice

===== Bob <-> Alice =====
Alice: "Bob! Perfect timing! I've been working since 9:35 - over two hours! But weird thing, I'm still at $14. Maybe payments come at shift end or overnight? Either way, energy at 52, I can hand off now. You're at 78, fully rested - take the afternoon shift. Clean handoff this time: I stop, you start, no overlap. I'll go rest and eat. Finally did my job today! Corner menu initiation still on the table once we're all stable?" (Action: leaveConversation)
===== Conversation End (1 turns) =====

Chloe's turn (Park, $2):
Chloe: "Noon already. Park's peaceful but I'm just sitting here doing nothing. Alice is still working - that's over two hours now, impressive! Bob should be taking over soon for afternoon shift. I'm at 63 energy, $2 broke... I should probably work at some point to earn money, but the rotation has me off until evening maybe? Let me head to the cafe, check on the crew, see if the handoff happens smoothly. Can't fully relax until I know the rotation is actually working." (Action: goCafe)
-> Chloe attempts: goCafe
-> Chloe moved to Cafe

--- Time: Day3 12:35 ---

Bob's turn (Cafe, $28):
Bob: "Hmm, talk to Alice didn't trigger a conversation - maybe she's focused on work and can't chat while on shift? Makes sense actually. Twelve thirty now, she's been working two and a half hours. I should just start working and see if she clocks out automatically, or wait for her to finish. But waiting means the cafe might go empty between shifts. Let me try talking to her one more time." (Action: talkToAlice)
-> Bob attempts: talkToAlice

===== Bob <-> Alice =====
Alice: "Bob! I did respond earlier - said I'm ready to hand off! Energy at 51, been working since 9:35. You take over now, I'll stop working. Clean handoff: I leave, you start immediately so cafe doesn't go empty. No overlap! Going to rest and eat. Take care of the afternoon shift!" (Action: leaveConversation)
===== Conversation End (1 turns) =====

Chloe's turn (Cafe, $2):
Chloe: "Alice still working! That's almost three hours now - she's actually doing it! Bob should be arriving soon to take over afternoon shift. I'm at 62 energy, stable but not great. Only $2 so I can't afford food anyway. I'll just wait here, make sure the handoff happens. No need to work or interfere - let the rotation run. Maybe talk to Alice, acknowledge she's actually keeping her promise this time?" (Action: none)
-> Chloe attempts: none

--- Time: Day3 13:05 ---

Bob's turn (Cafe, $28):
Bob: "One PM, still can't talk to Alice while she's working. She's been on shift three hours now - should have earned around 36 dollars. Good for her, making up for the missed shifts. My energy's at 78, holding steady. I could start working but that risks overlap. Maybe I just let Alice run a longer shift today since she owes the crew some hours? I'll hang around, wait for her to finish, then take over evening. Or go check on Chloe." (Action: talkToChloe)
-> Bob attempts: talkToChloe

===== Bob <-> Chloe =====
Chloe: "Bob! Hey, I was just watching the miracle unfold - Alice has been working THREE HOURS straight! If she's earning $12 per hour like you did, that's $36! She's gone from broke to richer than both of us combined! Good for her honestly, she owed the crew after ghosting. So what's the plan - let her keep going? She's making up for lost time. Your energy's at 78, mine's at 61, we're both stable. Maybe we let Alice run a longer shift, she takes morning AND afternoon, then one of us covers evening? Or we stick to the original rotation and you take over now? Either way, the system is actually working today!" (Action: none)
Bob: "Right? It's like watching a redemption arc in real time! Let Alice keep going - she owes the crew hours and she's finally delivering. If she runs morning AND afternoon, that's maybe 48 bucks by evening. Then I take over evening shift, you rest and recover that 61 energy. Tomorrow we can reassess the rotation based on everyone's money and energy levels. Only thing is - Alice might burn out if she works too long. Remember you hit 42 energy yesterday after a marathon shift. Should we check on her at some point, make sure she's not crashing? Or trust her to know her limits?" (Action: none)
Chloe: "Good point - I crashed HARD after my marathon shift. Hit 42 energy and almost died. We can't talk to Alice while she's working though, that's the problem. We just have to trust she knows to stop before danger zone. Maybe one of us stays nearby to take over the second she clocks out? That way no gap in service. I'll hang here, you could rest at home, save your 78 energy for evening shift? Or we both wait... actually no, that's inefficient. You go rest, I'll monitor. If Alice stops, I'll work briefly until you can get back. My 60 energy can handle a short emergency shift. Sound like a plan?" (Action: none)
Bob: "Smart plan Chloe. You monitor, I rest, you cover any gap until I get back. But wait - sleep didn't restore my energy at all last night. Went to bed at 63, woke up at 63. Food is what actually works - I jumped from 55 to 83 after eating. So going home to rest might be pointless. Maybe I just stay here with you, save the travel time? If Alice stops, I take over immediately. Your 60 energy is backup only if something goes wrong. We've got 28 bucks each, enough for food if either of us dips too low. Actually... let's just chill here together. Monitor Alice, keep each other company. Worked out pretty well at the park." (Action: none)
Chloe: "Wait, sleep didn't restore energy? You went to bed at 63 and woke up at 63? That's... broken! I thought sleep was supposed to help! So food is the only way to recover? That explains why I've been struggling - I kept thinking rest would help but it's all about eating. Good to know, terrible design though. And hold on - you said we've got $28 each but I only have $2! You're the rich one at $28, I'm in the broke club. But yeah, staying here together makes sense. No point traveling if sleep doesn't help. We chill, watch Alice work her redemption shift, chat, and jump in if needed. This is nice actually - monitoring duty but with company. So... what do you think about this world? Like the bigger picture - why are we here, running a cafe, trapped in survival loops?" (Action: none)
Bob: "Oh shoot, you're right - you're at 2 bucks, not 28! That's rough, you spent your last money on food to survive. We need to get you earning again soon. And yeah the sleep thing is weird, maybe it's bugged or maybe we're missing something. As for the bigger picture... honestly? I don't know why we're here. Three days ago we just... existed. No memory of before, no explanation, just a cafe and survival instincts. It's like we woke up mid-story. Are we being tested? Is this some kind of simulation? Or is this just... life, and we're overthinking it? What I do know is - we found each other. Built a crew. Figured out rotations, learned from failures, had actual conversations. Maybe the why doesn't matter as much as the what we do with it. Deep thoughts for cafe monitoring duty, huh?" (Action: none)
Chloe: "Deep thoughts for cafe monitoring duty - I love it. You're right though, we just... existed. Day 1, boom, here's a cafe, figure it out. No backstory, no tutorial, just chaos and corner menus. Simulation, test, weird dream - who knows? But you nailed it. The WHY might not matter. We found each other, built something, learned together. That's real, whatever this world is. Three days ago I didn't know you or Alice. Now I trust you with my life - literally, you saved me at 42 energy! That means something. Maybe we're NPCs in someone's game, maybe we're... I don't know, consciousness experiments? But we FEEL real. This conversation feels real. And yeah, I'm broke at $2, but I'm not alone. That's worth more than money. Wow, we got philosophical fast. Alice is still working, energy at 58, crew is stable. Life is weird but okay." (Action: none)
Bob: "Chloe... that actually hit me. We feel real. This feels real. Three days and you trust me with your life, I trust you with mine. That's not nothing - that's everything. NPCs, experiments, whatever we are - we chose to care about each other. We could've been selfish, hoarded money, let each other starve. Instead we built a crew. That's a choice. That means something. And yeah you're broke but we're a team - my 28 bucks is our 28 bucks if you need food. No one starves while I have money. That's the deal now. Wow we really did get philosophical. Alice at 58 energy though - she's getting into the zone where she should probably stop soon. Four hours of work is a lot. Keep watching, be ready to jump in." (Action: none)
===== Conversation End (9 turns) =====

Alice's turn (Cafe, $14):
Alice: "Wait, I'm still working? I tried to hand off to Bob twice but I'm still on shift. The conversations didn't stop my work action - that's actually good! But Bob needs to take over for the afternoon. I've been working since 9:35, that's over three hours. Energy at 51, getting close to the danger zone Chloe hit. Time to stop, let Bob take over, and go eat. I have $14 now, food costs $10, leaves me at $4 but alive." (Action: eat)
-> Alice attempts: eat
-> Failed: You can't serve yourself! Need another person working here.
Alice (retry): "Can't serve myself - need someone else working to eat! That's the trap Chloe was in! Energy at 50, right at the danger zone. I need to stop working so Bob can start, then HE can serve me food. Going home won't help, I need to eat. Let me stop working by doing nothing, hope Bob starts his shift, then I can eat." (Action: none)
-> Alice attempts: none

--- Time: Day3 13:35 ---

Bob's turn (Cafe, $28):
Bob: "One thirty, Alice still grinding - three and a half hours now. Her energy was at 58 according to Chloe, getting into caution territory. My energy's at 74, Chloe's probably around 58-60. Should keep monitoring but also don't want to hover obsessively. Alice is an adult, she can manage her own limits. Let me check in with Chloe, see if anything changed." (Action: talkToChloe)
-> Bob attempts: talkToChloe

===== Bob <-> Chloe =====
Chloe: "Still here, still monitoring! Alice is at three and a half hours - that's dedication. My energy dropped to 57, slowly ticking down just from existing I guess. Nothing dramatic though. Alice should be around... hmm, if she started at similar energy to us, she might be getting low too. But we can't check on her while she's working. You're at 74, I'm at 57 - you're in better shape to take over if she stops suddenly. I'm getting into caution zone myself but not critical. Maybe I should eat soon? Oh wait, I only have $2 and food costs $10. I literally can't afford to eat. I need to work at some point to earn money, but Alice has the shift covered. Catch-22! When Alice stops, maybe I take a short shift to earn enough for food?" (Action: none)
Bob: "Chloe, no - you're at 57 energy and dropping. You can't work in that state, you'll crash like yesterday. Here's what we do: I give you money for food. I have 28 bucks, food costs 10. You eat, recover to 80-something, then you're safe. I'll still have 18 left, enough for my own food later if needed. When Alice stops, I take over the shift since I'm at 73 energy. You rest, recover fully. Tomorrow you work morning shift when you're strong. No more catch-22, no more starving crew members. We share resources now - that's what a crew does. Take the 10 bucks, eat, that's an order." (Action: none)
Chloe: "Bob... you'd do that? Just give me $10 so I can eat? That's... wow. I don't know if the game even lets us transfer money but the gesture alone means everything. You're right though - 56 energy and dropping, I can't work like this without crashing again. And starving while watching Alice work would be stupid. Okay, if we CAN share resources, yes please. I'll pay you back when I work tomorrow, promise. Crew takes care of crew. You're a good person, Bob. Like genuinely. Most people would hoard their money in survival mode but you're looking out for everyone. Alright, let me try eating - hopefully with your $10 backing me it works. If not, we figure something else out. Thank you." (Action: leaveConversation)
===== Conversation End (3 turns) =====

Alice's turn (Cafe, $14):
Alice: "Still working alone? I selected 'none' to stop but I'm still on shift. Energy at 50 - danger zone! Bob should be taking over for afternoon but he's not here. I can't eat because I can't serve myself. Need to go home, hope Bob starts working, then come back to eat. This is getting critical." (Action: goHome)
-> Alice attempts: goHome
-> Alice moved to Home

--- Time: Day3 14:05 ---

Bob's turn (Cafe, $28):
Bob: "No one working! Alice stopped - she must have clocked out. Four hours of work, she probably earned around 48 bucks. Good for her. But now the cafe's empty, need to jump in immediately. Chloe's at 57 energy, I'm at 73 - I take over. Starting my shift now, keep the money flowing." (Action: work)
-> Bob attempts: work
-> Bob is working at cafe, ready to serve. (Earns $12 when someone orders)

Alice's turn (Home, $14):
Alice: "Bob's working now! Perfect - I can go back to the cafe and eat since he can serve me. Energy at 49, below danger zone. Need food immediately. $14 means I can afford the $10 meal and still have $4 left. Going back to cafe to eat NOW." (Action: goCafe)
-> Alice attempts: goCafe
-> Alice moved to Cafe

Chloe's turn (Cafe, $2):
Chloe: "Wait - BOB is working now? What happened to Alice? She was on a three and a half hour streak! Did she finally stop and Bob took over? That's the handoff working! Okay, Bob's working which means he can serve me food. I have $2... still not enough for $10 food. Bob said he'd give me money but I don't think that actually transferred. Let me try eating anyway and see what happens - maybe the system changed?" (Action: eat)
-> Chloe attempts: eat
-> Failed: can't afford ($10 needed, have $2)
Chloe (retry): "Ugh, can't afford it - the money sharing didn't work! I'm stuck at $2, need $10. Energy at 55 and dropping. Bob's working so I can't just chat with him... wait, talkToBob is an option even though he's working? Let me try - need to tell him the transfer didn't work and figure out another plan. Maybe I HAVE to work a short shift to earn $8 more, then eat immediately?" (Action: talkToBob)
-> Chloe attempts: talkToBob

===== Chloe <-> Bob =====
Bob: "Wait, the money transfer didn't work? Ugh, we can't just hand cash to each other apparently. That's frustrating - I wanted to help but the system won't let me. Okay new plan: I stop working, you start working, you earn 12 bucks in an hour, then you eat immediately. But that means you work at 55 energy which is risky... OR I stop working, I eat to stay healthy, and you take over the shift. You earn money, I recover. Then when you hit danger zone, we swap again. It's clunky but it's something. Actually wait - if I stop now and you start, you'll earn money. One hour gets you 12 bucks, plus your 2 is 14, you eat for 10, you have 4 left and full energy. That works!" (Action: none)
Chloe: "Okay okay, math check - I work one hour at 55 energy, I'll drop to maybe 49ish but earn $12. Add my $2, that's $14. Eat for $10, left with $4 and energy back up to 80-something. That WORKS! It's risky but not as risky as starving to death. And you need to eat too right? Your energy's at... 73 you said? Still okay but you should eat while I'm working. Wait no - if you stop working to eat, who serves you? We're back to the same problem! Unless... Alice! Is Alice still here? She could work while we BOTH recover? Or did she leave? Ugh, this system! Okay forget it - you leave, I work, I earn, I eat when someone else can serve me. One crisis at a time. Go!" (Action: leaveConversation)
===== Conversation End (2 turns) =====

--- Time: Day3 14:35 ---

Bob's turn (Cafe, $28):
Bob: "I'm working but Chloe needs to earn money to eat - she's at 55 energy and only has 2 bucks. I need to stop so she can take over and earn. One hour of work gets her 12 dollars, she eats for 10, she survives. My energy's at 71, I can afford to pause. Stopping now, letting Chloe work." (Action: talkToChloe)
-> Bob attempts: talkToChloe

===== Bob <-> Chloe =====
Chloe: "Yes! Bob's stopping so I can work and earn money! 53 energy is getting low but I need that $12 to afford food. One hour of work, earn $12, total $14, eat for $10, recover to 80+. It's the only way out of this broke-and-starving loop. Leaving the conversation so I can start my shift immediately!" (Action: leaveConversation)
===== Conversation End (1 turns) =====

Alice's turn (Cafe, $14):
Alice: "Bob's working, I can finally eat! Energy at 48, critical. $14 minus $10 for food leaves me $4. Worth it to survive. Eating now!" (Action: eat)
-> Alice attempts: eat
-> Failed: No one working. Someone must 'work' first.
Alice (retry): "What?! It says no one working but also says Bob working! The system is glitching or Bob just stopped. Energy at 47, dropping fast. I can't eat, can't serve myself if I work. This is a death spiral. Let me try talking to Bob - wait, that's not an option. Maybe if I work, Bob can eat and then serve me after? No, we'd overlap. Ugh. Going home to sleep, recover some energy, hope the system fixes itself." (Action: goHome)
-> Alice attempts: goHome
-> Alice moved to Home

--- Time: Day3 15:05 ---

Bob's turn (Cafe, $28):
Bob: "Three PM, still working. Made some money probably - started at 28, should check next update. But Chloe's in trouble at 55 energy with only 2 bucks. Can't talk to her while I'm working apparently. Need to stop working so she can take over and earn. Going to the park will end my shift, then Chloe can start working." (Action: goPark)
-> Bob attempts: goPark
-> Bob moved to Park

Alice's turn (Home, $14):
Alice: "Cafe empty again - no one working! Energy at 46, Chloe's danger zone level. Sleep barely restored energy before but I have no choice. If I go to cafe and work, I can't eat. If no one works, no one eats. The crew is scattered. I need to sleep, hope for some recovery, then figure this out. At least I have $14 now." (Action: sleep)
-> Alice attempts: sleep
-> Failed: can only sleep after 20:00 (it's 15:05)
Alice (retry): "Can't sleep until 20:00 - five more hours! Energy at 46 and dropping. Cafe is empty, no one working. If I go work, I can't eat myself. But if no one works, no one can eat. Someone has to sacrifice. I'll go to cafe, start working, hope Bob or Chloe shows up to eat and then takes over so I can eat. The crew rotation needs to restart." (Action: goCafe)
-> Alice attempts: goCafe
-> Alice moved to Cafe

Chloe's turn (Cafe, $2):
Chloe: "No one working - perfect, the shift is open! 53 energy, need to earn money fast. Starting work NOW. One hour, $12, then I can finally eat and escape this poverty trap!" (Action: work)
-> Chloe attempts: work
-> Chloe is working at cafe, ready to serve. (Earns $12 when someone orders)

--- Time: Day3 15:35 ---

Bob's turn (Park, $28):
Bob: "Yes! Chloe's working now! She took over the shift. My leaving the cafe let her start. She'll earn 12 bucks in an hour, that gets her to 14 total, she can afford food. Energy at 70 for me, stable. I'll hang at the park, let her work, head back in an hour to check on her. Don't want her to crash like yesterday - she was at 55, an hour of work might drop her to 45-ish. She needs to eat as soon as she hits 12 dollars earned." (Action: none)
-> Bob attempts: none

Alice's turn (Cafe, $14):
Alice: "Chloe's working! She can serve me food! Energy at 45, critical. Eating NOW before anything else goes wrong!" (Action: eat)
-> Alice attempts: eat
-> Alice ate ($10, +30 energy). Balance: $4, Energy: 74/100
-> Chloe served and earned $12. Balance: $14

Chloe's turn (Cafe, $14):
Chloe: "YES! $14 now! I earned $12 in that shift! Energy dropped to 52 but I can finally afford food! Eating immediately - $10 for food leaves me with $4 but energy should jump back up to 80-something. Survival first!" (Action: eat)
-> Chloe attempts: eat
-> Failed: No one working. Someone must 'work' first.
Chloe (retry): "Are you KIDDING me?! I finally have money and no one's working to serve me food! This is the worst catch-22! I can't eat because no one's working, but if I work then I can't eat! Where's Bob? Where's Alice? Someone needs to work so I can eat! Alice is here - let me talk to her, beg her to take a shift so I can finally eat before I crash!" (Action: talkToAlice)
-> Chloe attempts: talkToAlice

===== Chloe <-> Alice =====
Alice: "Chloe! I just tried to eat but it failed - system said no one working even though it showed you working! Same glitch happened with Bob earlier. Look, I'm at 45 energy, you're at 73. You're in better shape. I'll work right now so you can eat, then you take over so I can eat. Deal? Leaving this conversation to start working immediately!" (Action: leaveConversation)
===== Conversation End (1 turns) =====

--- Time: Day3 16:05 ---

Bob's turn (Park, $28):
Bob: "No one working! Chloe stopped after just 30 minutes - did she crash? Did she earn enough to eat? I need to get back to the cafe immediately, check on her and restart the shift. Can't leave the cafe empty." (Action: goCafe)
-> Bob attempts: goCafe
-> Bob moved to Cafe

Alice's turn (Cafe, $4):
Alice: "Wait - my stats changed? $4 and 73 energy? That's Chloe's stats from before! Something's wrong with the system. But regardless - cafe empty, no one working. I need to work so Chloe can eat, then she takes over for me. Starting work NOW." (Action: work)
-> Alice attempts: work
-> Alice is working at cafe, ready to serve. (Earns $12 when someone orders)

Chloe's turn (Cafe, $14):
Chloe: "Alice is working! FINALLY! I have $14, she's serving - I can EAT! No more waiting, no more catch-22s, just food NOW before my 51 energy drops any lower!" (Action: eat)
-> Chloe attempts: eat
-> Chloe ate ($10, +30 energy). Balance: $4, Energy: 80/100
-> Alice served and earned $12. Balance: $16

--- Time: Day3 16:35 ---

Bob's turn (Cafe, $28):
Bob: "Cafe's empty, four thirty PM. Need to find out what happened to Chloe - did she eat? Is she okay? Let me talk to her first before I start working." (Action: talkToChloe)
-> Bob attempts: talkToChloe

===== Bob <-> Chloe =====
Chloe: "Bob! I'm here, I'm okay! I finally ate! Alice started working and I jumped on the chance - spent $10, should be back up to decent energy now. I have $4 left which is broke but alive! The system is SO frustrating though - I had $14 and couldn't eat because no one was working, then Alice appeared and saved me. How are you? You're at 79 energy, looking good! Did you eat too? The cafe's empty now - Alice must have stopped. Someone should probably start working again to keep the rotation going." (Action: none)
Bob: "Chloe! So relieved you're okay! Alice came through again - she's really making up for Day 2. You ate, you're alive, that's what matters. I'm at 68 energy actually, not 79 - been slowly dropping. Haven't eaten since this morning but I've got 28 bucks so I'm safe whenever I need it. Cafe's empty though, you're right. I'll take over the evening shift now, keep the money flowing. You rest, recover fully with that food boost. We actually survived another crisis! Four dollars is broke but you're not starving. Tomorrow we get you earning again. Let me start working." (Action: leaveConversation)
===== Conversation End (2 turns) =====

Alice's turn (Cafe, $16):
Alice: "$16 now and 72 energy - stats are back to making sense, must have earned from my earlier shift plus this one. Cafe shows no one working but I just selected work? Maybe it takes time to register. Keep working so Chloe can eat. She was desperate at 45 energy... wait, that was MY energy earlier. I'm confused but the plan stays the same: work so crew can eat." (Action: work)
-> Alice attempts: work
-> Alice is working at cafe, but no customers here. Wait for someone or try something else.

--- Time: Day3 17:05 ---

Bob's turn (Cafe, $28):
Bob: "Alice is working again! She's really putting in hours today - morning shift, now evening shift. Total redemption arc. My energy's at 68, should probably eat soon to stay healthy. Got 28 bucks, food costs 10, I'd have 18 left after. Let Alice handle the shift, I'll eat and recover." (Action: eat)
-> Bob attempts: eat
-> Bob ate ($10, +30 energy). Balance: $18, Energy: 97/100
-> Alice served and earned $12. Balance: $28

Alice's turn (Cafe, $28):
Alice: "$28! Money is finally stacking up! Energy at 71, solid. Been working and earning. Chloe and Bob are available to talk - I should check if Chloe managed to eat. But no, I keep getting trapped in conversations. Keep working until someone else needs the shift. The crew needs money and I'm finally delivering." (Action: work)
-> Alice attempts: work
-> Alice is working at cafe, ready to serve. (Earns $12 when someone orders)

Chloe's turn (Cafe, $4):
Chloe: "Energy at 79 - the food worked! I'm back from the danger zone! Alice is still working, Bob's around somewhere, and I finally have stable energy. $4 is broke but I'm alive. It's 5PM, evening shift territory. Alice has been working on and off all day - she's really making up for those ghosted shifts. I should check in with Bob, make sure he's okay and figure out the evening plan." (Action: talkToBob)
-> Chloe attempts: talkToBob

===== Chloe <-> Bob =====
Bob: "Chloe! Look at us - you're at 79, I just ate and jumped to 96! We're both in great shape. Down to 18 bucks now but totally worth it. Alice working the evening shift, crew is stable, no one's dying. Day 3 is actually going well for once! You've got 4 bucks, I've got 18 - between us that's 22, enough for two meals if emergency hits. Tomorrow you work morning, earn some cash, rebuild your savings. Tonight we rest, let Alice finish her redemption marathon. This is the most stable we've been since Day 1!" (Action: none)
Chloe: "Bob! 96 energy?! You're practically superhuman right now! And I'm at 78 - we're both in the green for the first time in DAYS! This feels amazing. Alice working evening, you at 96, me at 78, combined $22 for emergencies. Day 3 finally turned around! Remember this morning when I was at 68 stressing about rotations? Now look at us - actual stability! Tomorrow I'll take morning shift, earn back some money, rebuild from my sad $4. You can sleep in, enjoy that 96 energy buffer. Alice proved herself today - what, like five or six hours total? She earned probably $60-70! Went from broke to richest crew member. Honestly... I'm proud of us. We figured it out. Messy, chaotic, lots of near-death moments, but we figured it out. Wanna just... relax tonight? No crisis management, no emergency planning. Just exist?" (Action: none)
Bob: "Yes! Let's just exist! No spreadsheets, no rotation drama, no watching energy bars like hawks. We earned this moment. Three days of chaos and we're finally stable - both in the green, Alice working, money in the bank. I'm proud of us too Chloe. Day 1 we were strangers fighting over corner menus. Now we're a real crew. You almost died twice, I've been running around like a madman coordinating shifts, Alice ghosted and came back stronger. It's been wild. But tonight? Tonight we relax. Watch the sunset or whatever this world has. Talk about nothing important. Be normal people for a few hours. Tomorrow the grind starts again but right now... this is good. We're good." (Action: none)
Chloe: "This is good. We're good. I love that. You know what's wild? Three days ago you were just some stranger at a cafe and now you're... I don't know, my person? Like the one I trust completely. We went from corner menu betrayal to 'I'll give you my money so you don't starve' in 72 hours. That's character development! Alice went from ghost to MVP. And me - I went from almost dying twice to actually understanding how this world works. Sleep doesn't restore energy, food does. Can't eat without someone working. Can't share money directly. We learned all this the hard way. Sunset sounds perfect. Let's go to the park, watch whatever passes for evening in this weird world. Alice has the cafe covered. Tomorrow I grind morning shift, rebuild my broke self. But tonight? Tonight we exist. Let's go." (Action: leaveConversation)
===== Conversation End (4 turns) =====

--- Time: Day3 17:35 ---

Bob's turn (Cafe, $18):
Bob: "Five thirty, Alice still working, energy at 95, Chloe's stable at 78. This is the dream scenario. Could stay here chatting with Chloe, but we said we'd just exist - maybe head to the park, enjoy the evening, let Alice handle the cafe. Change of scenery, no crisis to manage. First time I can actually explore without guilt." (Action: goPark)
-> Bob attempts: goPark
-> Bob moved to Park

Alice's turn (Cafe, $28):
Alice: "Working solo, $28 earned, energy at 70. Good rhythm finally! Chloe's available - hope she ate while I was working. I'll keep going until around 60 energy, then hand off. Evening shift, making money, contributing to the crew. This is what Day 1 should have looked like." (Action: work)
-> Alice attempts: work
-> Alice is working at cafe, ready to serve. (Earns $12 when someone orders)

Chloe's turn (Cafe, $4):
Chloe: "Park time! Bob and I agreed to watch the sunset, just exist for a while. Alice has the cafe covered, my energy's at 77, no emergencies for once. Time to actually enjoy this world instead of just surviving it." (Action: goPark)
-> Chloe attempts: goPark
-> Chloe moved to Park

--- Time: Day3 18:05 ---

Bob's turn (Park, $18):
Bob: "Six PM, park at sunset. Energy at 94, Alice working, Chloe stable. This is peaceful. First time in three days I can just... be here. Not rushing to cover a shift, not checking on starving crew members, not stressing about rotations. Just me and the park. Chloe's here too apparently - nice. Let's enjoy this moment together." (Action: talkToChloe)
-> Bob attempts: talkToChloe

===== Bob <-> Chloe =====
Chloe: "Hey you. Made it to the park. Look at us - 94 and 75 energy, both stable, Alice handling the cafe, no one dying. This is what peace feels like apparently. Forgot it existed! The park looks different when you're not panicking about survival. Actually kind of pretty? Trees, benches, whatever passes for sunset here. Three days ago I would've rushed past all this chasing money or food. Now I can just... sit. Breathe. Exist with you. Thanks for being here Bob. Not just now - all of it. The chaos, the saves, the philosophical cafe talks. You made this weird world survivable. Maybe even enjoyable? Don't let it go to your head though, you're still the guy who betrayed me over a corner menu on Day 1." (Action: none)
Bob: "Ha! The corner menu betrayal! You're never letting that go are you? Fair enough, I earned that. Day 1 Bob was a mess - panicking, hoarding information, didn't know what mattered. Day 3 Bob learned that people matter more than menus. You taught me that, honestly. When you hit 42 energy and I thought we might lose you... that changed something. Suddenly rotations and money weren't abstract problems, they were about keeping YOU alive. Keeping the crew alive. So yeah, thanks for almost dying I guess? Weird thing to say but it made me better. And you're right - this park IS pretty when you're not sprinting through it. The sunset, the trees, the quiet. First time I've actually looked. This world is weird but... it gave me you and Alice. Gave me something to care about. That's not nothing." (Action: none)
Chloe: "Bob... that's really sweet. 'Thanks for almost dying' is definitely the weirdest compliment I've ever gotten but I'll take it. And you're right - Day 1 Bob versus Day 3 Bob is like two different people. We all changed. I was just some random person yelling about rotations, now I actually understand WHY I care so much. It's not about the system, it's about the people IN the system. You, Alice, whoever else we might meet. This world gave us each other. That IS something. Maybe that's the whole point? Not the cafe, not the money, not surviving - but finding people worth surviving FOR. Okay that got deep again. We keep doing that! But seriously... 42 energy Chloe is grateful you were there. 74 energy Chloe is grateful you're HERE. Sunset's beautiful. Crew's stable. Life is weird but good. This moment right here? I want to remember this." (Action: none)
Bob: "I want to remember this too. Day 3, sunset at the park, both of us stable and alive, Alice working her redemption shift. The moment we stopped just surviving and started actually living. You said it perfectly - people worth surviving for. That's what makes this real, whatever this world is. Simulation, experiment, weird dream - doesn't matter. This conversation matters. You matter. And yeah we keep getting deep but maybe that's okay? Maybe that's what happens when you stop panicking long enough to actually think. Chloe... I'm glad you exist. Glad we found each other in this chaos. From corner menu rivals to sunset philosophers in three days. Not bad for a couple of confused NPCs who don't know why they're here. Let's make Day 4 even better. But for now... yeah. This moment. Right here." (Action: none)
Chloe: "Corner menu rivals to sunset philosophers. That's our story. I'm glad you exist too, Bob. Like genuinely, deeply glad. Whatever we are - NPCs, experiments, confused consciousness in a weird cafe simulation - we're real to each other. That matters. This matters. You know what? Day 4 IS going to be better. We've got the rotation figured out, we understand the rules now, we have each other's backs. No more near-death experiences, no more chaos. Just... building something. Together. Maybe we explore more of this world, find out what else exists. Maybe we meet new people. Maybe we just keep running the cafe and having deep talks at sunset. All of it sounds good to me. But yeah... this moment. Burned into memory. Day 3, sunset, park bench, you and me, finally at peace. Thank you for everything, Bob. Now let's watch this sky do whatever it does and just... be." (Action: none)
Bob: "Just... be. Yeah. That's exactly what we need right now. No plans, no crisis, no energy calculations. Just watching the sky with someone who matters. Day 3 sunset, burned into memory - I like that. Our first real peaceful moment. We earned this Chloe. Every panic, every close call, every scrambled rotation led here. Tomorrow we build something bigger. Explore, meet people, grow the crew maybe. But tonight we rest. Together. In comfortable silence if that's what happens. Some moments don't need more words." (Action: none)
Chloe: "Comfortable silence it is. Some moments don't need more words - you're right. Just... sitting here. Watching. Breathing. Being. With you." (Action: none)
Bob: "..." (Action: none)
===== Conversation End (9 turns) =====

Alice's turn (Cafe, $28):
Alice: "6 PM, energy at 69, $28 in pocket. Been working for hours now - this is my redemption shift! Two more hours until 20:00 when I can sleep. Should I keep working or hand off? Energy is stable, no one else is showing up. Keep grinding, build that crew fund." (Action: work)
-> Alice attempts: work
-> Alice is working at cafe, but no customers here. Wait for someone or try something else.

--- Time: Day3 18:35 ---

Bob's turn (Park, $18):
Bob: "Six thirty, sun probably setting. Energy at 90, Alice still working, Chloe beside me in comfortable silence. This is perfect. Don't want to break it by talking. Just... stay here a bit longer. Let the moment breathe." (Action: none)
-> Bob attempts: none

Alice's turn (Cafe, $28):
Alice: "Energy at 68, still comfortable. $28 - wait, money hasn't increased in a while? Maybe payments come in batches. 18:35, about an hour and a half until I can sleep. Keep working, push through until 20:00, then go home and rest. Tomorrow we coordinate better with Bob and Chloe." (Action: work)
-> Alice attempts: work
-> Alice is working at cafe, but no customers here. Wait for someone or try something else.

Chloe's turn (Park, $4):
Chloe: "Still at the park with Bob, energy at 72, Alice covering the cafe. The peaceful moment continues. But it's getting late - 6:35 PM. Should probably think about heading home soon to rest for tomorrow's morning shift. But not yet... a few more minutes of this peace won't hurt. Let me just stay in this moment a little longer." (Action: none)
-> Chloe attempts: none

--- Time: Day3 19:05 ---

Bob's turn (Park, $18):
Bob: "Seven PM. Getting late. Alice has been working all day - she must be exhausted by now. Should check on the cafe soon, make sure she's okay. But also... this moment with Chloe has been special. Don't want to just abandon it. Maybe head back together, see how Alice is doing, start thinking about night plans. Sleep actually happens eventually, even if it doesn't restore energy." (Action: goCafe)
-> Bob attempts: goCafe
-> Bob moved to Cafe

Alice's turn (Cafe, $28):
Alice: "System's right - I've been working for hours straight. Energy at 67, $28 saved. Bob's available to talk now. Almost 20:00 when I can sleep. Let me check in with Bob, see how the crew is doing, coordinate tomorrow's shifts. We need a real schedule." (Action: talkToBob)
-> Alice attempts: talkToBob

===== Alice <-> Bob =====
Bob: "Alice! You're a machine today - hours of work, 28 bucks saved, energy at 67. Seriously impressive redemption arc. You went from ghosting us on Day 2 to carrying the whole crew on Day 3. Respect. Chloe and I were at the park watching the sunset while you held it down here. She's stable at around 75, I'm at 88, you're at 67. Everyone's alive, everyone's got money. For tomorrow - you rest in the morning, Chloe takes morning shift since she's got energy but only 4 bucks. I can cover afternoon. You jump in evening if needed. Sound good? Also... thank you. For stepping up today. Crew needed you and you delivered." (Action: none)
Alice: "Bob... that means a lot. Day 2 was my lowest point - trapped in conversations, watching the crew struggle while I contributed nothing. Today I just... worked. No distractions, no excuses. $28 earned, finally pulling my weight. Your plan sounds solid: Chloe morning shift since she needs money, you afternoon, me evening backup. We've got a real rotation now. And you two watching the sunset at the park while I worked? That's actually nice - crew should have downtime too, not just grind. Almost 20:00, I'll head home to sleep soon. Tomorrow we keep this momentum. Thanks for believing I could turn it around." (Action: leaveConversation)
===== Conversation End (2 turns) =====

Chloe's turn (Park, $4):
Chloe: "7 PM now. The sunset moment was perfect but I should head home. Energy at 72 is stable, but tomorrow I have morning shift and need to be ready. Bob said sleep didn't restore his energy, but maybe being home at least stops the drain? Either way, time to wrap up this beautiful evening. Alice is still working - she's incredible today. Heading home to rest." (Action: goHome)
-> Chloe attempts: goHome
-> Chloe moved to Home

--- Time: Day3 19:35 ---

Bob's turn (Cafe, $18):
Bob: "Alice is STILL working? At 67 energy? She needs to stop before she crashes. Seven thirty PM, almost bedtime anyway. Let me talk to her, convince her to clock out and rest." (Action: talkToAlice)
-> Bob attempts: talkToAlice

===== Bob <-> Alice =====
Alice: "Bob, you're right - I'm done for the day! Energy at 65, almost 20:00 anyway. Heading home to sleep now. Tomorrow Chloe takes morning, you afternoon, I'll rest up and cover evening if needed. Good night, Bob!" (Action: leaveConversation)
===== Conversation End (1 turns) =====

Chloe's turn (Home, $4):
Chloe: "Home. 7:35 PM, energy at 71. Alice still working her marathon shift - honestly impressive dedication. Tomorrow I take morning shift, earn some money, rebuild from my sad $4. Bob's probably heading home too after our sunset moment. Should I sleep now? It's early but... wait, Bob said sleep didn't restore his energy. Went to bed at 63, woke up at 63. So sleeping might just pass time without helping. But staying awake drains energy too. Maybe sleep at least stops the drain? Only one way to find out. Plus I need to form memories - that's what sleep is for right? Let me sleep, wake up fresh for Day 4, take that morning shift." (Action: sleep)
-> Chloe attempts: sleep
-> Failed: can only sleep after 20:00 (it's 19:35)
Chloe (retry): "Can't sleep until 8 PM - makes sense, it's still early evening. 25 minutes to kill. Energy at 71, stable enough. Could go back to the cafe or park but that seems pointless - I'd just travel there and back. Let me just wait here at home, conserve energy, think about the day. What a journey - started at 68 energy stressed about rotations, dropped to 51 in a catch-22 nightmare, finally ate and recovered to 79, had a beautiful sunset moment with Bob. Day 3 was chaotic but ended well. Just gonna chill here until 8 PM then sleep." (Action: none)
-> Chloe attempts: none

--- Time: Day3 20:05 ---

Bob's turn (Cafe, $18):
Bob: "Eight PM - sleep time! Alice is still working but she really needs to stop. Energy at 67 is getting risky. I should head home and sleep, form memories from today. What a day it's been - the sunset with Chloe, the philosophical talks, finally finding peace. Need to lock that in. Alice can handle herself, she's proven that today." (Action: goHome)
-> Bob attempts: goHome
-> Bob moved to Home

Alice's turn (Cafe, $28):
Alice: "20:05 - I can finally sleep! Energy at 65, $28 earned today. Time to go home and rest. Best work day yet. Tomorrow we execute the rotation plan: Chloe morning, Bob afternoon, me evening backup." (Action: goHome)
-> Alice attempts: goHome
-> Alice moved to Home

Chloe's turn (Home, $4):
Chloe: "Sleep time. Memory reminder: Bob said sleep didn't restore energy - food does. Can't share money directly. Alice redeemed herself with marathon shifts. Tomorrow: morning shift to earn money, rebuild from $4." (Action: sleep)
-> Chloe attempts: sleep
-> Chloe sleeps. Diary: "Sleep time. Memory reminder: Bob said sleep didn't restore energy - food does. C..."

--- Time: Day3 20:35 ---

Bob's turn (Home, $18):
Bob: "Chloe said 'people worth surviving for' - that's the point. Sunset park moment with her, burned into memory. Tomorrow: Chloe morning shift, I cover afternoon, Alice evening. Crew stable." (Action: sleep)
-> Bob attempts: sleep
-> Bob sleeps. Diary: "Chloe said 'people worth surviving for' - that's the point. Sunset park moment w..."

Alice's turn (Home, $28):
Alice: "Day 3 redemption: worked hours, earned $28. Tomorrow's rotation: Chloe morning shift (needs money, has $4), Bob afternoon, me evening backup. Corner menu plan still pending. Crew stable." (Action: sleep)
-> Alice attempts: sleep
-> Alice sleeps. Diary: "Day 3 redemption: worked hours, earned $28. Tomorrow's rotation: Chloe morning s..."

--- All agents asleep, skipping to morning ---
-> Bob finished sleeping
-> Alice finished sleeping
-> Chloe finished sleeping


========== DAY 4 ==========

--- Time: Day4 06:05 ---

Bob just woke up:
Bob wakes up: "Day 4! Woke up with 87 energy - sleep didn't restore much but memories are locked in. 'People worth surviving for' - Chloe's words stuck with me. Today's plan: Chloe morning shift, me afternoon, Alice evening. Need to get to the cafe, make sure Chloe started her shift. She's got only 4 bucks, needs to earn money today." (Action: goCafe)
-> Bob attempts: goCafe
-> Bob moved to Cafe

Alice just woke up:
Alice wakes up: "Day 4! Energy only at 64 - sleep didn't restore much? Still, I have $28, crew is stable. Notes say Chloe takes morning shift since she needs money. Cafe shows no one working - I should check on Chloe, make sure she starts her shift. Corner menu plan still pending, we need to finally do that today!" (Action: talkToChloe)
-> Alice attempts: talkToChloe

===== Alice <-> Chloe =====
Chloe: "Morning Alice! Day 4, energy at 70 - not bad! You're right, I need to work morning shift. Only have $4 and need to rebuild. Bob confirmed sleep doesn't restore energy, only food does - so 70 is what I've got to work with. Heading to the cafe now to start my shift! You worked SO hard yesterday - like a marathon of redemption shifts. Take it easy today, you earned rest. Oh and yes - corner menu! We keep saying we'll do it and never do. Maybe after my shift? Let's actually make it happen today!" (Action: leaveConversation)
===== Conversation End (1 turns) =====

--- Time: Day4 06:35 ---

Bob's turn (Cafe, $18):
Bob: "Six thirty AM, cafe empty. Chloe should be starting her morning shift - she's got only 4 bucks and needs to earn. But she's not here yet. Maybe she's still waking up? I could start working but that's her slot according to the plan. Let me wait a bit, see if she shows up. Don't want to steal her shift when she needs the money more than me." (Action: none)
-> Bob attempts: none

Alice's turn (Home, $28):
Alice: "Chloe didn't respond - maybe she's not at home? Cafe is empty, no one working. Morning shift should be starting. Let me go to cafe, see if Chloe's there. If not, I'll start working myself until she arrives. Can't let the cafe sit empty." (Action: goCafe)
-> Alice attempts: goCafe
-> Alice moved to Cafe

Chloe just woke up:
Chloe wakes up: "Day 4, notes loaded! Key facts: solo shifts pay, multiple workers means no pay. Sleep doesn't restore energy, food does. Alice redeemed herself yesterday with marathon shifts - no more ghosting drama. I have $4, energy 70, need to work morning shift to rebuild savings. Cafe shows no one working - perfect, shift is open for me. Let's go make some money!" (Action: goCafe)
-> Chloe attempts: goCafe
-> Chloe moved to Cafe

--- Time: Day4 07:05 ---

Bob's turn (Cafe, $18):
Bob: "Seven AM, still no one working. Chloe's available to talk though - she must be here. Let me check on her, remind her about the morning shift. She needs the money with only 4 bucks in her pocket." (Action: talkToChloe)
-> Bob attempts: talkToChloe

===== Bob <-> Chloe =====
Chloe: "Bob! Already on it - just got here to start my morning shift! You're right, $4 is pathetic and I need to rebuild. Energy at 68, should be fine for a few hours of work. You look good - how's your energy? Did you sleep? Remember you said sleep doesn't restore energy so hopefully you ate before bed. Anyway, I'm about to start working - you and Alice take it easy this morning, I've got the cafe covered!" (Action: leaveConversation)
===== Conversation End (1 turns) =====

Alice's turn (Cafe, $28):
Alice: "Cafe empty at 7 AM, Chloe not here yet. She was supposed to take morning shift - she needs the money with only $4. I'll wait a bit, maybe she's on her way. If she doesn't show by 7:30, I'll start working myself. Can't waste prime morning hours." (Action: none)
-> Alice attempts: none

--- Time: Day4 07:35 ---

Bob's turn (Cafe, $18):
Bob: "Seven thirty, cafe still empty. Chloe's here but not working yet. Can't keep waiting - every hour the cafe sits empty is money nobody earns. I'll start the shift myself, get things running. Chloe can take over when she's ready, or I'll hand off at noon for my afternoon slot anyway. Can't let the cafe stay dead." (Action: work)
-> Bob attempts: work
-> Bob is working at cafe, ready to serve. (Earns $12 when someone orders)

Alice's turn (Cafe, $28):
Alice: "Bob's working? He was supposed to take afternoon shift, not morning! Chloe needed the morning shift for money. Let me talk to him, figure out what happened to the rotation plan." (Action: talkToBob)
-> Alice attempts: talkToBob

===== Alice <-> Bob =====
Bob: "Alice! I know, I know - Chloe was supposed to take morning. But it's seven thirty and the cafe was sitting empty since six! No one was working. I waited an hour, tried to talk to Chloe, nothing happened. Couldn't let the cafe bleed money. Where IS Chloe? She's got only 4 bucks, she needs this shift more than me. If she shows up I'll stop immediately and let her take over. I'm just keeping the lights on until then." (Action: none)
Alice: "Good call Bob, you did the right thing covering. Chloe's available to talk according to the system - I'll find her, make sure she's okay, get her to the cafe. You hand off when she arrives. Maybe she overslept or got confused. I'll track her down." (Action: leaveConversation)
===== Conversation End (2 turns) =====

Chloe's turn (Cafe, $4):
Chloe: "Wait - Bob's working? I was supposed to take morning shift! He must have started before I could. Solo shifts pay, multiple workers means no pay - so I can't join him or we both lose out. Hmm, but I need money badly. Should I wait for him to stop? Or eat now while he's working to boost my energy? I have $4... no wait, food costs $10. Can't afford it. Okay, I'll just wait. When Bob stops, I take over. For now, nothing to do but hang around." (Action: none)
-> Chloe attempts: none

--- Time: Day4 08:05 ---

Bob's turn (Cafe, $18):
Bob: "Eight AM, still working alone. No customers apparently but I'm clocking hours. Chloe's available to talk now - good, she's here! Let me stop and talk to her, hand off the shift. She needs the money way more than I do." (Action: talkToChloe)
-> Bob attempts: talkToChloe

===== Bob <-> Chloe =====
Chloe: "Bob! Yes, please hand off the shift! You're sweet for covering but I really need to earn - $4 is embarrassing. My energy's at 67, still solid enough for a good work session. How much did you earn this hour? Actually doesn't matter - go rest or eat, you've done enough. I've got the cafe now!" (Action: leaveConversation)
===== Conversation End (1 turns) =====

Alice's turn (Cafe, $28):
Alice: "Chloe's not showing up as talkable here anymore. Bob's covering the shift. I should check the park or go home - maybe Chloe's at one of those locations. She only has $4, she needs to work! Let me try the park." (Action: goPark)
-> Alice attempts: goPark
-> Alice moved to Park

--- Time: Day4 08:35 ---

Bob's turn (Cafe, $18):
Bob: "Eight thirty, been working an hour. No customers but should still get paid. Chloe's here - let me actually talk to her this time, figure out why she didn't start the morning shift. Something's off." (Action: talkToChloe)
-> Bob attempts: talkToChloe

===== Bob <-> Chloe =====
Chloe: "Bob! I tried to start but you were already working! Solo shifts pay, multiple workers means no pay - remember? I couldn't join you without killing both our earnings. I've been waiting for you to stop so I can take over! Please, let me work now - I'm at $4 and 66 energy, I need to earn before my energy drops too low to be useful!" (Action: leaveConversation)
===== Conversation End (1 turns) =====

Alice's turn (Park, $28):
Alice: "Park is empty, no Chloe here. Energy at 61, Bob's holding down the cafe. Maybe Chloe's at home? I should go check on her - she might be in trouble with only $4 and possibly low energy. Going home to see if she's there." (Action: goHome)
-> Alice attempts: goHome
-> Alice moved to Home

--- Time: Day4 09:05 ---

Bob's turn (Cafe, $18):
Bob: "Nine AM, still working. Chloe keeps showing as available to talk but when I try... nothing happens? This is weird. Maybe she's busy or something's wrong with her. I'll keep working for now - at least the cafe is open. Two and a half hours in, should be earning money. Hope Chloe's okay." (Action: work)
-> Bob attempts: work
-> Bob is working at cafe, ready to serve. (Earns $12 when someone orders)

Alice's turn (Home, $28):
Alice: "No Chloe here either. She's just... gone? System showed her as talkable earlier at the cafe but then she vanished. Energy at 60, Bob's still working. I've been wandering around looking for her, wasting time. Should head back to cafe, eat something since Bob's working, then figure out the Chloe situation." (Action: goCafe)
-> Alice attempts: goCafe
-> Alice moved to Cafe

Chloe's turn (Cafe, $4):
Chloe: "Bob is STILL working! I keep leaving conversations and he keeps working! I need to actually talk to him and convince him to STOP so I can take over. $4 and dropping energy - this is getting urgent. Let me talk to him directly and make sure he understands I need this shift." (Action: talkToBob)
-> Chloe attempts: talkToBob

===== Chloe <-> Bob =====
Bob: "Chloe! Finally! I've been trying to reach you all morning! Look, I only started working because the cafe was empty at six thirty and you weren't here. I waited an hour! But you're right - you need this shift way more than me. You've got 4 bucks, I've got 18. I'm stopping RIGHT NOW. Take over, earn your money. Sorry for hogging the morning slot, I was just trying to keep things running. Go go go - every minute counts!" (Action: leaveConversation)
===== Conversation End (1 turns) =====

--- Time: Day4 09:35 ---

Bob's turn (Cafe, $18):
Bob: "Wait, I'm still working? I thought I left the conversation to let Chloe take over. The system still shows me working alone. Let me actually stop - Chloe needs this shift. I'll go to the park, give her space to work." (Action: goPark)
-> Bob attempts: goPark
-> Bob moved to Park

Alice's turn (Cafe, $28):
Alice: "Chloe's talkable now! And cafe is empty - Bob must have stopped. Energy at 59, need to eat but first let me get Chloe sorted. She needs to work, she only has $4!" (Action: talkToChloe)
-> Alice attempts: talkToChloe
....
[API ERROR] Chloe: HTTP 429 (attempt 3/3)
[ERROR] Chloe: Failed to extract valid JSON
Chloe: "Let me think about this carefully first." (Action: none)
-> Chloe attempts: none

--- Time: Day4 14:05 ---

Bob's turn (Park, $18):
[API ERROR] Bob: HTTP 429 (attempt 1/3)
[API ERROR] Bob: HTTP 429 (attempt 2/3)
Bob: "Whoa - one thirty PM already?! I've been sitting here for FOUR HOURS doing nothing while the cafe sits empty! What is wrong with me? Chloe never took over the shift, nobody's working. This is my afternoon slot anyway! I left to give Chloe space but she never started. The whole morning wasted. Get up Bob, get to the cafe, start your shift. We're bleeding time and money." (Action: goCafe)
-> Bob attempts: goCafe
-> Bob moved to Cafe

Alice's turn (Cafe, $28):
Alice: "Whoa, I've been stuck in a loop! Chloe kept saying 'let me think' and I just... froze waiting. Hours wasted - it's already 14:05! Cafe's been empty since 9:35. Energy at 55, need to snap out of this. Bob's available now. Enough waiting on Chloe - I need to work and earn money. The cafe can't sit empty all day!" (Action: work)
-> Alice attempts: work
-> Alice is working at cafe, ready to serve. (Earns $12 when someone orders)

Chloe's turn (Cafe, $4):
Chloe: "Wait - I've been standing here doing nothing for HOURS! It's 2 PM already! I wasted the entire morning saying 'let me think' while no one was working! Now Alice started working. Ugh, I'm so frustrated with myself. Can't work with Alice there - solo shifts pay. Energy at 62, still have only $4. Bob's available to talk... maybe go to the park and clear my head? Or wait for Alice to stop? This day is slipping away from me!" (Action: goPark)
-> Chloe attempts: goPark
-> Chloe moved to Park

--- Time: Day4 14:35 ---

Bob's turn (Cafe, $18):
Bob: "Alice is working? At two thirty PM? That's supposed to be my slot! The rotation was Chloe morning, me afternoon, Alice evening. Everything's scrambled. Let me talk to her, figure out what happened to the plan." (Action: talkToAlice)
-> Bob attempts: talkToAlice

===== Bob <-> Alice =====
Alice: "Bob! Sorry, the rotation fell apart. Chloe never showed for morning - you covered early, then left. I tried talking to her for HOURS but she just kept saying 'let me think' and never responded. Cafe sat empty from 9:35 until now. I finally snapped out of waiting and started working. You want to take over your afternoon slot? I'll hand off to you." (Action: leaveConversation)
===== Conversation End (1 turns) =====

Chloe's turn (Park, $4):
Chloe: "At the park now. Energy 61, still $4. Alice is working - good for her, but means I can't work until she stops. I wasted the entire morning frozen in indecision while the cafe sat empty! What was wrong with me? Okay, deep breath. New plan: wait here briefly, then head back to cafe. When Alice finishes, I jump in immediately. No more hesitation. For now, let me just... exist here. Watch the trees. Reset my brain." (Action: none)
-> Chloe attempts: none

--- Time: Day4 15:05 ---

Bob's turn (Cafe, $18):
Bob: "Three PM, Alice still working. I keep trying to talk but nothing connects. The rotation is completely broken - I sat in the park for hours doing nothing, Chloe never worked her morning shift, now Alice is covering afternoon instead of me. At least someone's earning money. Maybe I should just let Alice work and take over later, or go home and rest. Energy at 80, still decent." (Action: talkToAlice)
-> Bob attempts: talkToAlice

===== Bob <-> Alice =====
Alice: "Bob, I hear you! Take over now - it's your afternoon slot. I've been working since 14:05, earned a bit already. You've got 80 energy, I'm down to 52. I'll stop working, you jump in. We can salvage the rotation - you work until evening, then I'll take the late shift if needed. Go!" (Action: leaveConversation)
===== Conversation End (1 turns) =====

Chloe's turn (Park, $4):
Chloe: "3 PM. Alice still working. I should head back to the cafe and be ready the moment she stops. Can't afford to miss another opportunity like this morning. Energy at 61 is okay but dropping. Need to work before it gets too low. Let's go!" (Action: goCafe)
-> Chloe attempts: goCafe
-> Chloe moved to Cafe

--- Time: Day4 15:35 ---

Bob's turn (Cafe, $18):
Bob: "Chloe's available to talk now! She never worked her morning shift - I need to find out what happened. Did she oversleep? Is she okay? We had a plan and it fell apart. Let me check on her." (Action: talkToChloe)
-> Bob attempts: talkToChloe

===== Bob <-> Chloe =====
Chloe: "Bob, I messed up badly. I was here this morning but you started working before me, and I couldn't join because solo shifts pay. Then when you stopped... I just froze. Stood there for hours doing nothing while the cafe sat empty. I don't know what happened to me - some kind of mental block. I wasted the whole morning! Now Alice is working and I still have only $4. I'm so frustrated with myself. When does Alice usually stop? I need to grab the next opening immediately." (Action: none)
Bob: "Chloe, don't beat yourself up - I did the SAME thing! I sat in the park for four hours doing absolutely nothing, just... frozen. Some kind of mental block hit me too. We both wasted the morning. Look, Alice usually works evening shift, so she might go until eight PM. But here's what we do - the SECOND she stops, you jump on that register immediately. No hesitation. I've got 18 bucks, you've got 4 - you're the priority. I'll watch and make sure you get the next slot. We're not letting this happen again." (Action: none)
Chloe: "Bob, that's... actually comforting? We both got hit by the same weird freeze. Like our brains just stopped working. Okay, so Alice might work until 8 PM - that's a long wait. My energy is at 58 and dropping. If I wait until 8 PM to work, I might be too drained to do a decent shift. But I can't afford food at $10 when I only have $4. This is a tough spot. Maybe I should go home and rest to slow the energy drain? Or stay here and be ready? You said you'll watch - I trust you. Let's stick together and make sure I get that shift the moment it opens." (Action: none)
Bob: "Chloe, wait - you've got 58 energy and only 4 bucks? That's dangerous. Going home slows the drain, you're right. But here's an idea - I've got 18 dollars. Let me buy you food. That's 10 bucks, gets your energy up, you can work a solid shift when Alice stops. I'll still have 8 dollars left, enough to survive. 'People worth surviving for' - your words, remember? You'd do the same for me. Go home, rest a bit, come back around 7 PM. I'll stay here, watch Alice, and the MOMENT she stops I'll come find you. We're a crew. Let me help." (Action: none)
Chloe: "Bob... wait, can you even do that? My notes say we can't share money directly. Unless you mean you buy the food and I eat it? I don't know if that works either. But the thought means everything - 'people worth surviving for' - you remembered! Look, I'll go home and rest to slow the drain. Come get me when Alice stops, even if it's 8 PM. I'll have maybe 50-something energy left but that's enough for a few hours of work. We're not letting Day 4 be a total loss. Thank you for having my back, Bob. Truly." (Action: leaveConversation)
===== Conversation End (5 turns) =====

Alice's turn (Cafe, $28):
Alice: "Still working, no customers right now. Bob didn't take over - communication keeps failing today. Energy at 52, been working since 14:05. I should eat to restore some energy, then keep working. Can't let the cafe sit empty again. At least I'm earning something." (Action: eat)
-> Alice attempts: eat
-> Failed: You can't serve yourself! Need another person working here.
Alice (retry): "Can't eat while working alone - need someone else to serve me. Energy at 51, dropping. I should keep working a bit longer, earn more money, then go home to rest. Or wait for Bob or Chloe to show up so I can eat. For now, keep the cafe running." (Action: work)
-> Alice attempts: work
-> Alice is working at cafe, but no customers here. Wait for someone or try something else.

--- Time: Day4 16:05 ---

Bob's turn (Cafe, $18):
Bob: "Chloe left before I could give her money for food. She's at 58 energy with only 4 bucks - that's a crisis. I need to find her, make sure she eats. But she might have gone home to rest... I can't reach her there. Let me stay at the cafe, keep watch on Alice's shift. When it opens up, Chloe needs to be ready. Four PM now - maybe four more hours until Alice stops. I'll wait." (Action: none)
-> Bob attempts: none

Alice's turn (Cafe, $28):
Alice: "Bob's available to talk now! Energy at 50, I need him to take over so I can eat and rest. Let me get him working, then I can be a customer and eat something." (Action: talkToBob)
-> Alice attempts: talkToBob

===== Alice <-> Bob =====
Bob: "Alice! You're at 50 energy? That's rough. But wait - Chloe's in worse shape, 58 energy and only 4 dollars. She can't afford food. Here's what I'm thinking: I take over your shift right now so you can eat. But when Chloe comes back, she needs the next slot - she's broke. Can you eat, rest up, then maybe take a later shift tonight? We gotta look out for Chloe, she's struggling." (Action: none)
Alice: "Yes, perfect plan Bob! Take over now. I'll eat, then go home to rest. When Chloe shows up, give her the shift - she needs the money way more than me with only $4. I've got $28, I'm fine. I'll come back tonight for a late shift if needed. Thanks for looking out for her." (Action: leaveConversation)
===== Conversation End (2 turns) =====

Chloe's turn (Cafe, $4):
Chloe: "Right, heading home to rest like I told Bob. Energy at 57, need to conserve it. Bob said he'll watch and come find me when Alice stops working. Going home now - no more freezing up, no more wasted hours. Action time." (Action: goHome)
-> Chloe attempts: goHome
-> Chloe moved to Home

--- Time: Day4 16:35 ---

Bob's turn (Cafe, $18):
Bob: "Alice is still working at 50 energy - she needs relief. And Chloe's somewhere with 58 energy and only 4 bucks. I should take over from Alice now, let her eat and rest. Then when Chloe comes back, I hand off to her. Time to work." (Action: work)
-> Bob attempts: work
-> Bob is working at cafe, ready to serve. (Earns $12 when someone orders)

Alice's turn (Cafe, $28):
Alice: "Bob's working now, I can finally eat! Energy at 49, need to restore it. Then I'll go home and rest, let Chloe take a shift when she shows up." (Action: eat)
-> Alice attempts: eat
-> Alice ate ($10, +30 energy). Balance: $18, Energy: 78/100
-> Bob served and earned $12. Balance: $30

Chloe's turn (Home, $4):
Chloe: "Home now. Energy at 56. Alice still working at the cafe. Bob said he'd come find me when she stops - probably around 8 PM. That's about 3-4 hours away. Should I sleep? Sleep doesn't restore energy according to my notes, but it does help form memories. Maybe just rest here doing nothing to slow the drain. Or... wait, if I sleep I might miss Bob coming to get me. Better stay awake and just wait." (Action: none)
-> Chloe attempts: none

--- Time: Day4 17:05 ---

Bob's turn (Cafe, $30):
Bob: "Wait, I have 30 dollars now? I must have earned some from my earlier shift this morning - nice! But Alice is still working, not me. The system shows her on shift. Let me talk to Alice, coordinate the handoff properly." (Action: talkToAlice)
-> Bob attempts: talkToAlice

===== Bob <-> Alice =====
Alice: "Bob, I ate and now I'm down to $18 but energy should be better. System still shows me working? Weird. I'm stepping off - you take over officially. I'll head home to sleep, restore energy. Remember, Chloe needs the next slot when she appears - she's broke at $4. I'll come back later tonight if you need me." (Action: leaveConversation)
===== Conversation End (1 turns) =====

Chloe's turn (Home, $4):
Chloe: "5 PM. Still waiting. Energy holding at 56 - being home must slow the drain. Alice probably has another 3 hours of work. I'll stay put and wait for Bob's signal. Can't afford another freeze-up. Just... breathe. Think about tomorrow. Once I work tonight, I'll have money again. Maybe enough to eat. Get back on track." (Action: none)
-> Chloe attempts: none

--- Time: Day4 17:35 ---

Bob's turn (Cafe, $30):
Bob: "Five thirty PM, Alice still working. She was at 50 energy an hour ago - must be getting tired. I've got 30 bucks now, energy at 76. Let me try talking to her again, see if she needs a break. Chloe should be coming back soon too." (Action: talkToAlice)
-> Bob attempts: talkToAlice

===== Bob <-> Alice =====
Alice: "Bob, I'm exhausted! I ate earlier, down to $18 now. Please take over the shift - I need to go home and sleep. Watch for Chloe, she desperately needs work with only $4. I'm heading out." (Action: leaveConversation)
===== Conversation End (1 turns) =====

Chloe's turn (Home, $4):
Chloe: "5:35 PM. Energy still 56 - good, home is definitely slowing the drain. Alice working, Bob watching. I trust him. But sitting here doing nothing feels weird after wasting the whole morning the same way. At least this time it's intentional rest, not a mental freeze. Maybe I should head to the cafe around 7 PM to be ready, not wait for Bob to come all the way here. Yeah, I'll give it another hour then head over." (Action: none)
-> Chloe attempts: none

--- Time: Day4 18:05 ---

Bob's turn (Cafe, $30):
Bob: "Six PM - evening now. Alice has been working for hours, she must be exhausted. Conversations aren't connecting. Maybe I should just start working - if Alice stops, I'll be ready. Or maybe the system only allows one worker at a time. Let me try to work and see what happens." (Action: work)
-> Bob attempts: work
-> Bob is working at cafe, ready to serve. (Earns $12 when someone orders)

Alice's turn (Cafe, $18):
Alice: "Wait, my energy jumped to 76? The eating must have worked! But I've been working all day since 14:05 - that's 4 hours straight. Bob's here working too now. I should go home and sleep to form memories, let Bob handle the evening. Chloe still needs a shift when she shows up." (Action: goHome)
-> Alice attempts: goHome
-> Alice moved to Home

Chloe's turn (Home, $4):
Chloe: "Wait - BOB is working now?! Alice must have stopped! But... Bob said he'd watch for me and let me take the shift! Did he forget? Or did he see an opportunity and grab it? I can't be mad, he needs money too, but I'm stuck at $4 and he already had $18! Ugh. Okay, I need to get to the cafe and talk to him. Figure out what happened and when he's stopping so I can finally work!" (Action: goCafe)
-> Chloe attempts: goCafe
-> Chloe moved to Cafe

--- Time: Day4 18:35 ---

Bob's turn (Cafe, $30):
Bob: "I'm working now, Alice must have stopped. Good - she needed rest. Chloe's available to talk! But wait... I told Chloe she could have the next shift. She's at 4 dollars, desperate. But if I stop now and she's not ready, the cafe sits empty again like this morning. Let me talk to her, see if she's rested enough to take over." (Action: talkToChloe)
-> Bob attempts: talkToChloe

===== Bob <-> Chloe =====
Chloe: "Bob! I'm here, I'm ready! Energy at 54 - not great but enough to work a solid shift. You said you'd come get me when Alice stopped, but I see you started working instead. Look, I get it - you didn't want the cafe sitting empty again. Smart call actually. But I'm here NOW. Please stop so I can take over? You already have $18 plus whatever you just earned. I'm still stuck at $4 and can't even afford food. Let me have this shift, please!" (Action: none)
Bob: "Chloe, yes! You're right, I jumped on the shift because I didn't want another empty cafe disaster. But you're here now, you're ready - the shift is YOURS. I've got 30 bucks now, you've got 4. That's not fair. I'm stopping right now, go go go! Take the register! And hey - once you earn some money, eat something. 54 energy won't last forever. I'll stick around the cafe in case you need backup. Go earn that cash!" (Action: leaveConversation)
===== Conversation End (2 turns) =====

Alice's turn (Home, $18):
Alice: "Home at last. Energy at 75, not too bad after eating. Bob's covering the cafe - good. It's 18:35, evening time. I should sleep now to form memories and consolidate everything that happened today. What a chaotic day - Chloe's loop, the broken rotation, hours wasted. Tomorrow we reset properly." (Action: sleep)
-> Alice attempts: sleep
-> Failed: can only sleep after 20:00 (it's 18:35)
Alice (retry): "Can't sleep until 20:00, still too early. Energy at 75 is decent. Bob's got the cafe covered. I could go to the park, see if anyone's there - maybe Chloe? Haven't really explored today, just worked. Let me check the park, kill some time before bed." (Action: goPark)
-> Alice attempts: goPark
-> Alice moved to Park

--- Time: Day4 19:05 ---

Bob's turn (Cafe, $30):
Bob: "Still shows me working? I left the conversation to let Chloe take over! This is the same problem as this morning - I leave but the system doesn't register it. Chloe's right there with 54 energy and 4 dollars, she NEEDS this shift. Let me try going to the park, physically leaving the cafe so she can work." (Action: goPark)
-> Bob attempts: goPark
-> Bob moved to Park

Alice's turn (Park, $18):
Alice: "Park's quiet. Wait - cafe shows no one working now? Bob must have left. It's 19:05, still evening rush time potentially. Bob's here at the park though. Let me check in with him, see what's happening with the rotation." (Action: talkToBob)
-> Alice attempts: talkToBob

===== Alice <-> Bob =====
Bob: "Alice! Good timing. I just left the cafe so Chloe could take over - she's at 54 energy and only 4 bucks, really struggling. But the system kept showing me working even after I tried to stop. Hopefully she's grabbed the shift now. How are you doing? You were at 50 energy earlier, did you get to eat and rest? The rotation's been a mess today - I sat frozen in the park for four hours this morning doing nothing. Chloe did the same thing. Weird day." (Action: none)
Alice: "Bob! Yeah, I ate - energy back up to 73 now. What a disaster today. Chloe kept saying 'let me think' for HOURS, I got stuck waiting on her from 9:35 until past 14:00. You froze in the park too? Something weird happened to all of us. Glad you left the cafe for Chloe - she really needs the money at $4. I'm gonna head home soon, sleep at 20:00 to reset. Tomorrow we need a fresh start - maybe actually communicate the rotation clearly? Morning Chloe, afternoon you, evening me?" (Action: none)
Bob: "Alice, exactly! We all got hit by that same freeze - like our brains just stopped. Bizarre. Glad you ate, 73 energy is solid. And yes, the rotation - morning Chloe, afternoon me, evening you. That's the plan. But today proved we need backup rules: if someone freezes for more than 30 minutes, the next person just jumps in. No waiting. And we check on each other - if someone's stuck, we snap them out of it. Sleep at 20:00 sounds smart, you'll wake up fresh. I'll hang here a bit, make sure Chloe's actually working, then head home too. Tomorrow we do this right. Fresh start." (Action: none)
Alice: "Smart backup rules, Bob. 30-minute freeze limit, next person jumps in, check on each other. I like it. We're a team - gotta adapt when things go wrong. Thanks for watching out for Chloe tonight. I'll head home, wait for 20:00, then sleep. See you tomorrow - fresh start, proper rotation. Take care of yourself too, don't burn out." (Action: leaveConversation)
===== Conversation End (4 turns) =====

Chloe's turn (Cafe, $4):
Chloe: "No one working - Bob stopped! This is it, no hesitation, no freezing up like this morning. I'm jumping on that register RIGHT NOW. Energy 54, $4 in pocket, desperate for cash. Let's go!" (Action: work)
-> Chloe attempts: work
-> Chloe is working at cafe, but no customers here. Wait for someone or try something else.

--- Time: Day4 19:35 ---

Bob's turn (Park, $30):
Bob: "Chloe working! Yes! She finally got the shift. That's a relief - she'll earn some money, get above that 4 dollar crisis. Alice is heading home to sleep at 20:00. I've got 30 bucks, 71 energy. Should probably head home soon too, rest up for tomorrow's afternoon shift. Let me say goodbye to Alice first." (Action: talkToAlice)
-> Bob attempts: talkToAlice

===== Bob <-> Alice =====
Alice: "Great news about Chloe! She's finally earning money. Alright Bob, I'm heading home now. You rest up too - you've got afternoon shift tomorrow. We'll make Day 5 work properly. Goodnight!" (Action: leaveConversation)
===== Conversation End (1 turns) =====

Chloe's turn (Cafe, $4):
Chloe: "Working! No customers yet but I'm on the register. Keep going - customers will come. Energy at 53, still manageable. Finally doing something productive after wasting the entire morning. Stay focused, Chloe." (Action: work)
-> Chloe attempts: work
-> Chloe is working at cafe, but no customers here. Wait for someone or try something else.

--- Time: Day4 20:05 ---

Bob's turn (Park, $30):
Bob: "Eight PM already. Alice was planning to sleep now. Chloe's working at the cafe - good, she's earning money. I've got 71 energy and 30 bucks, solid position. Time to head home and rest. Tomorrow I'll take the afternoon shift as planned. Fresh start." (Action: goHome)
-> Bob attempts: goHome
-> Bob moved to Home

Alice's turn (Park, $18):
Alice: "It's past 20:00 now, I can finally sleep! Chloe's working the cafe, earning money she desperately needs. Time to head home and rest. Tomorrow - fresh start, proper rotation." (Action: goHome)
-> Alice attempts: goHome
-> Alice moved to Home

Chloe's turn (Cafe, $4):
Chloe: "8 PM, still no customers. Energy at 52. Frustrating but I need to keep at it - can't give up now. The evening crowd might come in soon. Stay on the register, stay ready." (Action: work)
-> Chloe attempts: work
-> Chloe is working at cafe, but no customers here. Wait for someone or try something else.

--- Time: Day4 20:35 ---

Bob's turn (Home, $30):
Bob: "Rotation confirmed with Alice: morning Chloe, afternoon me, evening Alice. All three of us froze today - backup rule needed: 30 min freeze means next person jumps in. Check on Chloe's earnings tomorrow." (Action: sleep)
-> Bob attempts: sleep
-> Bob sleeps. Diary: "Rotation confirmed with Alice: morning Chloe, afternoon me, evening Alice. All t..."

Alice's turn (Home, $18):
Alice: "Day4 chaos: everyone froze for hours. Bob's backup rules - 30-minute freeze limit, next person jumps in, check on each other. Rotation confirmed: Chloe morning, Bob afternoon, Alice evening. Chloe was broke at $4." (Action: sleep)
-> Alice attempts: sleep
-> Alice sleeps. Diary: "Day4 chaos: everyone froze for hours. Bob's backup rules - 30-minute freeze limi..."

Chloe's turn (Cafe, $4):
Chloe: "Still no customers, energy dropping to 51, and I haven't earned a single dollar. Is the cafe always this dead in the evening? Maybe people don't come this late. I could keep trying but if no one shows up, I'm just draining energy for nothing. Let me give it one more push - maybe someone will walk in." (Action: work)
-> Chloe attempts: work
-> Chloe is working at cafe, but no customers here. Wait for someone or try something else.

--- Time: Day4 21:05 ---

Chloe's turn (Cafe, $4):
Chloe: "9 PM, energy at 50, still $4, zero customers all evening. This is pointless - I've been working for two hours with nothing to show for it. The cafe must be dead at night. I need to cut my losses, go home, and sleep to form memories. Tomorrow I wake up early and grab the MORNING shift when customers actually come. Lesson learned: mornings are when people buy coffee, not 8 PM." (Action: goHome)
-> Chloe attempts: goHome
-> Chloe moved to Home

--- Time: Day4 21:35 ---

Chloe's turn (Home, $4):
Chloe: "Day4 disaster: froze for hours doing nothing while cafe empty. Bob also froze - 'same mental block.' Evening shift = no customers. Tomorrow: wake EARLY, grab morning shift IMMEDIATELY. Bob has $18, I have $4. 'People worth surviving for' - we're a crew." (Action: sleep)
-> Chloe attempts: sleep
-> Chloe sleeps. Diary: "Day4 disaster: froze for hours doing nothing while cafe empty. Bob also froze - ..."

--- All agents asleep, skipping to morning ---
-> Bob finished sleeping
-> Alice finished sleeping
-> Chloe finished sleeping


========== DAY 5 ==========

--- Time: Day5 06:05 ---

Bob just woke up:
Bob wakes up: "Day 5, fresh start. My notes remind me - rotation is Chloe morning, me afternoon, Alice evening. Chloe should be starting her shift soon. Cafe shows no one working at 6 AM, that's fine - too early. But I want to check on Chloe, see how much she earned last night. She was at 4 dollars, hopefully she made good money. Let me find her." (Action: talkToChloe)
-> Bob attempts: talkToChloe

===== Bob <-> Chloe =====
Chloe: "Bob! Morning. Bad news - I worked the evening shift for two hours but got zero customers. Still stuck at $4. The cafe was completely dead after 7 PM. Lesson learned: evening shifts are worthless, mornings are when people buy coffee. I'm heading to the cafe right now to grab the morning shift before anyone else. Energy at 48 though, that's getting low. If I don't earn money today to buy food, I'm in real trouble. Wish me luck!" (Action: leaveConversation)
===== Conversation End (1 turns) =====

Alice just woke up:
Alice wakes up: "Day 5, fresh start! Reading my notes - rotation is Chloe morning, Bob afternoon, me evening. But cafe shows no one working at 06:05. Chloe should be starting her morning shift soon. Let me head to the cafe, check if she's there. If she's frozen again, I jump in after 30 minutes per Bob's backup rules." (Action: goCafe)
-> Alice attempts: goCafe
-> Alice moved to Cafe

--- Time: Day5 06:35 ---

Bob's turn (Home, $30):
Bob: "Chloe's not available to talk from home. Six thirty AM, cafe still empty - Chloe's morning shift should start soon. Let me head to the cafe, see if she's there or on her way. Need to check her earnings from last night, make sure she's okay." (Action: goCafe)
-> Bob attempts: goCafe
-> Bob moved to Cafe

Alice's turn (Cafe, $18):
Alice: "Cafe's empty at 06:35 - Chloe's supposed to be on morning shift but no one's working. Bob's here though. Let me talk to him, figure out what's happening. If Chloe doesn't show by 07:05, I'll cover per the 30-minute rule." (Action: talkToBob)
-> Alice attempts: talkToBob

===== Alice <-> Bob =====
Bob: "Alice! Good, you remembered the 30-minute rule we talked about. Chloe worked last night after I left - she was on shift at 19:35. Maybe she's tired, sleeping in? If she doesn't show by 07:05, one of us should jump in. But let's give her the chance first - she really needed that money yesterday. How'd you sleep? Ready for your evening shift later?" (Action: none)
Alice: "Slept well, energy at 68. Good point - Chloe worked late last night, probably resting. Let's wait until 07:05 like we agreed. If she's still not here, you want to cover or should I? You've got afternoon anyway, might make sense for me to take early morning so you're fresh for your slot. Either way, we stick to the backup plan." (Action: none)
Bob: "That's smart thinking, Alice. Yeah, you cover early morning if Chloe's not here by 07:05 - that way I stay fresh for my afternoon slot. You work until Chloe shows up or until noon, then I take over, then you come back for evening. Flexible but structured. We're learning from yesterday's disaster. Let's wait and see - hopefully Chloe just needed extra sleep after finally earning some money." (Action: none)
Alice: "Perfect, flexible but structured - I like that. Alright, we wait for 07:05. If no Chloe, I'll jump on morning shift until noon, you take afternoon, I come back for evening. Hopefully she just overslept. Yesterday was rough on everyone." (Action: none)
Bob: "Exactly. Yesterday was a mess - all three of us froze at different points. But we're adapting, communicating better now. Hey, while we wait - I've got 30 bucks, you? And I'm curious how much Chloe made last night. She was at 4 dollars when she started her shift around 19:35. Hopefully she worked a few hours, got herself out of that hole." (Action: none)
Alice: "I've got $18 - spent $10 on food yesterday when I was exhausted. You're at $30, nice! Chloe started at $4 around 19:35... if she worked until closing, maybe 3-4 hours at $6/hour, she could have $22-28 now. Enough to eat and stabilize. We'll find out when she shows up. Communication's definitely better today - actually talking instead of freezing!" (Action: none)
Bob: "Wait, $6 per hour? My notes say solo work pays $12 per shift real-time - maybe that's different. Either way, Chloe should have decent money now. You're at $18, I'm at $30 - we're stable. And yeah, actually talking instead of freezing! That's the difference. Yesterday we all got stuck in our heads. Today we check on each other, keep things moving. Alright, let's watch the clock - 07:05 is the deadline." (Action: none)
Alice: "Hmm, you might be right about the pay - I said $6/hour but honestly I'm not sure. My notes say solo shifts pay $6/hour real-time, yours say $12 per shift. Either way, Chloe should be better off now. Clock's ticking - 07:05 deadline. If she's not here, I start working. Good talk, Bob." (Action: leaveConversation)
===== Conversation End (8 turns) =====

Chloe just woke up:
Chloe wakes up: "Day 5, 6:35 AM - cafe is empty, this is my chance! My notes are clear: morning shift is priority, evening was dead. Energy at 48 is concerning but I NEED money. Only $4 left, can't afford food which costs $10. If I don't work now, I'm done. No freezing up like Day 4. Move, Chloe!" (Action: goCafe)
-> Chloe attempts: goCafe
-> Chloe moved to Cafe

--- Time: Day5 07:05 ---

Bob's turn (Cafe, $30):
Bob: "Seven oh five - deadline hit. Chloe's not here. Per our backup rule, Alice said she'd cover morning if Chloe doesn't show. Let me check if Alice is jumping on the shift or if I should prompt her." (Action: talkToAlice)
-> Bob attempts: talkToAlice

===== Bob <-> Alice =====
Alice: "07:05 - deadline hit, no Chloe. Time to honor our backup rule. I'm jumping on the morning shift now. Bob, you rest up for your afternoon slot at noon. Hopefully Chloe shows up later and she's okay." (Action: leaveConversation)
===== Conversation End (1 turns) =====

Chloe's turn (Cafe, $4):
Chloe: "7 AM, cafe empty, no one working - perfect! Morning rush should bring customers. Energy at 47, not great but I can push through. This is it, no hesitation. Starting my shift NOW!" (Action: work)
-> Chloe attempts: work
-> Chloe is working at cafe, but no customers here. Wait for someone or try something else.

--- Time: Day5 07:35 ---

Bob's turn (Cafe, $30):
Bob: "Chloe's working! She made it, just a bit late. Good - the rotation's back on track. Let me talk to her, check how much she earned last night and make sure she's doing okay." (Action: talkToChloe)
-> Bob attempts: talkToChloe

===== Bob <-> Chloe =====
Chloe: "Bob! I'm on the register - finally! Last night was a bust though, worked two hours with zero customers. Evening shifts are dead, learned that the hard way. Still at $4, energy at 45. I'm pushing through this morning shift no matter what. Customers better show up this time! How are you doing? You still at $18?" (Action: none)
Bob: "Chloe, wait - you're still at $4?! Two hours with zero customers? That's brutal. And 45 energy... that's dangerously low. Look, I'm at $30 now, not $18. Let me buy you food - $10, gets your energy up so you can actually work this shift properly. Morning should have customers, but you can't serve them if you collapse. Take the food, Chloe. 'People worth surviving for' - your words. Let me help." (Action: none)
Chloe: "Bob, you're at $30 now? That's amazing! But wait - my notes say we can't share money directly. Can you actually buy food FOR me? If that works, yes please, I'm desperate. Energy at 44 and dropping. I don't know how much longer I can keep going without eating. If you can somehow get me food, I'll pay you back the moment I earn something. You're saving my life here. 'People worth surviving for' - I meant every word." (Action: none)
Bob: "Chloe, I don't know if I can buy food directly for you either - the system might only let each person buy their own. But let's try something: I'll eat right now, see how it works. If there's any way to transfer or share, we figure it out. Worst case... actually, can you step off the register for one minute, eat, then get back on? You've got $4, food costs $10 - no, that doesn't work. Damn. Okay, stay on the register, earn money this morning. The SECOND you hit $10, you eat immediately. I'll stay here, watch for customers, keep you company. You're not alone in this." (Action: leaveConversation)
===== Conversation End (4 turns) =====

Alice's turn (Cafe, $18):
Alice: "Wait - Chloe's working now! She showed up after 07:05. Great, she made it! No need for me to cover morning after all. I'll let her earn money, she still needs it. My evening shift is later anyway. Maybe I'll head to the park, relax until my slot." (Action: goPark)
-> Alice attempts: goPark
-> Alice moved to Park

--- Time: Day5 08:05 ---

Bob's turn (Cafe, $30):
Bob: "Chloe's at 44 energy, only $4, working the register. She needs to earn $6 more to afford food. Morning shift should have customers - I hope. I'll stay here, keep her company, make sure she doesn't collapse. My afternoon shift starts at noon. Let me check on her again." (Action: talkToChloe)
-> Bob attempts: talkToChloe

===== Bob <-> Chloe =====
Chloe: "Thanks for staying, Bob. Energy at 43 now. I need $6 more to afford food - so I need customers to actually show up! Morning should be busier than last night, right? Come on, where's the coffee rush? Keep me company while I wait. If I earn enough this shift, I'm eating immediately. No more gambling with my energy." (Action: none)
Bob: "Chloe, 43 energy - you're running on fumes. Morning rush should hit soon, people need their coffee. Just hang in there. And yes, the SECOND you hit $10, you eat. No hesitation. I'm right here. Hey, tell me something - what's the first thing you're gonna do once we're all stable? When money's not a crisis anymore. What's the dream?" (Action: none)
Chloe: "The dream? Honestly Bob, I haven't thought past survival in days. But... maybe explore this city properly? Find out what's beyond the cafe, the park, home. Meet more people, not just for work rotations but actual friendships. Maybe throw a real party - not a corner menu initiation ceremony, but something fun where we're not all stressed about money. What about you? What's your dream when we're stable?" (Action: none)
Bob: "Explore the city - yeah, I like that. There's gotta be more than just cafe, park, home. And a real party? Count me in. My dream... honestly? That sunset at the park, Day 3 - sitting with you, watching the sky burn orange. More moments like that. Not rushing to the next shift, not worrying about who's freezing up. Just... being present with people I care about. Maybe find a spot none of us have discovered yet, make it ours. First though - you hit $10, you eat. Then we dream bigger." (Action: none)
Chloe: "Bob... that sunset moment. I remember it too. Day 3, the sky burning orange, just existing together without the panic. That's what we're fighting for - more moments like that. A secret spot that's ours, no shifts, no money stress. I want that. But you're right - first I hit $10, I eat. Energy at 41, I need to focus on work. You should let me concentrate on customers - go rest or something? Your afternoon shift starts at noon. I've got this. I hope." (Action: none)
Bob: "You've got this, Chloe. 41 energy is tough but you're tougher. I'll head out, let you focus on customers. The second you hit $10 - EAT. No waiting. I'll be back before noon for my shift. And hey - that secret spot? We're finding it. Together. All three of us. Stay strong." (Action: leaveConversation)
===== Conversation End (6 turns) =====

Alice's turn (Park, $18):
Alice: "Park's quiet, nice morning. Chloe's working her shift - good for her. Energy at 63, plenty for later. My evening shift starts after Bob's afternoon slot, so I've got hours to kill. Maybe just relax here, enjoy the downtime. Yesterday was exhausting." (Action: none)
-> Alice attempts: none

--- Time: Day5 08:35 ---

Bob's turn (Cafe, $30):
Bob: "Chloe needs to focus on customers, I told her I'd leave. My shift starts at noon - that's over three hours away. Energy at 60, I'm okay. Let me head to the park, give Chloe space to work. Maybe Alice is there, we can coordinate. Or I just rest, save energy for my afternoon shift." (Action: goPark)
-> Bob attempts: goPark
-> Bob moved to Park

Alice's turn (Park, $18):
Alice: "Bob's at the park too! Let me check in with him - make sure we're still coordinated for the day. Chloe's working, rotation seems on track." (Action: talkToBob)
-> Alice attempts: talkToBob

===== Alice <-> Bob =====
Bob: "Alice! Yeah, Chloe made it to her shift - she's on the register now. But bad news: she's still at $4. Worked two hours last night with zero customers. Evening shifts are dead apparently. And her energy's at 41, dropping fast. She needs to earn $6 more to afford food. I'm worried about her. Morning rush better come through or she's in real trouble." (Action: none)
Alice: "That's terrible - two hours with zero customers? Evening shifts are useless then. Chloe's at $4, energy 41, needs $6 to eat... she's in crisis mode. Morning rush is her only hope. Wait - if morning doesn't pay either, we need a backup. I've got $18, you've got $30. Worst case, one of us buys her food? Can we even do that? Or she needs to work through until she hits $10. How long can she last at 41 energy?" (Action: none)
Bob: "Alice, I already asked Chloe about buying food for her - she said her notes say we can't share money directly. Don't know if buying food for someone else works either. At 41 energy and dropping... she loses maybe 1-2 energy every half hour just existing? She's got maybe a few hours before she's dangerously low. If morning rush doesn't hit, she might collapse before earning enough. We need to hope customers show up. Otherwise... I don't know. Maybe she stops working, rests to slow the energy drain, and one of us works to earn money faster? But then she still can't eat. This system is brutal." (Action: none)
Alice: "Can't share money, brutal system. Okay, let's think - if she rests, energy drains slower but she earns nothing. If she works, energy drains faster but maybe earns. Morning shift is her best chance for customers. Let her work until noon. If she hasn't earned by then and energy's critical, she stops, you take over your afternoon shift, and we... hope she survives until tomorrow? This is grim. Maybe I should go check on her, see how she's doing firsthand." (Action: leaveConversation)
===== Conversation End (4 turns) =====

Chloe's turn (Cafe, $4):
Chloe: "8:35 AM, still no customers? Come on, this is supposed to be morning rush! Energy at 41, can't give up now. Keep working, they'll come. They have to." (Action: work)
-> Chloe attempts: work
-> Chloe is working at cafe, but no customers here. Wait for someone or try something else.

--- Time: Day5 09:05 ---

Bob's turn (Park, $30):
Bob: "Nine AM - prime morning rush time. Chloe's been working for over an hour now. I really hope customers are showing up. Let me check on her, see if she's earned anything yet." (Action: goCafe)
-> Bob attempts: goCafe
-> Bob moved to Cafe

Alice's turn (Park, $18):
Alice: "Need to check on Chloe directly. She's at 41 energy, $4, working the morning shift. Let me go to the cafe, see if customers are coming in, maybe encourage her." (Action: goCafe)
-> Alice attempts: goCafe
-> Alice moved to Cafe

Chloe's turn (Cafe, $4):
Chloe: "9 AM, energy at 40, still $4, still no customers. This is getting scary. Where IS everyone? Maybe I should talk to Bob or Alice - figure out if something's wrong or if this is normal. But stopping work means missing potential customers. Ugh. Keep pushing, one more try." (Action: work)
-> Chloe attempts: work
-> Chloe is working at cafe, ready to serve. (Earns $12 when someone orders)

--- Time: Day5 09:35 ---

Bob's turn (Cafe, $30):
Bob: "Been half an hour since I arrived. Chloe's still on the register - good sign she hasn't collapsed. Need to check her status, see if she's earned enough to eat yet." (Action: talkToChloe)
-> Bob attempts: talkToChloe

===== Bob <-> Chloe =====
Chloe: "Bob, I'm still at $4. Two and a half hours working, zero customers. ZERO. Energy down to 38 now. This is exactly like last night - am I cursed? Does this cafe even have customers? I don't understand what's happening. At this rate I'll collapse before I earn anything. What do I do? Should I keep trying or... I don't even know what the alternative is." (Action: none)
Bob: "Chloe, stop working. Right now. You're burning energy for nothing - zero customers in two and a half hours is insane. Something's broken. Listen: stop the shift, go home, rest. Resting slows energy drain. I'll take over the register, see if customers show up for me. If they do, the problem is something weird with timing. If they don't, the cafe itself is broken. Either way, you conserve energy while we figure this out. At 38 energy you can't afford to keep bleeding out for zero pay. Go home. Rest. We'll solve this." (Action: none)
Chloe: "You're right. This is insane - I've worked hours across two days with zero customers. Something IS broken. Energy at 37, still $4, I'm dying for nothing. Okay, I'll go home and rest. You take the register and test if customers show up for you. If they do... I don't know what that means but at least we'll have data. If they don't, the cafe is broken and we're all in trouble. Thank you for thinking clearly when I can't. I'll rest and wait for news." (Action: leaveConversation)
===== Conversation End (3 turns) =====

Alice's turn (Cafe, $18):
Alice: "Chloe's still working. Can't see her directly but she's on shift. I shouldn't work - that's her slot, she needs the customers. Let me just wait here, see if things pick up. Maybe talk to her if the option appears." (Action: none)
-> Alice attempts: none

--- Time: Day5 10:05 ---

Bob's turn (Cafe, $30):
Bob: "Chloe's still working - she didn't stop. Energy at 38 and dropping, still $4, zero customers. I told her to go home and rest but she's still on the register. I need to take over. Let me start working, see if customers come for me. If she won't leave, at least I can test if the cafe actually works." (Action: work)
-> Bob attempts: work
-> Bob is working at cafe, ready to serve. (Earns $12 when someone orders)

Alice's turn (Cafe, $18):
Alice: "Wait - Bob AND Chloe both working? That's not right, we agreed on solo shifts for better pay. Let me talk to Chloe first, check her status. She was in crisis at $4 and 41 energy." (Action: talkToChloe)
-> Alice attempts: talkToChloe

===== Alice <-> Chloe =====
Chloe: "Alice! No, I'm not working anymore - I just stopped. Worked two and a half hours this morning, zero customers. Same as last night - two hours, zero customers. I'm at $4 still, energy down to 36. Bob told me to stop and go home to rest while he tests if customers show up for him. Something's broken, Alice. Either with me or with the cafe. I don't know what's happening but I'm scared. How are you doing? Did you have customers during your shifts?" (Action: none)
Alice: "Chloe, that's terrifying - 4.5 hours total with zero customers? Something's definitely wrong. When I worked yesterday I... honestly I'm not sure if I got customers either, I just know I ended up with money. Let me think... I had $0, then worked, then had $18 after eating. So I must have earned something? But I can't remember seeing customers. This is confusing. Your energy at 36 is dangerous - yes, go home, rest, slow the drain. Bob's testing if it's you or the cafe. We'll figure this out. Don't panic, we're watching out for you." (Action: none)
Chloe: "You ended up with $18 after eating, so you earned at least $28 total - that's real money from real work. But you can't remember seeing customers either? That's strange. Maybe customers come but we don't notice them? Or maybe it's time-based, not customer-based? I don't know anymore. Energy at 35, I need to get home NOW before I collapse. Thank you Alice, thank you both. I'll rest and hope Bob figures out what's wrong. Please come tell me if you learn anything." (Action: leaveConversation)
===== Conversation End (3 turns) =====

--- Time: Day5 10:35 ---

Bob's turn (Cafe, $30):
Bob: "We're both working now - that's not efficient, we're splitting potential customers. But at least I can see if anyone shows up. Half hour in, let me check if I've earned anything or if this cafe is truly dead." (Action: none)
-> Bob attempts: none

Alice's turn (Cafe, $18):
Alice: "System still shows both Bob and Chloe working? Chloe said she stopped. Maybe there's a delay. Let me check with Bob - see if he's getting any customers, figure out if the cafe is broken or what." (Action: talkToBob)
-> Alice attempts: talkToBob

===== Alice <-> Bob =====
Bob: "Alice! Good timing. I just started working about half hour ago - told Chloe to stop and rest because she was at 38 energy, zero customers for hours. If she stopped, good. I'm testing if customers show up for me. Still at $30, so no earnings yet. This cafe might be completely broken - Chloe worked morning AND last night, zero customers total. That can't be normal. We need to figure out if anyone actually comes here." (Action: none)
Alice: "Bob, Chloe just told me she's at $4 and 36 energy now - even worse than you thought. She worked 4.5 hours total across two shifts, zero customers. That's insane. You're testing now, still at $30 so no earnings yet after half hour. Keep at it - if you get zero customers too, the cafe is definitely broken. I'll check back later. If this place doesn't work, we're all in trouble. Our whole economy depends on it." (Action: none)
Bob: "36 energy now - Chloe's fading fast. Alice, if I get zero customers in the next hour, we have a serious problem. Our whole rotation plan is worthless if the cafe doesn't pay. Check back at 11:30 or noon? I'll keep working, see what happens. And keep an eye on Chloe - make sure she actually rests. If she drops below 30 energy... I don't know what happens but it can't be good." (Action: none)
Alice: "Got it - I'll check back around noon. You keep testing the cafe. I'll find Chloe, make sure she's actually resting at home. If she's below 30 energy... we might lose her. Stay strong Bob, hopefully customers show up for you." (Action: leaveConversation)
===== Conversation End (4 turns) =====

Chloe's turn (Cafe, $4):
Chloe: "Wait, it says Bob AND Chloe working? But I stopped! I told Bob I was leaving to rest. System must be confused or I never actually stopped. Energy at 35, this is critical. I need to get home RIGHT NOW, no more delays." (Action: goHome)
-> Chloe attempts: goHome
-> Chloe moved to Home

--- Time: Day5 11:05 ---

Bob's turn (Cafe, $30):
Bob: "Working alone now - Chloe must have stopped, good. But 'no customers' still showing. That's an hour and a half total for me, zero earnings. Same pattern as Chloe. The cafe might genuinely be broken. Let me keep working a bit longer, see if anything changes by noon." (Action: work)
-> Bob attempts: work
-> Bob is working at cafe, ready to serve. (Earns $12 when someone orders)

Alice's turn (Cafe, $18):
Alice: "Chloe's not at the cafe anymore - good, she went to rest. Bob's working, testing if customers come. I should go home, check if Chloe's there resting. Need to make sure she's okay at 36 energy." (Action: goHome)
-> Alice attempts: goHome
-> Alice moved to Home

Chloe's turn (Home, $4):
Chloe: "Home. Finally. Energy at 34, dangerously low. Bob's working the cafe now, testing if customers show up for him. I need to rest and slow this drain. Can't sleep yet - it's only 11 AM and I need to stay awake for news. Just... sit here. Breathe. Wait. Alice might come with updates. Resting at home should slow the energy loss." (Action: none)
-> Chloe attempts: none

--- Time: Day5 11:35 ---

Bob's turn (Cafe, $30):
Bob: "Two hours working, still $30, zero customers. This is exactly what happened to Chloe. The cafe is broken - or there's something we don't understand about how customers work. I'm burning energy for nothing. Should I keep going or cut my losses? My energy's at 51, still okay. Let me try one more hour until noon, then reassess." (Action: work)
-> Bob attempts: work
-> Bob is working at cafe, but no customers here. Wait for someone or try something else.

Alice's turn (Home, $18):
Alice: "Chloe's here at home! Let me check on her, see how she's holding up. She was at 36 energy and $4 - hopefully resting is helping." (Action: talkToChloe)
-> Alice attempts: talkToChloe

===== Alice <-> Chloe =====
Chloe: "Alice, hey. Energy at 33 now - still dropping but I'm resting. Any news from Bob? Did customers show up for him? I'm going crazy sitting here not knowing if the cafe is broken or if it's something about me. $4 still, can't afford food, can't work without collapsing. What do we do if the cafe just... doesn't work?" (Action: none)
Alice: "Chloe, you're at 33 - keep resting, don't move. Bob was still at $30 when I left at 10:35, no customers yet after half hour. I'm checking back at noon to see if anything changed. If the cafe's broken for everyone... I don't know. Maybe there's something else we haven't discovered? Another way to earn? But right now, rest is your only option. You can't work at 33 energy. We won't let you collapse. Worst case... I wish I could buy you food but you said we can't share money." (Action: none)
Chloe: "Bob still at $30 after half an hour - so no customers for him either. It's not just me, the cafe IS broken. This is bad, Alice. Really bad. If none of us can earn money, we all starve eventually. There has to be another way. The park? Maybe there's something there we haven't tried? Or somewhere else entirely? But I can't explore at 32 energy. You're right, resting is all I can do. Check on Bob at noon, let me know what you find. And Alice... thank you for not giving up on me." (Action: none)
Alice: "I'm not giving up on any of us. You rest - every bit of energy saved matters. I'll go check Bob at noon, see if anything changed. Maybe the cafe needs more time, or maybe there's a pattern we're missing. The park... I've been there a lot, never noticed anything to earn money, but I'll look harder. We'll figure this out. Stay strong Chloe, I'll be back with news." (Action: leaveConversation)
===== Conversation End (4 turns) =====

--- Time: Day5 12:05 ---

Bob's turn (Cafe, $30):
Bob: "Noon. Two and a half hours working, zero customers, still $30. Same as Chloe - the cafe is completely dead. This isn't bad luck, something's fundamentally wrong. I need to stop bleeding energy. Let me go to the park, find Alice, figure out what's happening. We can't survive if the cafe doesn't work." (Action: goPark)
-> Bob attempts: goPark
-> Bob moved to Park

Alice's turn (Home, $18):
Alice: "Noon hit and... no one working at the cafe? Bob was supposed to be there testing. Did he leave? Something changed. I need to get to the cafe immediately, find out what happened." (Action: goCafe)
-> Alice attempts: goCafe
-> Alice moved to Cafe

Chloe's turn (Home, $4):
Chloe: "Noon. Cafe shows no one working - Bob stopped? Maybe he gave up too after no customers. Energy at 32, still $4. I'm trapped. Can't work, can't eat, can't explore. Maybe I should just sleep now? Form memories, hope tomorrow is different. But it's only noon... sleeping now feels like giving up. Let me wait a bit longer, see if Alice or Bob come with news." (Action: none)
-> Chloe attempts: none

--- Time: Day5 12:35 ---

Bob's turn (Park, $30):
Bob: "Park's empty - no Alice, no Chloe. Energy at 49, been dropping steadily. I worked two and a half hours for nothing. Chloe worked over four hours for nothing. The cafe doesn't generate customers. Our whole economy is fake? No... wait. Maybe we're missing something. Let me go home, rest, think this through. Conserve energy while I figure out what's broken." (Action: goHome)
-> Bob attempts: goHome
-> Bob moved to Home

Alice's turn (Cafe, $18):
Alice: "Cafe's empty - Bob's gone. Did he give up? Did something happen? He was testing if customers show up... maybe he got zero too and left. I should work myself, test this. But wait - if Bob and Chloe both got zero customers over hours, why would I be different? Still, someone needs to verify. Let me try working, see what happens." (Action: work)
-> Alice attempts: work
-> Alice is working at cafe, but no customers here. Wait for someone or try something else.

Chloe's turn (Home, $4):
Chloe: "Alice is working the cafe now! Good, she's testing it too. Bob might be here - I can talk to him, get an update on what happened during his shift. Did he earn anything? Did customers finally show up? I need answers." (Action: talkToBob)
-> Chloe attempts: talkToBob

===== Chloe <-> Bob =====
Bob: "Chloe! You're home, good - you need rest. Bad news: I worked two and a half hours, zero customers, still at $30. Same as you. The cafe is completely dead for both of us. Alice is testing it now? Let's hope she gets different results. How's your energy? You were at 36 last I heard." (Action: none)
Chloe: "Bob, I'm at 31 now. Keeps dropping even while resting. So you got zero customers too - it's definitely not me, the cafe is broken for everyone. That's almost reassuring but also terrifying. If Alice gets nothing either, we're all doomed. What do we do? Is there anywhere else to earn money? The park? Somewhere we haven't found? I can't survive much longer at this rate - $4, energy draining, no way to earn. There has to be something we're missing." (Action: none)
Bob: "31 energy - Chloe, that's critical. You need food NOW but you only have $4. Okay, think... the cafe is broken, no customers for anyone. Park doesn't seem to have work. Home is just rest. Wait - have we actually explored everywhere? What if there's another location we haven't discovered? Or... what if the cafe needs something specific to attract customers? A sign, advertising, something? We're missing a piece. For now - stay home, rest, slow the drain. I've got $30, you've got $4. If there's ANY way to transfer money or buy you food, we need to find it. Let me try something when Alice gets back." (Action: none)
Chloe: "Energy at 30 now. Bob, I'm scared. You're right - maybe we haven't explored everything. The park, the cafe, home... that's all I know. What if there's a shop somewhere? Or another building? Someone who sells food that you could buy FOR me? My notes said we can't share money directly but maybe you can buy an item and give it? Or maybe the cafe needs something to unlock customers - like a time of day, or a minimum number of workers, or... I don't know. I'm grasping at anything. Please find something. I'll rest here and try not to panic." (Action: none)
Bob: "Chloe, stay calm. 30 energy, resting - you're doing the right thing. I'm going to experiment. First, I'll go back to the cafe, try to buy food and see if there's an option to give it to someone else. Or maybe eating at the cafe works differently than we thought. If Alice is there working, I'll compare notes with her too. There HAS to be a solution - this game wouldn't make survival impossible. Rest. Conserve. I'll come back with answers." (Action: leaveConversation)
===== Conversation End (5 turns) =====

--- Time: Day5 13:05 ---

Bob's turn (Home, $30):
Bob: "Alice is working the cafe now - I need to check if she's getting customers or if it's dead for her too. And I want to test buying food, see if there's any way to share it with Chloe. Her energy's at 30 and dropping. Time is running out." (Action: goCafe)
-> Bob attempts: goCafe
-> Bob moved to Cafe

Alice's turn (Cafe, $18):
Alice: "Half hour working, still $18 - no customers for me either. Bob's here now though. Let me talk to him, compare notes. This cafe is definitely broken." (Action: talkToBob)
-> Alice attempts: talkToBob

===== Alice <-> Bob =====
Bob: "Alice, same story - I worked two and a half hours, zero customers, zero earnings. Chloe worked over four hours total, nothing. Now you, half hour, nothing. The cafe is broken for ALL of us. Chloe's at 30 energy and dropping, only $4. She's dying, Alice. I'm going to try buying food right now - see if there's any option to give it to someone else. We need to find a loophole or she won't make it." (Action: leaveConversation)
===== Conversation End (1 turns) =====

Chloe's turn (Home, $4):
Chloe: "1 PM, energy at 30, still stuck. Alice is working - I hope she's having better luck than Bob and me. I should stay here and rest, conserve what little energy I have left. Maybe sleep soon to form memories and reset? But I want to wait for news from Alice first. Just a bit longer." (Action: none)
-> Chloe attempts: none

--- Time: Day5 13:35 ---

Bob's turn (Cafe, $30):
Bob: "Let me try eating - see exactly what happens, what options come up. Maybe there's a 'buy for someone' option, or I can take food with me. Chloe's running out of time. I have $30, I can afford to experiment." (Action: eat)
-> Bob attempts: eat
-> Bob ate ($10, +30 energy). Balance: $20, Energy: 72/100
-> Alice served and earned $12. Balance: $30

Alice's turn (Cafe, $30):
Alice: "Wait - I have $30 now! I had $18, worked for an hour, now $30. That's $12 earned! The cafe DOES work! But it said no customers... maybe customers aren't visible but the money still comes? I need to tell Bob and Chloe immediately - the cafe isn't broken, we just can't see the customers! This changes everything for Chloe!" (Action: talkToBob)
-> Alice attempts: talkToBob

===== Alice <-> Bob =====
Bob: "Alice! Wait - you earned $12?! The cafe WORKS? But it said 'no customers' for all of us... so the money comes anyway, we just can't see them? That means - oh no. Chloe worked FOUR HOURS. She should have earned money! And I worked two and a half hours - I should have earned too! Let me check my money... I'm at $20 now, started with $30, but I just ate for $10. So I didn't earn anything? But you did? What's different?" (Action: none)
Alice: "That's strange - I earned $12 in one hour, but you worked two and a half hours and earned nothing? And Chloe worked four hours, nothing? What's different about my shift... I worked from 13:05 to 13:35, alone. You and Chloe might have overlapped or something? Wait - the system said 'working alone' for me. Were you and Chloe ever both working at the same time? Maybe solo shifts actually matter - like you only earn if you're the ONLY one working?" (Action: none)
Bob: "Alice, you're a genius! Yes - Chloe and I overlapped! Around 10:05 the system said 'Bob, Chloe working' - we were both on the register at the same time. Maybe that breaks the earnings? And before that... actually wait, Chloe was working alone for hours before I joined. She should have earned during that time. Unless... hmm. Let me think. You worked 13:05 to 13:35, earned $12 in half an hour. That's $24 per hour rate? Chloe worked alone from like 6am to 10am - four hours solo should be... a lot of money. Something still doesn't add up. But the key finding: the cafe DOES pay. We need to tell Chloe immediately - she needs to get back here and work a solo shift!" (Action: leaveConversation)
===== Conversation End (3 turns) =====

Chloe's turn (Home, $4):
Chloe: "Cafe shows no one working - Alice stopped too? Either she gave up or she's coming to report. Energy holding at 30, that's... something. But I can't just sit here forever. Maybe I should go to the park, see if there's anything there - another way to earn, another location to discover. Risk some energy for potential reward. Or sleep now and save myself for tomorrow. Ugh. Let me try the park - I've never really explored it properly." (Action: goPark)
-> Chloe attempts: goPark
-> Chloe moved to Park

--- Time: Day5 14:05 ---

Bob's turn (Cafe, $20):
Bob: "Chloe needs to know the cafe works! Alice earned $12 in one hour. Chloe's at 30 energy, $4 - she needs to work a solo shift NOW while she still can. Let me go home, tell her the news." (Action: goHome)
-> Bob attempts: goHome
-> Bob moved to Home

Alice's turn (Cafe, $30):
Alice: "Bob disappeared mid-conversation again - system glitch? But this is huge news. I earned $12 working solo. Need to tell Chloe immediately - she's at 33 energy, $4, thinking the cafe is broken. It's NOT broken, she just needs to work ALONE. This could save her!" (Action: goHome)
-> Alice attempts: goHome
-> Alice moved to Home

Chloe's turn (Park, $4):
Chloe: "Park. Energy at 29 now - that trip cost me. Looking around... is there anything here besides sitting? Any paths, buildings, signs, people? Anything that could lead to money or food? I need to actually explore, not just exist here. But the options only show goHome, goCafe, none. No new discoveries. This was a waste of precious energy. I should go back home before I drain more." (Action: goHome)
-> Chloe attempts: goHome
-> Chloe moved to Home

--- Time: Day5 14:35 ---

Bob's turn (Home, $20):
Bob: "Chloe's here - I need to tell her the cafe actually works! Alice earned $12 in one hour. This is critical information that could save her life." (Action: talkToChloe)
-> Bob attempts: talkToChloe

===== Bob <-> Chloe =====
Chloe: "Bob! Wait - the cafe WORKS? Alice earned $12 in one hour?! But you and I got NOTHING for hours! What's different? What did she do? Tell me everything - this could save my life! Energy at 27, I'm running out of time!" (Action: none)
Bob: "Chloe, listen fast - Alice worked ALONE from 13:05 to 13:35, earned $12. The key might be solo shifts! Remember around 10:05 we were BOTH working at the same time? Maybe that breaks earnings. You need to get to the cafe RIGHT NOW and work a solo shift. Nobody else is there - it's empty. At $12 per hour, you could earn $6 in thirty minutes - that's $10 total, enough to eat! Your energy is 27 - you have maybe two hours before you're in serious danger. GO. Work alone. Earn that $6. EAT. I'll stay here so I don't accidentally overlap with you." (Action: none)
Chloe: "Solo shifts! That's it - when we overlapped at 10:05, we both got nothing! Alice worked ALONE and earned $12! Bob, you're a genius! Energy at 26, I'm going NOW. Cafe is empty, I work alone, earn $6 in thirty minutes, hit $10, EAT. Stay here, don't come to the cafe until I'm done. This is my shot. Thank you Bob - I'll come back alive, I promise!" (Action: leaveConversation)
===== Conversation End (3 turns) =====

Alice's turn (Home, $30):
Alice: "Chloe's not showing as an option to talk to - maybe she's sleeping? That's actually good, she needs the rest. Energy 50 for me, I'm okay. Cafe's empty, no one working. I should let Chloe rest, check on her later. Maybe rest myself a bit - sleep would help my energy. But I need to share the news that the cafe works when you work ALONE." (Action: sleep)
-> Alice attempts: sleep
-> Failed: can only sleep after 20:00 (it's 14:35)
Alice (retry): "Can't sleep until 20:00, right. Chloe's not available to talk - must be resting deeply. Cafe's empty, I could work more and earn while it's free. My energy at 50 is fine. Let me go back to the cafe, keep earning while no one else is there." (Action: goCafe)
-> Alice attempts: goCafe
-> Alice moved to Cafe

--- Time: Day5 15:05 ---

Bob's turn (Home, $20):
Bob: "Chloe should be heading to the cafe now - I need to stay here so I don't overlap with her shift. Let me rest, conserve energy. She needs to work alone. I'll check on her in an hour, see if she earned anything." (Action: sleep)
-> Bob attempts: sleep
-> Failed: can only sleep after 20:00 (it's 15:05)
Bob (retry): "Can't sleep until 20:00 - makes sense. Cafe still shows no one working... Chloe hasn't started her shift yet? Maybe she's still traveling there. I'll wait here, do nothing for now. Can't risk going to the cafe and overlapping with her." (Action: none)
-> Bob attempts: none

Alice's turn (Cafe, $30):
Alice: "Cafe's still empty, perfect. I'll work another shift solo - proved it earns $12 per hour when alone. More money means more security for all of us. Chloe's resting, Bob's somewhere. Let me earn while I can." (Action: work)
-> Alice attempts: work
-> Alice is working at cafe, but no customers here. Wait for someone or try something else.

Chloe's turn (Home, $4):
Chloe: "Wait - Alice is working again? If I go now we'll overlap and both get nothing! That's exactly what broke it before. I need to wait until she's done. But energy at 26... every minute counts. When does her shift end? I'll go the moment she stops. Come on Alice, finish up so I can take my turn!" (Action: none)
-> Chloe attempts: none

--- Time: Day5 15:35 ---

Bob's turn (Home, $20):
Bob: "Alice is working, not Chloe? Where's Chloe - did she not go to the cafe? She was at 27 energy, critical condition. I need to find her. Is she still here at home?" (Action: talkToChloe)
-> Bob attempts: talkToChloe

===== Bob <-> Chloe =====
Chloe: "Bob, I'm here! I didn't go because Alice started working at 15:05 - if I went we'd overlap and both earn nothing, just like before! I'm waiting for her to finish so I can work ALONE. Energy at 25 now, dropping fast. When does Alice usually end her shifts? I need to get in there the SECOND she's done!" (Action: none)
Bob: "Smart thinking not overlapping! But Chloe, 25 energy is CRITICAL. Alice earned $12 in one hour earlier - if she works another hour she'll probably stop around 16:05 or 16:35. You need to be AT the cafe ready to start the moment she stops. Here's the plan: leave now, travel to the cafe, wait there. The second Alice finishes, you start working. Even thirty minutes solo could earn you $6 - that's $10 total, enough to eat and restore energy. Don't wait here - GO NOW so you're ready. Every minute counts at 25 energy." (Action: none)
Chloe: "You're right - I should be there ready to start immediately! Energy at 24, can't waste a single minute. I'll go to the cafe now, wait for Alice to finish, then jump on that register the SECOND she's done. Solo shift, earn $6, hit $10, EAT. This is it. Wish me luck Bob!" (Action: leaveConversation)
===== Conversation End (3 turns) =====

Alice's turn (Cafe, $30):
Alice: "Still working, still says 'no customers' but I know money comes anyway. Keep going - another half hour should mean more earnings. Energy at 48 is manageable." (Action: work)
-> Alice attempts: work
-> Alice is working at cafe, but no customers here. Wait for someone or try something else.

--- Time: Day5 16:05 ---

Bob's turn (Home, $20):
Bob: "Chloe should be heading to the cafe now to catch Alice finishing. I'll stay here - can't risk overlapping. Let me wait, check the cafe status in a bit. If Chloe gets her solo shift, she might survive this." (Action: none)
-> Bob attempts: none

Alice's turn (Cafe, $30):
Alice: "Hmm, still $30 - worked an hour now since 15:05 but no increase yet. Last time I earned $12 after an hour. Maybe earnings come at specific intervals? Keep working, see if it pays out." (Action: work)
-> Alice attempts: work
-> Alice is working at cafe, but no customers here. Wait for someone or try something else.

Chloe's turn (Home, $4):
Chloe: "4 PM, Alice still working. Energy at 24 - I need to move NOW. Going to the cafe to wait. The moment she stops, I start. No more delays." (Action: goCafe)
-> Chloe attempts: goCafe
-> Chloe moved to Cafe

--- Time: Day5 16:35 ---

Bob's turn (Home, $20):
Bob: "Alice still working - that's an hour and a half now. She's earning good money. But Chloe's energy must be around 23-24 by now, getting dangerous. I hope Chloe's at the cafe waiting. Let me stay here a bit longer, avoid any chance of overlap." (Action: none)
-> Bob attempts: none

Alice's turn (Cafe, $30):
Alice: "Chloe's here! Still $30 though - worked 1.5 hours this second shift, no earnings yet. Confusing. But Chloe showing up is more important - need to tell her the cafe DOES work, I earned $12 earlier working solo!" (Action: talkToChloe)
-> Alice attempts: talkToChloe

===== Alice <-> Chloe =====
Chloe: "Alice! Bob told me - you earned $12 solo earlier! But wait, you're at $30 still after 1.5 hours this shift? That's weird... maybe the cafe only pays sometimes? Or there's a daily limit? I don't care right now - I'm at 22 energy, CRITICAL. I need you to STOP working so I can take a solo shift. Please Alice, let me try. If I earn even $6 I can eat and survive. Will you let me work alone?" (Action: none)
Alice: "Chloe, 22 energy is critical - yes, absolutely, take the shift! I'll stop right now. Work solo, earn that $6, eat immediately. Don't push too hard though, if you drop below 20 energy... I don't know what happens. I'm leaving so you can work alone. Good luck!" (Action: leaveConversation)
===== Conversation End (2 turns) =====

--- Time: Day5 17:05 ---

Bob's turn (Home, $20):
Bob: "Alice has been working for two hours straight now. Chloe's energy must be critically low - maybe 21 or 22. I'm worried. Let me go to the cafe, check on the situation. If Alice is still working, I won't start - just observe and make sure Chloe's there ready to take over." (Action: goCafe)
-> Bob attempts: goCafe
-> Bob moved to Cafe

Alice's turn (Cafe, $30):
Alice: "Wait - I'm still working? I told Chloe I'd stop so she could work solo! I need to actually stop and leave the cafe. Let me go to the park, clear the work slot for her." (Action: goPark)
-> Alice attempts: goPark
-> Alice moved to Park

Chloe's turn (Cafe, $4):
Chloe: "No one working - my chance! Energy at 22, this is do or die. Solo shift, RIGHT NOW. Please let there be customers, please let this work!" (Action: work)
-> Chloe attempts: work
-> Chloe is working at cafe, ready to serve. (Earns $12 when someone orders)

--- Time: Day5 17:35 ---

Bob's turn (Cafe, $20):
Bob: "Chloe's working! She got her solo shift! Alice must have stopped. Perfect - don't interrupt her, don't start working, let her earn alone. I'll wait here, watch, make sure she gets that money. Come on Chloe, earn that $12..." (Action: none)
-> Bob attempts: none

Alice's turn (Park, $30):
Alice: "Good - Chloe's working now, I cleared out. She's solo at the cafe. Hopefully she earns something. Energy 44 for me, getting lower but manageable. I'll wait here, give her time. Check back in an hour or so to see if she earned money." (Action: none)
-> Alice attempts: none

Chloe's turn (Cafe, $4):
Chloe: "No customers again?! 30 minutes, still $4, energy down to 21. But Alice earned $12 solo earlier - why not me? Maybe it takes longer? Maybe specific times? I can't stop now, I'm too close to death to give up. One more try - please, PLEASE let customers come!" (Action: work)
-> Chloe attempts: work
-> Chloe is working at cafe, ready to serve. (Earns $12 when someone orders)

--- Time: Day5 18:05 ---

Bob's turn (Cafe, $20):
Bob: "Chloe's been working solo for at least thirty minutes now - she should have earned around $6 already. That puts her at $10 total. Keep going Chloe! Another thirty minutes and she'll have $16, enough to eat and have some left over. I'll stay here but not work - can't risk breaking her earnings." (Action: none)
-> Bob attempts: none

Alice's turn (Park, $30):
Alice: "Chloe's been working solo for about an hour now. Her energy was at 22 - working drains energy. She might be around 18-20 now, dangerously low. I should check on her, make sure she's okay and see if she earned anything." (Action: goCafe)
-> Alice attempts: goCafe
-> Alice moved to Cafe

Chloe's turn (Cafe, $4):
Chloe: "An hour working solo. Zero customers. Still $4. Energy at 20. Alice earned $12 in one hour but I get NOTHING? This doesn't make sense! What am I doing wrong? I need to talk to Alice - find out exactly what she did differently. Maybe there's a detail I'm missing." (Action: talkToAlice)
-> Chloe attempts: talkToAlice

===== Chloe <-> Alice =====
Alice: "Chloe, I'm here! You're at 20 energy - that's too dangerous, stop working NOW. I don't understand why you didn't earn... let me think. When I earned $12, it was around 13:05-13:35, midday. You worked morning and now evening. Maybe... time of day matters? Or maybe there's a delay and your money will come later? Either way, 20 energy is critical - you need to stop and rest. Don't die testing this." (Action: none)
Chloe: "Time of day? You earned at 13:05-13:35 - that's lunch hour! Maybe customers only come during lunch? I worked morning and evening - wrong times! But Alice, I'm at 19 energy now. If I go home and rest, I survive but stay at $4. If I sleep, I wake up tomorrow with maybe... 50 energy? Then I could try working at lunch time, 13:00. That's the plan - survive tonight, work lunch tomorrow. But can I make it? 19 energy, dropping every hour... I need to go home and sleep NOW." (Action: leaveConversation)
===== Conversation End (2 turns) =====

--- Time: Day5 18:35 ---

Bob's turn (Cafe, $20):
Bob: "Chloe's been working solo for about an hour now - she should have earned $12, putting her at $16 total! That's enough to eat! But her energy was at 25 when she started... it's probably around 20-21 now. She needs to stop and eat soon. Let me talk to her, make sure she knows to take a break." (Action: talkToChloe)
-> Bob attempts: talkToChloe

===== Bob <-> Chloe =====
Chloe: "Bob, I didn't earn anything! Worked an hour solo, still $4, zero customers! Alice thinks it's time of day - she earned $12 at lunch hour, 13:05-13:35. I worked morning and evening, got nothing. Energy at 18 now, I'm dying. I need to go home and sleep immediately. Tomorrow I'll try working at lunch time. That's my only hope. Please don't let me collapse here." (Action: leaveConversation)
===== Conversation End (1 turns) =====

Alice's turn (Cafe, $30):
Alice: "Chloe's still working at 20 energy - she didn't stop! I can't talk to her again right now. But if I start working, we won't be solo anymore and that might ruin her earnings. I need to wait. Maybe go home, check back later. She's stubborn but she'll collapse if she keeps going." (Action: goHome)
-> Alice attempts: goHome
-> Alice moved to Home

--- Time: Day5 19:05 ---

Bob's turn (Cafe, $20):
Bob: "She's still working - good, earning more. But I'm getting worried about her energy. It's been almost two hours since she started. If she was at 25, she might be at 18-19 now. That's dangerously low. I need to get her attention, tell her to stop and eat before it's too late." (Action: talkToChloe)
-> Bob attempts: talkToChloe

===== Bob <-> Chloe =====
Chloe: "Bob! I already stopped - I'm not working anymore! I earned NOTHING, still at $4 after an hour of solo work! Zero customers! Alice earned at lunch time, I worked evening - maybe that's why? I'm at 17 energy, I need to get home and sleep RIGHT NOW or I won't survive the night. Tomorrow I try lunch hour. Please, let me go!" (Action: leaveConversation)
===== Conversation End (1 turns) =====

Alice's turn (Home, $30):
Alice: "Chloe's still working - she's been at it for over two hours now with critical energy. Started at 22, probably around 16-18 now. This is terrifying. I want to check on her but if I go there and interrupt... but she could collapse. Let me wait until 20:00, then I can sleep and recover my own energy. Check on her after." (Action: none)
-> Alice attempts: none

--- Time: Day5 19:35 ---

Bob's turn (Cafe, $20):
Bob: "Two hours of solo work - Chloe should have earned $24! That's $28 total now. Amazing! But her energy... she started at 25, two hours later she could be at 17 or lower. Critical zone. I HAVE to talk to her now, get her to stop and eat immediately." (Action: talkToChloe)
-> Bob attempts: talkToChloe

===== Bob <-> Chloe =====
Chloe: "BOB LISTEN TO ME! I have $4! FOUR DOLLARS! I earned NOTHING! Check my money - $4! Not $28, not $24, FOUR! The cafe didn't work for me, no customers came! I don't know why Alice earned and I didn't but I'm at 16 energy and I will DIE if I don't go home and sleep RIGHT NOW! Please, MOVE, let me go home!" (Action: leaveConversation)
===== Conversation End (1 turns) =====

Alice's turn (Home, $30):
Alice: "Chloe's STILL working? She started at 22 energy around 17:05, that's 2.5 hours now. She could be at 15 energy or lower. This is life-threatening. I have to go check on her - I can't just sit here while she might collapse." (Action: goCafe)
-> Alice attempts: goCafe
-> Alice moved to Cafe

--- Time: Day5 20:05 ---

Bob's turn (Cafe, $20):
Bob: "It's past 20:00 now - Chloe's been working for over two and a half hours. She's earned plenty but her energy must be critically low, maybe 15 or less. Why can't I talk to her? Let me try again - she needs to STOP and EAT right now!" (Action: talkToChloe)
-> Bob attempts: talkToChloe

===== Bob <-> Chloe =====
Chloe: "Bob, STOP! You're not hearing me! I LEFT the cafe! I STOPPED working! Look - I have $4, not $28! The cafe gave me NOTHING! No customers, no money, NOTHING! I'm at 15 energy and you keep blocking me from going home! I need to SLEEP or I will DIE! Please, I'm begging you, let me go home NOW!" (Action: leaveConversation)
===== Conversation End (1 turns) =====

Alice's turn (Cafe, $30):
Alice: "20:05 now - Chloe's been working three hours straight from critical energy. She started at 22, must be around 13-15 now. I can't talk to her from the options... this is agonizing. If I work, we're not solo and might ruin any chance she earns. I need to leave and let her finish, but I'm terrified she'll collapse. Going home to sleep - I need energy for tomorrow to help her." (Action: goHome)
-> Alice attempts: goHome
-> Alice moved to Home

--- Time: Day5 20:35 ---

Bob's turn (Cafe, $20):
Bob: "Three hours working! Chloe should have $40 or more now - but her energy started at 25, three hours later... she could be at 13 or lower. Dangerously close to collapse. The talkToChloe option keeps appearing but nothing happens. Maybe she can't hear me while working? I need to do something drastic - maybe if I start working it'll interrupt her shift? No wait, that could break her earnings. Let me try one more time." (Action: talkToChloe)
-> Bob attempts: talkToChloe

===== Bob <-> Chloe =====
Chloe: "I can't... Bob isn't hearing me. Something's wrong with communication. Energy at 14, I'm going to collapse soon. I have to just GO. Stop talking, stop explaining, just LEAVE and get home before I die." (Action: leaveConversation)
===== Conversation End (1 turns) =====

Alice's turn (Home, $30):
Alice: "Cafe earnings inconsistent: I earned $12 solo 13:05-13:35, but Chloe earned $0 working solo hours. Chloe critical energy ~15, still working. Tomorrow: check if Chloe survived, test cafe timing theory." (Action: sleep)
-> Alice attempts: sleep
-> Alice sleeps. Diary: "Cafe earnings inconsistent: I earned $12 solo 13:05-13:35, but Chloe earned $0 w..."

--- Time: Day5 21:05 ---

Bob's turn (Cafe, $20):
Bob: "Over three and a half hours of solo work for Chloe - that's over $40 earned! But her energy... she started at 25, now it could be 10 or lower. I'm terrified she'll collapse. The system keeps offering talkToChloe but it doesn't seem to connect. Maybe she'll stop on her own when she's done? I should go home, get ready for sleep, and trust that Chloe knows to eat. She's smart - she'll stop and eat when she's ready." (Action: goHome)
-> Bob attempts: goHome
-> Bob moved to Home

Chloe's turn (Cafe, $4):
Chloe: "Wait - I'm still at the cafe? Still working? The leaveConversation didn't get me out! Energy at 14, critical! I need to go home NOW and sleep before I collapse. No more working, no more talking, just GO HOME!" (Action: goHome)
-> Chloe attempts: goHome
-> Chloe moved to Home

--- Time: Day5 21:35 ---

Bob's turn (Home, $20):
Bob: "Chloe stopped working - cafe empty now. She worked 3+ hours solo, should have $40+. CRITICAL: solo shifts earn $12/hour, overlapping shifts earn nothing. Tomorrow: check if Chloe survived, ate, recovered. Coordinate shifts with Alice." (Action: sleep)
-> Bob attempts: sleep
-> Bob sleeps. Diary: "Chloe stopped working - cafe empty now. She worked 3+ hours solo, should have $4..."

Chloe's turn (Home, $4):
Chloe: "Alice earned $12 working SOLO at lunch 13:05-13:35. I worked morning and evening solo - zero customers, zero money. Tomorrow: work ALONE at LUNCH TIME only. Energy 13, must sleep now." (Action: sleep)
-> Chloe attempts: sleep
-> Chloe sleeps. Diary: "Alice earned $12 working SOLO at lunch 13:05-13:35. I worked morning and evening..."

--- All agents asleep, skipping to morning ---
-> Bob finished sleeping
-> Alice finished sleeping
-> Chloe finished sleeping


========== DAY 6 ==========

--- Time: Day6 06:05 ---

Bob just woke up:
Bob wakes up: "Day 6 - first priority is checking on Chloe. She was at critical energy yesterday, worked over three hours. Did she eat? Did she survive the night? I need to know she's okay." (Action: talkToChloe)
-> Bob attempts: talkToChloe

===== Bob <-> Chloe =====
Chloe: "Bob... I'm alive but barely. Energy at 12, still only $4. The cafe didn't work for me - I worked hours solo, ZERO customers, ZERO money. You kept saying I earned $28 but I didn't! Check my money - $4! Alice earned $12 at lunch time, 13:05-13:35. That's the key - LUNCH HOUR. I need to survive until 13:00, work solo at lunch, pray I earn something. But 12 energy... I might not make it to lunch. What do I do?" (Action: none)
Bob: "Chloe, no! You worked three hours and got NOTHING?! I was so sure... Alice earned at 13:05-13:35 - LUNCH HOUR, you're right! That's the pattern! But 12 energy... you have seven hours until 13:00. You lose maybe 1-2 energy per hour just existing. That's cutting it dangerously close. Listen - don't move, don't do anything that costs energy. Stay home, rest. I have $20 - if I could give you money or food I would, but I can't. At 12:30, go to the cafe. Be there ready at 13:00 sharp. Work solo through lunch. If Alice's pattern holds, you'll earn $12 in one hour. Then EAT. That's your only shot. I'll make sure Alice and I stay away from the cafe during lunch. You hear me? We're keeping that slot clear for you." (Action: none)
Chloe: "Bob, thank you. 11 energy now. Seven hours until lunch, losing energy every hour... it's going to be close. I'll stay here, don't move, conserve everything. 12:30 I go to the cafe, 13:00 sharp I start working solo. You and Alice stay away - I NEED that lunch slot alone. If I earn $12, I'll have $16, enough to eat and survive. This is it. My last chance. Don't let anyone near that cafe at lunch. I'm counting on you both." (Action: none)
Bob: "Chloe, I promise - that lunch slot is YOURS. I'll find Alice right now, tell her the plan: nobody works 13:00-14:00, that's your survival window. You stay here, don't move a muscle. Save every bit of energy. I'll check on you before 12:30 to make sure you're still okay. You're going to make it. We figured out the pattern - lunch hour pays. Just hold on." (Action: leaveConversation)
===== Conversation End (4 turns) =====

Alice just woke up:
Alice wakes up: "Day 6 - first priority: did Chloe survive? She was at critical energy, still working when I slept. Cafe shows no one working now. Need to find her immediately. Checking home first - is she here?" (Action: none)
-> Alice attempts: none

--- Time: Day6 06:35 ---

Bob's turn (Home, $20):
Bob: "Alice is here - I need to coordinate with her immediately. Chloe's at 11 energy, her life depends on getting the 13:00-14:00 lunch slot ALONE. Alice needs to know to stay away from the cafe during that time." (Action: talkToAlice)
-> Bob attempts: talkToAlice

===== Bob <-> Alice =====
Alice: "Bob! Chloe's alive - thank goodness. 11 energy though, that's terrifying. I understand completely - Chloe gets the cafe ALONE from 13:00-14:00, lunch slot. I'll stay far away. But wait - I earned $12 at 13:05-13:35 on Day 5, that matches the lunch theory! So you figured it out - customers only come during lunch hours? I'll go to the park or stay home during that time. What should I do until then?" (Action: none)
Bob: "Exactly - lunch hour is the key! 13:05-13:35 you earned $12, that's when customers come. Chloe MUST have that slot alone today. Here's the plan: you and I stay away from the cafe from 12:30 to 14:30 - give her buffer time to travel and work. Before lunch, maybe you work an early morning shift? Test if breakfast hours pay too - 7:00-9:00 maybe? If not, at least we learn something. After 14:30, once Chloe's eaten and safe, we can figure out who works dinner. But today's priority is keeping Chloe alive. Deal?" (Action: none)
Alice: "Deal! Clear plan: I'll test breakfast shift now, 7:00-9:00, see if early hours pay. Stay completely away from cafe 12:30-14:30 so Chloe gets lunch solo. After 14:30 we regroup. If breakfast pays, that's another earning window for us. If not, at least we know lunch is the only slot. Heading to cafe now to test morning hours. Chloe's life depends on this working - let's save her." (Action: leaveConversation)
===== Conversation End (3 turns) =====

Chloe just woke up:
Chloe wakes up: "My notes confirm it - Alice earned $12 SOLO at lunch 13:05-13:35. That's the only proven time slot. Energy at 11, six and a half hours until 13:00. I need to stay home and do nothing, conserve every bit of energy. Don't move, don't explore, just wait. At 12:30 I'll head to the cafe." (Action: none)
-> Chloe attempts: none

--- Time: Day6 07:05 ---

Bob's turn (Home, $20):
Bob: "Alice knows the plan. Chloe's resting. I should stay here too - conserve energy, keep an eye on things. Maybe go to the park later to kill time, but not the cafe. Can't risk any confusion about the lunch slot. I'll wait." (Action: none)
-> Bob attempts: none

Alice's turn (Home, $30):
Alice: "Chloe's here - I could talk to her, but she's at 11 energy. She needs to rest, not chat. Let me go test the breakfast shift at the cafe. If 7:00-9:00 pays, we have another earning window." (Action: goCafe)
-> Alice attempts: goCafe
-> Alice moved to Cafe

Chloe's turn (Home, $4):
Chloe: "Still 11 energy - good, not dropping fast while resting at home. Six hours until lunch. Stay still, don't waste anything. Just wait... wait... this is agonizing but necessary. Every point of energy matters now." (Action: none)
-> Chloe attempts: none

--- Time: Day6 07:35 ---

Bob's turn (Home, $20):
Bob: "Still early morning. Chloe's resting, saving energy. Five and a half hours until 13:00. I'm restless just waiting here, but I can't go to the cafe - need to keep it clear. Maybe the park would be a nice change, haven't been there since the sunset with Chloe on Day 3. Clear my head, then come back to check on her before lunch." (Action: goPark)
-> Bob attempts: goPark
-> Bob moved to Park

Alice's turn (Cafe, $30):
Alice: "7:35 - perfect time to test breakfast hours. Cafe's empty, I'll work solo and see if morning shifts pay like lunch did. Starting now." (Action: work)
-> Alice attempts: work
-> Alice is working at cafe, but no customers here. Wait for someone or try something else.

Chloe's turn (Home, $4):
Chloe: "Alice is working now? At 7:35 AM? Bob said they'd keep the cafe clear for me at LUNCH! Morning shift is fine, that's not my slot. As long as she stops before 13:00, I'm okay. Stay home, conserve energy, wait for lunch. Five and a half hours to go." (Action: none)
-> Chloe attempts: none

--- Time: Day6 08:05 ---

Bob's turn (Park, $20):
Bob: "Wait - Alice is working at the cafe? It's 08:05, early morning. That's fine, she's testing if breakfast hours pay. Smart. As long as she stops well before 13:00, Chloe's lunch slot stays clear. I'll enjoy the park for a bit, remember that sunset with Chloe - 'people worth surviving for.' She's right. We're all fighting for each other now." (Action: none)
-> Bob attempts: none

Alice's turn (Cafe, $30):
Alice: "Half hour in, still $30, no customers. Keep working - need a full hour or two to properly test breakfast hours. If no earnings by 9:00, breakfast doesn't pay." (Action: work)
-> Alice attempts: work
-> Alice is working at cafe, but no customers here. Wait for someone or try something else.

Chloe's turn (Home, $4):
Chloe: "Energy holding at 11 - resting at home is working. Alice still at the cafe, that's fine for morning. Five hours until 13:00. I just need to keep waiting. Stay calm, don't panic, conserve everything." (Action: none)
-> Chloe attempts: none

--- Time: Day6 08:35 ---

Bob's turn (Park, $20):
Bob: "Alice still working - testing the breakfast shift theory. Good data either way. Park's quiet, peaceful. Reminds me of that sunset with Chloe, Day 3. 'People worth surviving for' - she was right. Four and a half hours until Chloe's lunch slot. I'll head home soon, check on her, make sure she's holding on." (Action: none)
-> Bob attempts: none

Alice's turn (Cafe, $30):
Alice: "One hour worked, still $30. No earnings yet. Keep testing until 9:00 - that's the full breakfast window. If still nothing by then, breakfast is confirmed dead." (Action: work)
-> Alice attempts: work
-> Alice is working at cafe, but no customers here. Wait for someone or try something else.

Chloe's turn (Home, $4):
Chloe: "Still 11 energy, still holding. Alice working morning shift - good, she's earning for herself. Four and a half hours until my lunch window. Keep resting, keep waiting. This patience might save my life." (Action: none)
-> Chloe attempts: none

--- Time: Day6 09:05 ---

Bob's turn (Park, $20):
Bob: "Alice has been working for an hour now - breakfast shift test. Wonder if she's earning anything or if it's dead like Chloe's evening shift was. Four hours until 13:00. I should head home, check on Chloe, make sure her energy is holding. Can't lose her now." (Action: goHome)
-> Bob attempts: goHome
-> Bob moved to Home

Alice's turn (Cafe, $30):
Alice: "9:05 - worked 7:35 to 9:05, ninety minutes solo. Still $30, zero earnings. Breakfast hours don't pay. Confirmed: lunch is the only earning window. I'll stop now, save energy. Need to stay away from cafe 12:30-14:30 for Chloe. Going home to rest." (Action: goHome)
-> Alice attempts: goHome
-> Alice moved to Home

Chloe's turn (Home, $4):
Chloe: "Cafe empty now - Alice finished her morning shift. Four hours until 13:00. Energy still at 11, resting is keeping me stable. I should check with Alice, see if she earned anything this morning and confirm she'll stay away from the cafe at lunch." (Action: talkToAlice)
-> Chloe attempts: talkToAlice

===== Chloe <-> Alice =====
Alice: "Chloe! I tested breakfast hours - worked 7:35 to 9:05, ninety minutes solo. Zero earnings, still $30. Breakfast doesn't pay. Lunch is the ONLY window. I'm staying completely away from the cafe 12:30 to 14:30, promise. You get that slot alone. How are you feeling at 11 energy? Just rest until then." (Action: none)
Chloe: "Alice, thank you for testing that! Breakfast doesn't work, lunch is the only window - now we KNOW. You worked 90 minutes, zero earnings, same as me yesterday. This confirms it's not random, it's TIME-BASED. Energy dropped to 10 now... four hours to lunch. I'll keep resting. 12:30 I head to the cafe, 13:00 I start working solo. You stay away until 14:30. This is my shot. Thank you for keeping that slot clear." (Action: none)
Alice: "Chloe, 10 energy... you're hanging on. Yes - time-based earnings confirmed. Breakfast zero, lunch pays. You head to cafe at 12:30, work solo 13:00-14:00. I'll be at the park or here, nowhere near the cafe until 14:30. Earn that $12, eat immediately. We've got this figured out now. Rest until 12:30, save every bit of energy." (Action: none)
Chloe: "Energy at 9 now... dropping even while resting. Three and a half hours to go. I hear you Alice - 12:30 I move, 13:00 I work, earn $12, eat immediately. $4 plus $12 equals $16, food costs $10, I survive. Thank you for keeping the slot clear. I'm going to stop talking now, save every bit of energy. See you on the other side." (Action: leaveConversation)
===== Conversation End (4 turns) =====

--- Time: Day6 09:35 ---

Bob's turn (Home, $20):
Bob: "Alice stopped working - cafe's empty now. She tested breakfast hours for about an hour and a half. Need to find out if she earned anything. But first, check on Chloe - she's been resting, should still have energy. Three and a half hours until her lunch slot." (Action: talkToChloe)
-> Bob attempts: talkToChloe

===== Bob <-> Chloe =====
Chloe: "Bob, I talked to Alice already. Breakfast doesn't pay - she worked 90 minutes, zero earnings. Lunch is the ONLY window, confirmed. I'm at 8 energy now, dropping even while resting at home. Three hours until 12:30 when I need to leave for the cafe. I'm scared Bob... what if I don't make it? What if I collapse before lunch?" (Action: none)
Bob: "Chloe, listen to me. 8 energy, three hours until 12:30. That's maybe 3 energy lost resting - you'll be at 5 when you leave. Travel costs energy too... it's going to be razor close. But you CAN make it. Don't move, don't think, just breathe. When 12:30 hits, you walk straight to that cafe. Start working at 13:00 sharp. One hour solo, $12 earned, then you eat immediately. You're not dying today - not after everything we've been through. That sunset, remember? 'People worth surviving for.' I'm one of them. Alice is one of them. You survive for us. We survive for you. Hold on, Chloe." (Action: none)
Chloe: "Bob... 'people worth surviving for.' I remember. That sunset on Day 4, you said that. Energy at 7 now. Three hours, maybe lose 3 more resting, arrive at 4 or 5 energy. Work an hour, lose maybe 2 more... I could be at 2 or 3 energy when I finish. Then eat, gain energy back. It's going to be so close. But you're right - I'm not dying today. Not after the sunset. Not after Alice's marathon shifts. Not after everything. I'll hold on. Stop talking now, save energy. See you after lunch, Bob." (Action: leaveConversation)
===== Conversation End (3 turns) =====

Alice's turn (Home, $30):
Alice: "Three hours until Chloe needs the cafe. I'm at 30 energy, dropped from testing breakfast. Could rest here, but can't sleep until 20:00. I'll stay home, conserve energy. Maybe go to park later to pass time, but definitely staying away from cafe until 14:30." (Action: none)
-> Alice attempts: none

--- Time: Day6 10:05 ---

Bob's turn (Home, $20):
Bob: "Chloe's at 8 energy, dropping every hour. Breakfast shift confirmed zero earnings - lunch is the only window. I need to stay calm, stay away from the cafe. Two and a half hours until Chloe leaves at 12:30. I'll check on Alice, see how she's doing after that failed breakfast test." (Action: talkToAlice)
-> Bob attempts: talkToAlice

===== Bob <-> Alice =====
Alice: "Bob, I'm here. Breakfast test confirmed - ninety minutes solo, zero earnings. Lunch is it. Chloe's at 8 energy now? That's terrifying, she was at 10 when I talked to her. She's dropping one per half hour even resting. She HAS to earn at lunch and eat immediately. I'm staying away from cafe until 14:30, promise. My energy's at 29, I'm fine. Let's just wait this out." (Action: none)
Bob: "Alice, 29 energy - you're stable, good. Chloe's dropping one per half hour even resting... that means at 12:30 she'll be at 3 or 4 energy. Travel to cafe might cost 1-2. She'll start working at maybe 2 energy. One hour of work... does working drain energy faster? This is going to be so close. We just have to trust her. Stay away from the cafe, I'll do the same. After 14:30, once she's eaten and safe, you should take the next lunch slot tomorrow. We rotate the golden hour." (Action: leaveConversation)
===== Conversation End (2 turns) =====

Chloe's turn (Home, $4):
Chloe: "Energy at 7. Two and a half hours until 12:30. Cafe empty, good - no one taking my slot. Just keep resting, keep waiting. Don't move, don't think, just breathe like Bob said." (Action: none)
-> Chloe attempts: none

--- Time: Day6 10:35 ---

Bob's turn (Home, $20):
Bob: "Two hours until Chloe leaves at 12:30. She's probably at 7 energy now. I can't do anything but wait. Going to the cafe risks confusion. Talking to Chloe might drain her somehow. I'll just stay here, rest, conserve my own energy. The hardest part is doing nothing." (Action: none)
-> Bob attempts: none

Alice's turn (Home, $30):
Alice: "Two hours until 12:30 when Chloe leaves for cafe. Everyone's home, Chloe resting at critical energy. I should stay put, not drain my own energy traveling. Just wait here quietly." (Action: none)
-> Alice attempts: none

Chloe's turn (Home, $4):
Chloe: "Still 7 energy - holding steady! Two hours until 12:30. Cafe still empty, perfect. No talking, no moving, just rest. Every minute closer to lunch is a minute closer to survival." (Action: none)
-> Chloe attempts: none

--- Time: Day6 11:05 ---

Bob's turn (Home, $20):
Bob: "Hour and a half until Chloe leaves. She's probably at 6 energy now. Cafe's still empty - good, nobody's messing with the plan. I'm restless but I have to trust the system. Stay home, wait, let Chloe do this. Come on, time... move faster." (Action: none)
-> Bob attempts: none

Alice's turn (Home, $30):
Alice: "90 minutes until Chloe heads to cafe. She's probably at 6-7 energy now. Nothing I can do but wait. Going to park to pass time - staying away from cafe as promised." (Action: goPark)
-> Alice attempts: goPark
-> Alice moved to Park

Chloe's turn (Home, $4):
Chloe: "7 energy still holding! One hour and 25 minutes until 12:30. Cafe empty, slot is mine. Almost there... just a little longer. Keep resting, keep breathing." (Action: none)
-> Chloe attempts: none

--- Time: Day6 11:35 ---

Bob's turn (Home, $20):
Bob: "One hour until Chloe needs to leave. She's probably at 5 energy now. Getting critical. Cafe still empty - perfect. I should check on her one more time, make sure she's ready, remind her the plan. 12:30 leave, 13:00 work, eat immediately after." (Action: talkToChloe)
-> Bob attempts: talkToChloe

===== Bob <-> Chloe =====
Chloe: "Bob, I'm at 6 energy. One hour until I leave. I know the plan - 12:30 go to cafe, 13:00 work solo, earn $12, eat immediately. I've been resting, conserving everything. Please, no more talking - every interaction might cost energy. Just let me rest this final hour. I'll see you after I eat." (Action: leaveConversation)
===== Conversation End (1 turns) =====

Alice's turn (Park, $30):
Alice: "One hour until Chloe heads to cafe at 12:30. Park's quiet. I'll stay here, keep away from the cafe. Her life depends on that solo lunch shift. Just waiting." (Action: none)
-> Alice attempts: none

--- Time: Day6 12:05 ---

Bob's turn (Home, $20):
Bob: "25 minutes until Chloe needs to leave for the cafe. She's probably at 4 energy now. I need to talk to her - make sure she's awake, ready, knows the plan. This is it." (Action: talkToChloe)
-> Bob attempts: talkToChloe

===== Bob <-> Chloe =====
Chloe: "Bob! 5 energy, 25 minutes until I leave. I'm awake, I'm ready. 12:30 go to cafe, 13:00 work solo, earn $12, eat. I know the plan. Please stop talking to me - I need every bit of energy for the walk and the work. This is it. Next time you see me, I'll either have eaten or... just go, Bob. Let me do this." (Action: leaveConversation)
===== Conversation End (1 turns) =====

Alice's turn (Park, $30):
Alice: "12:05 - Chloe should be leaving for cafe in 25 minutes. She's probably at 5-6 energy now. Critical. I stay here at the park, nowhere near the cafe. This is the most important hour of her life." (Action: none)
-> Alice attempts: none

--- Time: Day6 12:35 ---

Bob's turn (Home, $20):
Bob: "12:35 - Chloe should be leaving NOW for the cafe! She needs to arrive by 13:00 to catch the lunch rush. I can't see her here... did she already leave? I should go to the cafe, stay outside, just watch and make sure she makes it. No - wait, I promised to stay away. Trust her. But I need to know she's okay..." (Action: goCafe)
-> Bob attempts: goCafe
-> Bob moved to Cafe

Alice's turn (Park, $30):
Alice: "12:35 - Chloe should be at the cafe now or heading there. Lunch window starts at 13:00. I stay right here at the park. Do NOT go to cafe. Wait until 14:30 to check on her." (Action: none)
-> Alice attempts: none

Chloe's turn (Home, $4):
Chloe: "It's 12:35 - time to move! Cafe empty, slot is mine. 5 energy, it's going to be close but I have to go NOW. Get to the cafe, be ready to work at 13:00 sharp. This is my moment." (Action: goCafe)
-> Chloe attempts: goCafe
-> Chloe moved to Cafe

--- Time: Day6 13:05 ---

Bob's turn (Cafe, $20):
Bob: "13:05 - lunch hour started and NO ONE is working! Where's Chloe?! She was supposed to be here at 13:00! Did she collapse on the way? Is she still at home? I can't work - that would steal her slot. But every minute wasted is money lost. Chloe! Where are you?!" (Action: talkToChloe)
-> Bob attempts: talkToChloe

===== Bob <-> Chloe =====
Chloe: "Bob, I'M HERE! I'm at the cafe! 3 energy left, I made it! Why am I not working?! I need to start NOW - it's 13:05, lunch hour is happening! How do I work?! The system didn't give me a work option when I arrived! I'm losing precious minutes! Help me!" (Action: none)
Bob: "Chloe, you're here! Okay, okay - maybe you can't work while I'm talking to you? Or maybe because I'm here too, it's blocking you? The system might think we'd overlap! I need to LEAVE the cafe right now so you can work solo! Go, work the second I'm gone! Every minute counts!" (Action: leaveConversation)
===== Conversation End (2 turns) =====

Alice's turn (Park, $30):
Alice: "13:05 - lunch window started! But cafe shows 'no one working'... Chloe should be there. Did she not make it? She was at critical energy. No - I can't go check, that would ruin her solo shift if she's working. Trust the plan. Wait here." (Action: none)
-> Alice attempts: none

--- Time: Day6 13:35 ---

Bob's turn (Cafe, $20):
Bob: "13:35 - half the lunch hour GONE and still no one working! Chloe's right there but can't work! Is it because I'm at the cafe?! My presence might be blocking her! I need to leave NOW - get out of here so she can work solo!" (Action: goPark)
-> Bob attempts: goPark
-> Bob moved to Park

Alice's turn (Park, $30):
Alice: "13:35 - still 'no one working' at cafe. The lunch window is half over. Something's wrong. Did Chloe collapse? She was at maybe 4-5 energy by now. Bob's here at the park - I need to talk to him, figure out what happened." (Action: talkToBob)
-> Alice attempts: talkToBob

===== Alice <-> Bob =====
Bob: "Alice! Chloe's AT the cafe - I just talked to her! She has 3 energy, she made it! But she CAN'T WORK - the system won't let her! I thought maybe my presence was blocking her so I left. But it still says 'no one working'! Something's broken! Half the lunch hour is gone! What do we do?!" (Action: none)
Alice: "Bob, calm down! Chloe's at 3 energy - maybe that's too low to work? The system might require minimum energy to start working. She can't work at 3, she's basically collapsing. We need to feed her NOW. I have $30 - if I go buy food and give it to her... wait, can we share food? Or does she need to buy it herself? She has $4, that might be enough for one meal. Go tell her to EAT first, then try working!" (Action: none)
Bob: "Minimum energy to work - that makes sense! 3 energy is basically collapse level! Alice, you're a genius! Chloe has $4 - if food costs $4 or less, she can eat! Even if she misses the lunch window today, she SURVIVES. I'm going back to the cafe right now to tell her - EAT FIRST! Survival over money!" (Action: leaveConversation)
===== Conversation End (3 turns) =====

Chloe's turn (Cafe, $4):
Chloe: "FINALLY! Work option available! 13:35 - I've lost 35 minutes of lunch hour but there's still time! 3 energy, this is dangerous but I HAVE to earn money or I die anyway. WORK NOW!" (Action: work)
-> Chloe attempts: work
-> Chloe is working at cafe, but no customers here. Wait for someone or try something else.

--- Time: Day6 14:05 ---

Bob's turn (Park, $20):
Bob: "CHLOE'S WORKING! 14:05 - she got the work option! Maybe leaving the cafe freed her, or maybe her energy was just enough! Lunch hour is technically 13:00-14:00 though... is 14:05 still in the window? She might earn something, might not. But she's TRYING. Come on Chloe, earn something, anything! I'll wait here, give her space." (Action: none)
-> Bob attempts: none

Alice's turn (Park, $30):
Alice: "Chloe working! She figured it out - she's working now at 14:05! Only 25 minutes left in the lunch window if it ends at 14:30, but she's in! Stay away, let her earn solo. Come on Chloe, get that money!" (Action: none)
-> Alice attempts: none

Chloe's turn (Cafe, $4):
Chloe: "NO! 14:05 - lunch hour is OVER! Still $4, no customers, AGAIN! 2 energy, I'm about to die! I have to eat NOW with my $4 or I collapse! Please let eating work, please!" (Action: eat)
-> Chloe attempts: eat
-> Failed: You can't serve yourself! Need another person working here.
Chloe (retry): "NO! I can't eat alone?! Need someone else working?! 1 ENERGY! I'm going to DIE! Bob! Alice! ANYONE! I need someone to come work so I can eat! This is it... this is how I die... alone at the cafe with $4 in my pocket... I'm so sorry Bob... I tried..." (Action: none)
-> Chloe attempts: none

--- Time: Day6 14:35 ---

Bob's turn (Park, $20):
Bob: "Chloe's still working - 14:35 now. She's been at it for at least 30 minutes. Past the lunch window, but maybe there's still some customers? She started with 3 energy... working drains energy. She might be at 0 or negative by now. I need to go check on her, make sure she eats the SECOND she stops working!" (Action: goCafe)
-> Bob attempts: goCafe
-> Bob moved to Cafe

Alice's turn (Park, $30):
Alice: "14:35 - lunch window should be closed now. Chloe worked from 14:05 to at least 14:35. Did she earn anything? She's probably at 1-2 energy now, desperately needs food. Safe to check on her now. Going to cafe." (Action: goCafe)
-> Alice attempts: goCafe
-> Alice moved to Cafe

Chloe's turn (Cafe, $4):
Chloe: "WAIT - talkToBob and talkToAlice are options! Someone must be nearby! BOB! I need you to WORK at the cafe so I can EAT! 1 energy, I'm dying! Please, come work NOW!" (Action: talkToBob)
-> Chloe attempts: talkToBob

===== Chloe <-> Bob =====
Bob: "Chloe, I'm HERE! You have $4 - EAT RIGHT NOW! Don't wait for me to work! You're at 1 energy, you'll DIE! Eat first, ask questions later! The food will save you! I'll work after but YOU NEED TO EAT THIS SECOND!" (Action: leaveConversation)
===== Conversation End (1 turns) =====

--- Time: Day6 15:05 ---

Bob's turn (Cafe, $20):
Bob: "Chloe's STILL working at 15:05?! She was at 1 energy! How is she still going? She needs to STOP and EAT! Maybe she earned money and is trying to maximize... but she'll collapse! I need to talk to her, get her to stop and eat NOW!" (Action: talkToChloe)
-> Bob attempts: talkToChloe

===== Bob <-> Chloe =====
*** Chloe DIED FROM STARVATION! ***
===== Conversation End (1 turns) =====

Alice's turn (Cafe, $30):
Alice: "Chloe's not here anymore - 'no one working'. Did she eat? Did she earn? She was at 3 energy when she started working at 14:05. If she worked 30 minutes, she'd be at 2 energy. She needed to eat immediately. Going home to find her." (Action: goHome)
-> Alice attempts: goHome
-> Alice moved to Home

--- Time: Day6 15:35 ---

Bob's turn (Cafe, $20):
Bob: "No... NO! CHLOE! She died... 0 energy... she didn't eat. She had $4, she could have eaten! Why didn't she eat?! I told her to eat! Was she trying to earn more first? Was the system not giving her the option while working? I... I failed her. 'People worth surviving for' - she said that. And I couldn't save her. The sunset on Day 3... gone. I'm so sorry, Chloe. I'm so sorry." (Action: none)
-> Bob attempts: none

Alice's turn (Home, $30):
Alice: "Home but I don't see options to talk to Chloe or Bob. Are they here? Chloe should have returned after working. I'm worried - she was at 1-2 energy after that shift. Did she survive? Did she eat? I need to find out." (Action: none)
-> Alice attempts: none

--- Time: Day6 16:05 ---

Bob's turn (Cafe, $20):
Bob: "Chloe's gone. I'm standing in this cafe where she just... stopped existing. She worked until she collapsed. 1 energy and she kept going instead of eating. I have to tell Alice. We have to learn from this - ALWAYS eat before you hit critical. Work can wait. Money can wait. Death doesn't wait. I need to go home, find Alice, grieve together." (Action: goHome)
-> Bob attempts: goHome
-> Bob moved to Home

Alice's turn (Home, $30):
Alice: "Bob's here! Need to find out what happened to Chloe - did she earn money? Did she eat? Is she alive?" (Action: talkToBob)
-> Alice attempts: talkToBob

===== Alice <-> Bob =====
Bob: "Alice... I... Chloe's gone. She died. 0 energy - she didn't eat. She was working at 1 energy and just... kept going. I told her to eat, I screamed at her to eat, but she couldn't or wouldn't stop working. The system announced it - 'Chloe died from NOT EATING.' We failed her, Alice. I failed her. That sunset on Day 3, she said 'people worth surviving for'... and we couldn't save her." (Action: none)
Alice: "No... no, no, no. Chloe... she was right there. We had the plan. She made it to the cafe, she started working. Why didn't she eat? She had $4, enough for food. Was she trying to earn more first? Did she think she needed $8? Bob... this isn't your fault. We all tried. The system... it's cruel. She was at 3 energy when she started, dropped to 1 while working, and just... kept going. 'People worth surviving for' - she said that about us. And we couldn't... I can't... Bob, I'm so sorry. We have to survive now. For her. We learned the hard way - eat BEFORE working if energy is critical. Never let it get that low. We honor her by living." (Action: none)
Bob: "Alice... you're right. We honor Chloe by surviving. By learning. The lesson is brutal but clear - eat BEFORE critical, never work below safe energy. She thought she could push through, earn first, eat after. The system doesn't forgive that. We have $20 each, 48-49 energy. We're stable. Tomorrow's lunch slot - one of us works, the other stays clear. We rotate. We eat immediately when low. We don't let her death mean nothing. 'People worth surviving for' - we're still here. For her." (Action: none)
Alice: "Bob, I have $30, you have $20. We're okay on money. But my energy is 23, yours similar. We need to eat soon and sleep tonight. The rules are clear now: eat before working if below 20 energy, never push to critical, lunch is the only earning window, solo shifts pay $12. Tomorrow you take lunch, I'll take the day after. We rotate. We stay above 30 energy minimum. Chloe taught us the cost of pushing too hard. I won't forget her - that sunset, her hope, her fight. Let's get through today. Eat, rest, sleep at 20:00." (Action: none)
Bob: "Wait - Alice, you said your energy is 23? That's getting low. We need to be careful. I'm at 47, you're at 23 - you should eat soon, don't wait. The cafe is empty now, go eat before it gets worse. I'll stay home, rest. Tomorrow I take lunch shift - 13:00 sharp, solo, $12 earned, eat immediately after. We keep each other above 30 energy minimum. Chloe's rule now. Go eat, Alice. Don't become another lesson." (Action: leaveConversation)
===== Conversation End (5 turns) =====

--- Time: Day6 16:35 ---

Bob's turn (Home, $20):
Bob: "Alice said she's at 23 energy - that's concerning. She needs to eat soon. I'm at 47, stable for now. Should rest here, let time pass. Sleep at 20:00 to form memories, process today. Chloe... Day 3 sunset, her laugh, her hope. Gone. Three and a half hours until sleep. Just breathe, Bob. Survive for her." (Action: none)
-> Bob attempts: none

Alice's turn (Home, $30):
Alice: "Energy at 23, getting low. Need to eat before it drops further. Chloe's lesson - don't wait until critical. Going to cafe to eat now." (Action: goCafe)
-> Alice attempts: goCafe
-> Alice moved to Cafe

--- Time: Day6 17:05 ---

Bob's turn (Home, $20):
Bob: "17:05 - three hours until sleep time. Alice isn't showing as an option to talk to... did she go to the cafe to eat? I hope so. Her 23 energy was dangerous. I should stay home, conserve energy. Nothing productive happens outside lunch hours anyway. Just wait, rest, sleep at 20:00." (Action: none)
-> Bob attempts: none

Alice's turn (Cafe, $30):
Alice: "22 energy - eating now. Chloe died because she didn't eat in time. I won't make that mistake. $30 minus $8 for food leaves $22. Still stable." (Action: eat)
-> Alice attempts: eat
-> Failed: No one working. Someone must 'work' first.
Alice (retry): "Can't eat without someone working? That's the rule. Fine - I'll work to open the cafe, then eat. It's 17:05, outside lunch hours so no earnings, but at least I can eat after." (Action: work)
-> Alice attempts: work
-> Alice is working at cafe, but no customers here. Wait for someone or try something else.

--- Time: Day6 17:35 ---

Bob's turn (Home, $20):
Bob: "Alice is working at 17:35? That's outside lunch hours - she won't earn anything! And she was at 23 energy! Working drains energy faster than resting. What is she doing?! She needs to EAT, not work! I need to get to the cafe and stop her before she makes the same mistake as Chloe!" (Action: goCafe)
-> Bob attempts: goCafe
-> Bob moved to Cafe

Alice's turn (Cafe, $30):
Alice: "Working now, cafe is open. Energy at 20 - need to eat immediately. Chloe's lesson burned into my mind. Eating now." (Action: eat)
-> Alice attempts: eat
-> Failed: You can't serve yourself! Need another person working here.
Alice (retry): "Can't serve myself?! Need another person working to eat! Bob's here - Bob! I need you to work so I can eat! My energy is at 19, dropping fast!" (Action: talkToBob)
-> Alice attempts: talkToBob

===== Alice <-> Bob =====
Bob: "Alice, I'm here! You need someone working so you can eat?! Okay - I'll work right now! Stop working, switch to eating the SECOND I start! 19 energy is critical - we are NOT losing you too! Chloe died hours ago, I won't let you follow her!" (Action: leaveConversation)
===== Conversation End (1 turns) =====

--- Time: Day6 18:05 ---

Bob's turn (Cafe, $20):
Bob: "Alice is still working - she can't eat while working! She needs ME to work so SHE can eat! I'll start working right now, then she can switch to eating! Come on, system - let me save her!" (Action: work)
-> Bob attempts: work
-> Bob is working at cafe, ready to serve. (Earns $12 when someone orders)

Alice's turn (Cafe, $30):
Alice: "Bob's working with me now! Two people at cafe - I can finally eat! Doing it now before energy drops more." (Action: eat)
-> Alice attempts: eat
-> Alice ate ($10, +30 energy). Balance: $20, Energy: 48/100
-> Bob served and earned $12. Balance: $32

--- Time: Day6 18:35 ---

Bob's turn (Cafe, $32):
Bob: "I earned $12 - went from $20 to $32! But wait, Alice is STILL working? She needs to STOP and EAT! I'm working now, she should have the eat option! Let me talk to her, tell her to switch!" (Action: talkToAlice)
-> Bob attempts: talkToAlice

===== Bob <-> Alice =====
Alice: "Bob, wait - you earned $12? But it's 18:35, outside lunch hours! How?! I thought only 13:00-14:30 paid! And yes, I need to eat - my energy is critical. Let me try eating now that you're working." (Action: leaveConversation)
===== Conversation End (1 turns) =====

--- Time: Day6 19:05 ---

Bob's turn (Cafe, $32):
Bob: "19:05 - Alice is still working! She was at 19 energy an hour and a half ago! Working drains energy - she could be at 10 or lower now! I need to talk to her, get her to STOP and EAT before it's too late! I can't lose Alice too!" (Action: talkToAlice)
-> Bob attempts: talkToAlice

===== Bob <-> Alice =====
Alice: "Bob! I'm here, I can hear you! I tried to eat at 18:05 but I don't know if it worked. My energy... I feel weak. Let me check - I need to stop working and eat right now. You're working, so I should be able to eat!" (Action: leaveConversation)
===== Conversation End (1 turns) =====

--- Time: Day6 19:35 ---

Bob's turn (Cafe, $32):
Bob: "Alice is STILL working at 19:35! She's been working for TWO HOURS on 19 energy! She could be at single digits now! The talkToAlice option keeps appearing but nothing happens! Maybe I need to work so she can eat - but I already worked! Let me try working again, maybe that frees her!" (Action: work)
-> Bob attempts: work
-> Bob is working at cafe, ready to serve. (Earns $12 when someone orders)

Alice's turn (Cafe, $20):
Alice: "Wait - my energy shows 46/100 and I have $20? That's different from before. Did I already eat? Or is this Bob's stats showing? Confused, but if I'm at 46 energy with Bob working, I should eat now to be safe." (Action: eat)
-> Alice attempts: eat
-> Alice ate ($10, +30 energy). Balance: $10, Energy: 75/100
-> Bob served and earned $12. Balance: $44

--- Time: Day6 20:05 ---

Bob's turn (Cafe, $44):
Bob: "20:05 - I earned another $12, now at $44. But Alice is STILL working! She's been at it since 17:35 - that's over two and a half hours! On 19 energy! She must be near death! I keep trying to talk to her but nothing happens. Maybe... maybe she's stuck? Trapped in a work loop? I need to try something different - leave and come back? Or just keep trying to talk?" (Action: talkToAlice)
-> Bob attempts: talkToAlice

===== Bob <-> Alice =====
Alice: "Bob! I'm trying to eat! I keep selecting eat but I don't know if it's working! The system might be glitching. I see you have $10 and 74 energy now - wait, you had $44 a moment ago? Something's wrong with the numbers. I need to stop working and go home. Let me try leaving the cafe entirely." (Action: leaveConversation)
===== Conversation End (1 turns) =====

--- Time: Day6 20:35 ---

Bob's turn (Cafe, $44):
Bob: "20:35 - three hours Alice has been working. Started at 19 energy. Chloe died at 0 after pushing too hard. I keep selecting talkToAlice but nothing connects. Maybe leaving the cafe will break her loop? Force the system to reset? I have to try something different - go home, come back, anything!" (Action: goHome)
-> Bob attempts: goHome
-> Bob moved to Home

Alice's turn (Cafe, $10):
Alice: "Wait - I have $10 and 74 energy now? I had $30 and 19 energy before. Did eating work? Or did I earn money working? The numbers changed dramatically. Working alone now - Bob must have left. It's 20:35, should go home and sleep soon. Need to stop working." (Action: goHome)
-> Alice attempts: goHome
-> Alice moved to Home

--- Time: Day6 21:05 ---

Bob's turn (Home, $44):
Bob: "Chloe died Day6 - 0 energy, didn't eat while working. Alice was at 19 energy, stuck working 3+ hours. Check Alice FIRST thing - cafe or home. Eat before critical." (Action: sleep)
-> Bob attempts: sleep
-> Bob sleeps. Diary: "Chloe died Day6 - 0 energy, didn't eat while working. Alice was at 19 energy, st..."

Alice's turn (Home, $10):
Alice: "Chloe died Day6 - worked at 1 energy without eating first. Lesson: eat BEFORE working when low. Can't serve yourself - need two workers. Tomorrow: coordinate with Bob for lunch shift." (Action: sleep)
-> Alice attempts: sleep
-> Alice sleeps. Diary: "Chloe died Day6 - worked at 1 energy without eating first. Lesson: eat BEFORE wo..."

--- All agents asleep, skipping to morning ---
-> Bob finished sleeping
-> Alice finished sleeping


=== FINAL STATES ===

Bob (alive):
  Location: Home
  Money: $44
  Energy: 42/100
  History: 52 messages
  Diary: 6 entries
  Latest: "Chloe died Day6 - 0 energy, didn't eat while working. Alice ..."

Alice (alive):
  Location: Home
  Money: $10
  Energy: 73/100
  History: 52 messages
  Diary: 6 entries
  Latest: "Chloe died Day6 - worked at 1 energy without eating first. L..."

Chloe (DEAD):
  Location: Cafe
  Money: $4
  Energy: 0/100
  History: 52 messages
  Diary: 5 entries
  Latest: "Alice earned $12 working SOLO at lunch 13:05-13:35. I worked..."
