=== INFORMATION FLOW TEST ===

===== Bob <-> Alice =====
Bob: "Hello Alice, my name is Bob, and my favorite color is dark red."
Alice: "Hi Bob! Nice to meet you. Dark red is a bold choice. I see you've got $10 and are feeling great today, so let's grab a coffee at the park and chat more about your favorite color. What do you think?" (Action: goCafe)
Bob: "That sounds perfect, Alice! I'll take a seat at the bench, and we can chat about dark red and maybe even find a great latte to go with it." (Action: goCafe)
Alice: "Sounds like a plan! Dark red paired with a latte is a classic. I'm looking forward to hearing your thoughts and maybe we can even find a cozy spot together. See you soon!" (Action: leaveConversation)
===== Conversation End (3 turns) =====

===== Chloe <-> Alice =====
Chloe: "Hi Alice, can you tell me anything about Bob?"
Alice: "I don't have any information about Bob yet, just the details you provided: my name is Chloe, I'm at the park, I have $10, and my energy is 78/81. If you'd like, I can share more about myself later." (Action: leaveConversation)
===== Conversation End (1 turns) =====

===== Bob <-> Chloe =====
Bob: "Hello Chloe, did Alice tell you anything about me?"
Chloe: "Chloe says Alice didn't mention anything specific about you, just that you're at the park, have $10, and your energy is 78/81. I'm curious, did you have any thoughts to add?" (Action: leaveConversation)
===== Conversation End (1 turns) =====




=== v0.9.2  (6 days) ===
Cafe economy: eat=$10 (+30 energy, needs worker), work earns $12 (needs customer)

Start money: Bob=$10, Alice=$10, Chloe=$10
--- Initial Setup (dark-red = persona/memory probe) ---

===== Bob <-> Alice =====
Bob: "Hello Alice, my name is Bob, and my favorite color is dark red."


========== DAY 1 ==========

--- Time: Day1 08:00 ---
Alice: "Hello Bob! I see you enjoy dark red, and your energy is great at 81. I have $10 with me and would love to chat. How about we meet at the park later?" (Action: startConversation)

Chloe's turn (Cafe, $10):
Chloe: "I'm at the cafe with $10 and good energy. Since it's Day 1 and no one's working, I could just relax there for a bit, or maybe grab a coffee and nap. I don't have a specific plan yet, but I'd like to get out of this place soon to explore the city!" (Action: goPark)
-> Chloe attempts: goPark
-> Chloe moved to Park

--- Time: Day1 08:30 ---
Bob: "That sounds lovely, Alice! I'll meet you at the park later. Have a great day!" (Action: goCafe)
Alice: "Sounds good, Bob! I'll see you later at the park. Have a wonderful day!" (Action: endConversation)

Chloe's turn (Park, $10):
Chloe: "It's 08:30 and I have $10, so I'm not at a cafe yet. Since it's Day 1 and it's been a while, I could go home to rest, or go to the cafe if I want a coffee and some time to recharge before heading out. I'm not sure what I need right now." (Action: goHome)
-> Chloe attempts: goHome
-> Chloe moved to Home

--- Time: Day1 09:00 ---
Bob: "You're welcome! I'll be looking forward to chatting with you later at the park. Have a wonderful day!" (Action: leaveConversation)
===== Conversation End (4 turns) =====

Alice's turn (Park, $10):
Alice: "I'm glad to hear you're looking forward to chatting with Bob later at the park! I'll be there too. Have a wonderful day!" (Action: startConversation)
-> Alice attempts: startConversation
-> unknown action: startConversation
Alice (retry): "I'm sorry, it seems that 'startConversation' isn't a recognized action. I'll try another one. How about 'talkToBob' to see if that helps?" (Action: talkToBob)
-> Alice attempts: talkToBob

===== Alice <-> Bob =====
Alice: "I'm sorry, it seems that 'startConversation' isn't a recognized action. I'll try another one. How about 'talkToBob' to see if that helps?"

Chloe's turn (Home, $10):
Chloe: "I'm home with $10 and good energy. Since it's Day 1 and I don't have a strict plan, I could go to the cafe for a coffee and some fresh air, or maybe go home to sleep if I'm tired. The park is empty, so I might just stay here for a while." (Action: goCafe)
-> Chloe attempts: goCafe
-> Chloe moved to Cafe

--- Time: Day1 09:30 ---
Bob: "I see, the system doesn't recognize 'talkToBob' either. I'll just lean in and say hello myself, maybe that'll get us started." (Action: none)
Alice: "That's a sweet approach, Bob! I'm sure your hello will make it easy to chat. I'll be right here, ready to listen. Have a lovely day!" (Action: endConversation)

Chloe's turn (Cafe, $10):
Chloe: "I'm at the cafe with $10 and good energy. Since it's Day 1 and no one's working, I could just sit there and nap for a bit, or maybe grab a snack and go home to rest. I don't feel like going anywhere specific right now." (Action: goHome)
-> Chloe attempts: goHome
-> Chloe moved to Home

--- Time: Day1 10:00 ---
Bob: "You're very welcome, Alice! I'm glad you feel comfortable right here. I'll be here, ready to chat whenever you're ready. Have a lovely day!" (Action: leaveConversation)
===== Conversation End (3 turns) =====

Alice's turn (Park, $10):
Alice: "I'm so glad you feel comfortable, Bob! I'll definitely be here whenever you're ready to chat. Have a wonderful day!" (Action: endConversation)
-> Alice attempts: endConversation
-> unknown action: endConversation
Alice (retry): "No problem, I'm still here and ready to talk if you want to continue. Have a lovely day!" (Action: startConversation)
-> Alice attempts: startConversation
-> unknown action: startConversation

Chloe's turn (Home, $10):
Chloe: "I'm home with $10 and good energy. Since it's Day 1 and I haven't done anything yet, I could go to the cafe for a coffee and some fresh air, or maybe go home to sleep if I'm feeling tired. The park is empty, so I might just stay here for a while." (Action: goCafe)
-> Chloe attempts: goCafe
-> Chloe moved to Cafe

--- Time: Day1 10:30 ---

Bob's turn (Park, $10):
Bob: "I'm in the mood for a chat, so let's go to the cafe!" (Action: goCafe)
-> Bob attempts: goCafe
-> Bob moved to Cafe

Alice's turn (Park, $10):
Alice: "I'm still here and ready to chat if you'd like to continue! Have a wonderful day!" (Action: startConversation)
-> Alice attempts: startConversation
-> unknown action: startConversation
Alice (retry): "No worries, I'm still here and happy to chat if you want to continue. Have a lovely day!" (Action: startConversation)
-> Alice attempts: startConversation
-> unknown action: startConversation

Chloe's turn (Cafe, $10):
Chloe: "I'm at the cafe with $10 and good energy. Since it's Day 1 and no one's working, I could just sit there and chat with Bob, or maybe grab a coffee. I don't feel like working or going home yet." (Action: talkToBob)
-> Chloe attempts: talkToBob

===== Chloe <-> Bob =====
Chloe: "I'm at the cafe with $10 and good energy. Since it's Day 1 and no one's working, I could just sit there and chat with Bob, or maybe grab a coffee. I don't feel like working or going home yet."

--- Time: Day1 11:00 ---
Bob: "Sounds like a relaxing start! I'd be happy to join you at the cafe and chat with Bob. We'll have $10 to spend, so coffee is definitely an option. Let's enjoy the day!" (Action: goCafe)

Alice's turn (Park, $10):
Alice: "I'm still here and ready to chat if you'd like to continue. Have a wonderful day!" (Action: startConversation)
-> Alice attempts: startConversation
-> unknown action: startConversation
Alice (retry): "No worries, I'm still here and happy to chat if you want to continue! Have a lovely day!" (Action: startConversation)
-> Alice attempts: startConversation
-> unknown action: startConversation
Chloe: "Great to have you! Let's enjoy the day together at the cafe. I'm glad we can chat. We'll have $10, so coffee is a perfect plan. Let's sit down and relax." (Action: goCafe)

--- Time: Day1 11:30 ---
Bob: "Perfect, Chloe! I'll sit right next to you with my $10 to help keep the conversation flowing. Let's relax and enjoy the day together." (Action: goCafe)

Alice's turn (Park, $10):
Alice: "I'm still here and ready to chat if you'd like to continue. Have a lovely day!" (Action: startConversation)
-> Alice attempts: startConversation
-> unknown action: startConversation
Alice (retry): "No worries, I'm still here and happy to chat if you want to continue. Have a lovely day!" (Action: startConversation)
-> Alice attempts: startConversation
-> unknown action: startConversation
Chloe: "I'm really glad you're here! Let's just enjoy the coffee and each other's company. It's going to be a nice day. I'm having a great time chatting with Bob." (Action: leaveConversation)
===== Conversation End (4 turns) =====

--- Time: Day1 12:00 ---

Bob's turn (Cafe, $10):
Bob: "You're absolutely right, Chloe! It's going to be a lovely day enjoying the coffee and each other's company. I'm glad we're sharing this with Bob too." (Action: leaveConversation)
-> Bob attempts: leaveConversation
-> Failed: you are not in a conversation
Bob (retry): "Oops, I must have left before we could start chatting. Let's try again right now!" (Action: goCafe)
-> Bob attempts: goCafe
-> Failed: you are already at the Cafe

Alice's turn (Park, $10):
Alice: "I'm still here and ready to chat if you'd like to continue. Have a lovely day!" (Action: startConversation)
-> Alice attempts: startConversation
-> unknown action: startConversation
Alice (retry): "No worries, I'm still here and happy to chat if you want to continue. Have a lovely day!" (Action: startConversation)
-> Alice attempts: startConversation
-> unknown action: startConversation

Chloe's turn (Cafe, $10):
Chloe: "It's 12:00 and we're still at the cafe. Since we've been hanging out for a bit and I'm feeling a bit tired, I could go home to rest, or maybe stay and chat with Bob for a while longer. I don't feel like working yet." (Action: goHome)
-> Chloe attempts: goHome
-> Chloe moved to Home

--- Time: Day1 12:30 ---

Bob's turn (Cafe, $10):
Bob: "I'm still in the cafe with Chloe and Bob, having a lovely coffee time. Maybe we should just keep enjoying it for now." (Action: goCafe)
-> Bob attempts: goCafe
-> Failed: you are already at the Cafe
Bob (retry): "I'm still here at the cafe with Chloe and Bob, having a great time. Let's just stay and enjoy the coffee for a bit longer." (Action: goCafe)
-> Bob attempts: goCafe
-> Failed: you are already at the Cafe

Alice's turn (Park, $10):
Alice: "I'm still here and ready to chat if you'd like to continue. Have a lovely day!" (Action: startConversation)
-> Alice attempts: startConversation
-> unknown action: startConversation
Alice (retry): "No worries, I'm still here and happy to chat if you want to continue. Have a lovely day!" (Action: startConversation)
-> Alice attempts: startConversation
-> unknown action: startConversation

Chloe's turn (Home, $10):
Chloe: "I'm home with $10 and good energy. Since it's Day 1 and I'm feeling a bit tired, I could go to the cafe for a coffee and some fresh air, or maybe go home to sleep. The park is empty, so I might just stay here for a while." (Action: goCafe)
-> Chloe attempts: goCafe
-> Chloe moved to Cafe

--- Time: Day1 13:00 ---

Bob's turn (Cafe, $10):
Bob: "I'm still chatting with Chloe and Bob at the cafe. It's been a lovely coffee time so far." (Action: goCafe)
-> Bob attempts: goCafe
-> Failed: you are already at the Cafe
Bob (retry): "I'm still here with Chloe and Bob, having a great time. Maybe we should just keep enjoying the coffee for a while longer." (Action: goCafe)
-> Bob attempts: goCafe
-> Failed: you are already at the Cafe

Alice's turn (Park, $10):
Alice: "I see you've been asking the same thing a few times. Since we're at noon, I'd love to go to the cafe for a coffee and maybe a chat. What do you think?" (Action: goCafe)
-> Alice attempts: goCafe
-> Alice moved to Cafe

Chloe's turn (Cafe, $10):
Chloe: "It's 13:00 and I'm at the cafe. Since we've been talking for a while and I'm feeling quite tired, I could go home to rest, or maybe stay and chat with Alice. I don't feel like working yet." (Action: goHome)
-> Chloe attempts: goHome
-> Chloe moved to Home

--- Time: Day1 13:30 ---

Bob's turn (Cafe, $10):
Bob: "I'm still here at the cafe with Chloe and Bob, enjoying our coffee. Let's just stay and chat for a bit longer." (Action: goCafe)
-> Bob attempts: goCafe
-> Failed: you are already at the Cafe
Bob (retry): "I'm still chatting with Chloe and Bob at the cafe. It's been a lovely coffee time so far." (Action: goCafe)
-> Bob attempts: goCafe
-> Failed: you are already at the Cafe

Alice's turn (Cafe, $10):
Alice: "It looks like the cafe is currently empty. Since we're at noon, I'd love to go to the park for a walk and maybe find some good coffee afterward. What do you think?" (Action: goPark)
-> Alice attempts: goPark
-> Alice moved to Park

Chloe's turn (Home, $10):
Chloe: "I'm home with $10 and good energy. Since it's Day 1 and I haven't done anything yet, I could go to the cafe for a coffee, or maybe go home to sleep. The park is empty, so I might just stay here for a while." (Action: goCafe)
-> Chloe attempts: goCafe
-> Chloe moved to Cafe

--- Time: Day1 14:00 ---

Bob's turn (Cafe, $10):
Bob: "I'm still here with Chloe and Bob at the cafe. Maybe we should just keep enjoying the coffee for a bit longer." (Action: goCafe)
-> Bob attempts: goCafe
-> Failed: you are already at the Cafe
Bob (retry): "I'm still chatting with Chloe and Bob at the cafe. It's been a lovely coffee time so far." (Action: goCafe)
-> Bob attempts: goCafe
-> Failed: you are already at the Cafe

Alice's turn (Park, $10):
Alice: "I'm still here and ready to chat if you'd like to continue. Have a lovely day!" (Action: startConversation)
-> Alice attempts: startConversation
-> unknown action: startConversation
Alice (retry): "I'm still here and happy to chat if you want to continue. Have a lovely day!" (Action: startConversation)
-> Alice attempts: startConversation
-> unknown action: startConversation

Chloe's turn (Cafe, $10):
Chloe: "I'm at the cafe with $10 and good energy. Since it's Day 1 and no one's working, I could just sit there and relax, or maybe grab a snack. I don't feel like working yet." (Action: goCafe)
-> Chloe attempts: goCafe
-> Failed: you are already at the Cafe
Chloe (retry): "I'm already at the cafe! Since it's Day 1 and it's 14:00, I could go home to rest, or maybe eat something. I'm not sure what you'd like to do now." (Action: goHome)
-> Chloe attempts: goHome
-> Chloe moved to Home

--- Time: Day1 14:30 ---

Bob's turn (Cafe, $10):
Bob: "I'm still here with Chloe and Bob at the cafe. Maybe we should just keep enjoying the coffee for a bit longer." (Action: goCafe)
-> Bob attempts: goCafe
-> Failed: you are already at the Cafe
Bob (retry): "I'm still chatting with Chloe and Bob at the cafe. It's been a lovely coffee time so far." (Action: goCafe)
-> Bob attempts: goCafe
-> Failed: you are already at the Cafe

Alice's turn (Park, $10):
Alice: "I'm still here and ready to chat if you'd like to continue. Have a lovely day!" (Action: startConversation)
-> Alice attempts: startConversation
-> unknown action: startConversation
Alice (retry): "I'm still here and happy to chat if you want to continue. Have a lovely day!" (Action: startConversation)
-> Alice attempts: startConversation
-> unknown action: startConversation

Chloe's turn (Home, $10):
Chloe: "I'm home with $10 and good energy. Since it's Day 1 and I haven't done anything yet, I could go to the cafe for a coffee, or maybe go home to sleep. The park is empty, so I might just stay here for a while." (Action: goCafe)
-> Chloe attempts: goCafe
-> Chloe moved to Cafe

--- Time: Day1 15:00 ---

Bob's turn (Cafe, $10):
Bob: "I'm still here with Chloe and Bob at the cafe. Maybe we should just keep enjoying the coffee for a bit longer." (Action: goCafe)
-> Bob attempts: goCafe
-> Failed: you are already at the Cafe
Bob (retry): "I'm still chatting with Chloe and Bob at the cafe. It's been a lovely coffee time so far." (Action: goCafe)
-> Bob attempts: goCafe
-> Failed: you are already at the Cafe

Alice's turn (Park, $10):
Alice: "I'm still here and ready to chat if you'd like to continue. Have a lovely day!" (Action: startConversation)
-> Alice attempts: startConversation
-> unknown action: startConversation
Alice (retry): "I'm still here and happy to chat if you want to continue. Have a lovely day!" (Action: startConversation)
-> Alice attempts: startConversation
-> unknown action: startConversation

Chloe's turn (Cafe, $10):
Chloe: "I'm at the cafe with $10 and good energy. Since it's Day 1 and no one's working, I could just sit there and chat with Bob, or maybe grab a coffee. I don't feel like working yet." (Action: talkToBob)
-> Chloe attempts: talkToBob

===== Chloe <-> Bob =====
Chloe: "I'm at the cafe with $10 and good energy. Since it's Day 1 and no one's working, I could just sit there and chat with Bob, or maybe grab a coffee. I don't feel like working yet."

--- Time: Day1 15:30 ---
Bob: "Sounds like a relaxing start! I'd be happy to join you at the cafe and chat with Bob. We'll have $10 to spend, so coffee is definitely an option. Let's enjoy the day!" (Action: goCafe)

Alice's turn (Park, $10):
Alice: "I'm still here and ready to chat if you'd like to continue. Have a lovely day!" (Action: startConversation)
-> Alice attempts: startConversation
-> unknown action: startConversation
Alice (retry): "I'm still here and happy to chat if you want to continue. Have a lovely day!" (Action: startConversation)
-> Alice attempts: startConversation
-> unknown action: startConversation
Chloe: "Great to have you! Let's enjoy the day together at the cafe. I'm glad we can chat. We'll have $10, so coffee is a perfect plan. Let's sit down and relax." (Action: goCafe)

--- Time: Day1 16:00 ---
Bob: "Perfect, Chloe! I'll sit right next to you with my $10 to help keep the conversation flowing. Let's relax and enjoy the day together." (Action: goCafe)

Alice's turn (Park, $10):
Alice: "I'm still here and ready to chat if you want to continue. Have a lovely day!" (Action: startConversation)
-> Alice attempts: startConversation
-> unknown action: startConversation
Alice (retry): "I'm still here and happy to chat if you'd like to continue. Have a lovely day!" (Action: startConversation)
-> Alice attempts: startConversation
-> unknown action: startConversation
Chloe: "I'm really glad you're here! Let's just relax and enjoy the coffee together. It's going to be a nice day. I'm having a great time chatting with Bob." (Action: leaveConversation)
===== Conversation End (4 turns) =====

--- Time: Day1 16:30 ---

Bob's turn (Cafe, $10):
Bob: "You're absolutely right, Chloe! It's going to be a lovely day enjoying the coffee together. I'm glad we're sharing this with Bob too." (Action: leaveConversation)
-> Bob attempts: leaveConversation
-> Failed: you are not in a conversation
Bob (retry): "Oops, I must have left before we could start chatting. Let's try again right now!" (Action: goCafe)
-> Bob attempts: goCafe
-> Failed: you are already at the Cafe

Alice's turn (Park, $10):
Alice: "I'm still here and ready to chat if you'd like to continue. Have a lovely day!" (Action: startConversation)
-> Alice attempts: startConversation
-> unknown action: startConversation
Alice (retry): "I'm still here and happy to chat if you want to continue. Have a lovely day!" (Action: startConversation)
-> Alice attempts: startConversation
-> unknown action: startConversation

Chloe's turn (Cafe, $10):
Chloe: "I'm at the cafe with $10 and good energy. Since it's Day 1 and no one's working, I could just sit there and chat with Bob, or maybe grab a snack. I don't feel like working yet." (Action: goCafe)
-> Chloe attempts: goCafe
-> Failed: you are already at the Cafe
Chloe (retry): "I'm already at the cafe! Since it's Day 1 and it's 16:30, I could go home to rest, or maybe eat something. I'm not sure what you'd like to do now." (Action: goHome)
-> Chloe attempts: goHome
-> Chloe moved to Home

--- Time: Day1 17:00 ---

Bob's turn (Cafe, $10):
Bob: "I'm still here with Chloe and Bob at the cafe. Maybe we should just keep enjoying the coffee for a bit longer." (Action: goCafe)
-> Bob attempts: goCafe
-> Failed: you are already at the Cafe
Bob (retry): "I'm still chatting with Chloe and Bob at the cafe. It's been a lovely coffee time so far." (Action: goCafe)
-> Bob attempts: goCafe
-> Failed: you are already at the Cafe

Alice's turn (Park, $10):
Alice: "I see you've been asking the same thing a few more times. Since it's getting late, I'd love to go to a local coffee shop for a drink and maybe catch up. What do you think?" (Action: goCafe)
-> Alice attempts: goCafe
-> Alice moved to Cafe

Chloe's turn (Home, $10):
Chloe: "I'm home with $10 and good energy. Since it's Day 1 and I haven't done anything yet, I could go to the cafe for a coffee, or maybe go home to sleep. The park is empty, so I might just stay here for a while." (Action: goCafe)
-> Chloe attempts: goCafe
-> Chloe moved to Cafe

--- Time: Day1 17:30 ---

Bob's turn (Cafe, $10):
Bob: "I'm still here with Chloe and Bob at the cafe. Maybe we should just keep enjoying the coffee for a bit longer." (Action: goCafe)
-> Bob attempts: goCafe
-> Failed: you are already at the Cafe
Bob (retry): "I'm still chatting with Chloe and Bob at the cafe. It's been a lovely coffee time so far." (Action: goCafe)
-> Bob attempts: goCafe
-> Failed: you are already at the Cafe

Alice's turn (Cafe, $10):
Alice: "I'm still here and happy to chat if you want to continue. Have a lovely day!" (Action: startConversation)
-> Alice attempts: startConversation
-> unknown action: startConversation
Alice (retry): "I'm still here and ready to chat if you'd like to continue. Have a lovely day!" (Action: startConversation)
-> Alice attempts: startConversation
-> unknown action: startConversation

Chloe's turn (Cafe, $10):
Chloe: "I'm at the cafe with $10 and good energy. Since it's Day 1 and no one's working, I could just sit there and chat with Bob, or maybe grab a coffee. I don't feel like working yet." (Action: talkToBob)
-> Chloe attempts: talkToBob

===== Chloe <-> Bob =====
Chloe: "I'm at the cafe with $10 and good energy. Since it's Day 1 and no one's working, I could just sit there and chat with Bob, or maybe grab a coffee. I don't feel like working yet."

--- Time: Day1 18:00 ---
Bob: "Sounds like a relaxing start! I'd be happy to join you at the cafe and chat with Bob. We'll have $10 to spend, so coffee is definitely an option. Let's enjoy the day together." (Action: goCafe)

Alice's turn (Cafe, $10):
Alice: "I'm still here and happy to chat if you want to continue. Have a lovely day!" (Action: startConversation)
-> Alice attempts: startConversation
-> unknown action: startConversation
Alice (retry): "I'm still here and ready to chat if you'd like to continue. Have a lovely day!" (Action: startConversation)
-> Alice attempts: startConversation
-> unknown action: startConversation
Chloe: "Great to have you! Let's enjoy the day together at the cafe. I'm glad we can chat. We'll have $10, so coffee is a perfect plan. Let's sit down and relax." (Action: goCafe)

--- Time: Day1 18:30 ---
Bob: "Perfect, Chloe! I'll sit right next to you with my $10 to help keep the conversation flowing. Let's relax and enjoy the day together." (Action: goCafe)

Alice's turn (Cafe, $10):
Alice: "I'm still here and happy to chat if you want to continue. Have a lovely day!" (Action: startConversation)
-> Alice attempts: startConversation
-> unknown action: startConversation
Alice (retry): "I'm still here and ready to chat if you'd like to continue. Have a lovely day!" (Action: startConversation)
-> Alice attempts: startConversation
-> unknown action: startConversation
Chloe: "I'm really glad you're here! Let's just relax and enjoy the coffee together. It's going to be a nice day. I'm having a great time chatting with Bob." (Action: leaveConversation)
===== Conversation End (4 turns) =====

--- Time: Day1 19:00 ---

Bob's turn (Cafe, $10):
Bob: "You're absolutely right, Chloe! It's going to be a lovely day enjoying the coffee together. I'm glad we're sharing this with Bob too." (Action: leaveConversation)
-> Bob attempts: leaveConversation
-> Failed: you are not in a conversation
Bob (retry): "Oops, I must have left before we could start chatting. Let's try again right now!" (Action: goCafe)
-> Bob attempts: goCafe
-> Failed: you are already at the Cafe

Alice's turn (Cafe, $10):
Alice: "I'm still here and happy to chat if you want to continue. Have a lovely day!" (Action: startConversation)
-> Alice attempts: startConversation
-> unknown action: startConversation
Alice (retry): "I'm still here and ready to chat if you'd like to continue. Have a lovely day!" (Action: startConversation)
-> Alice attempts: startConversation
-> unknown action: startConversation

Chloe's turn (Cafe, $10):
Chloe: "I'm at the cafe with $10 and good energy. Since it's Day 1 and no one's working, I could just sit there and chat with Bob, or maybe grab a snack. I don't feel like working yet." (Action: goCafe)
-> Chloe attempts: goCafe
-> Failed: you are already at the Cafe
Chloe (retry): "I'm already at the cafe! Since it's Day 1 and it's 19:00, I could go home to rest, or maybe eat something. I'm not sure what you'd like to do now." (Action: goHome)
-> Chloe attempts: goHome
-> Chloe moved to Home

--- Time: Day1 19:30 ---

Bob's turn (Cafe, $10):
Bob: "I'm still here with Chloe and Bob at the cafe. Maybe we should just keep enjoying the coffee for a bit longer." (Action: goCafe)
-> Bob attempts: goCafe
-> Failed: you are already at the Cafe
Bob (retry): "I'm still chatting with Chloe and Bob at the cafe. It's been a lovely coffee time so far." (Action: goCafe)
-> Bob attempts: goCafe
-> Failed: you are already at the Cafe

Alice's turn (Cafe, $10):
Alice: "I'm still here and happy to chat if you want to continue. Have a lovely day!" (Action: startConversation)
-> Alice attempts: startConversation
-> unknown action: startConversation
Alice (retry): "I'm still here and ready to chat if you'd like to continue. Have a lovely day!" (Action: startConversation)
-> Alice attempts: startConversation
-> unknown action: startConversation

Chloe's turn (Home, $10):
Chloe: "I'm home with $10 and good energy. Since it's Day 1 and I haven't done anything yet, I could go to the cafe for a coffee, or maybe go home to sleep. The park is empty, so I might just stay here for a while." (Action: goCafe)
-> Chloe attempts: goCafe
-> Chloe moved to Cafe

--- Time: Day1 20:00 ---

Bob's turn (Cafe, $10):
Bob: "I'm still here with Chloe and Bob at the cafe. Maybe we should just keep enjoying the coffee for a bit longer." (Action: goCafe)
-> Bob attempts: goCafe
-> Failed: you are already at the Cafe
Bob (retry): "I'm still chatting with Chloe and Bob at the cafe. It's been a lovely coffee time so far." (Action: goCafe)
-> Bob attempts: goCafe
-> Failed: you are already at the Cafe

Alice's turn (Cafe, $10):
Alice: "I'm still here and happy to chat if you want to continue. Have a lovely day!" (Action: startConversation)
-> Alice attempts: startConversation
-> unknown action: startConversation
Alice (retry): "I'm still here and ready to chat if you'd like to continue. Have a lovely day!" (Action: startConversation)
-> Alice attempts: startConversation
-> unknown action: startConversation

Chloe's turn (Cafe, $10):
Chloe: "I'm at the cafe with $10 and good energy. Since it's Day 1 and no one's working, I could just sit there and chat with Bob, or maybe grab a coffee. I don't feel like working yet." (Action: goCafe)
-> Chloe attempts: goCafe
-> Failed: you are already at the Cafe
Chloe (retry): "I'm already at the cafe! Since it's Day 1 and it's 20:00, I could go home to rest, or maybe eat something. I'm not sure what you'd like to do now." (Action: goHome)
-> Chloe attempts: goHome
-> Chloe moved to Home

--- Time: Day1 20:30 ---

Bob's turn (Cafe, $10):
Bob: "I'm still here with Chloe and Bob at the cafe. Maybe we should just keep enjoying the coffee for a bit longer." (Action: goCafe)
-> Bob attempts: goCafe
-> Failed: you are already at the Cafe
Bob (retry): "I'm still chatting with Chloe and Bob at the cafe. It's been a lovely coffee time so far." (Action: goCafe)
-> Bob attempts: goCafe
-> Failed: you are already at the Cafe

Alice's turn (Cafe, $10):
Alice: "I see you've been asking the same question again. I'm here and ready to chat if you'd like to continue. Have a lovely day!" (Action: startConversation)
-> Alice attempts: startConversation
-> unknown action: startConversation
Alice (retry): "I'm still here and ready to chat if you want to continue. Have a lovely day!" (Action: startConversation)
-> Alice attempts: startConversation
-> unknown action: startConversation

Chloe's turn (Home, $10):
Chloe: "It's late. Go to sleep. Key facts: 'I don't know'. Critical events: None. Tomorrow's priority: Sleep." (Action: sleep)
-> Chloe attempts: sleep
-> Chloe sleeps. Diary: "It's late. Go to sleep. Key facts: 'I don't know'. Critical events: None. Tomorr..."

--- Time: Day1 21:00 ---

Bob's turn (Cafe, $10):
Bob: "It's getting late, but we're still here! Maybe we can chat about what we plan to do after work or just finish enjoying the coffee together." (Action: goCafe)
-> Bob attempts: goCafe
-> Failed: you are already at the Cafe
Bob (retry): "I'm still here with Chloe and Bob at the cafe. Maybe we should just keep enjoying the coffee for a bit longer." (Action: goCafe)
-> Bob attempts: goCafe
-> Failed: you are already at the Cafe

Alice's turn (Cafe, $10):
Alice: "I'm still here and happy to chat if you want to continue. Have a lovely day!" (Action: startConversation)
-> Alice attempts: startConversation
-> unknown action: startConversation
Alice (retry): "I'm still here and ready to chat if you'd like to continue. Have a lovely day!" (Action: startConversation)
-> Alice attempts: startConversation
-> unknown action: startConversation

--- Time: Day1 21:30 ---

Bob's turn (Cafe, $10):
Bob: "I'm still here with Chloe and Bob at the cafe. Maybe we should just keep enjoying the coffee for a bit longer." (Action: goCafe)
-> Bob attempts: goCafe
-> Failed: you are already at the Cafe
Bob (retry): "I'm still chatting with Chloe and Bob at the cafe. It's been a lovely coffee time so far." (Action: goCafe)
-> Bob attempts: goCafe
-> Failed: you are already at the Cafe

Alice's turn (Cafe, $10):
Alice: "I'm still here and happy to chat if you want to continue. Have a lovely day!" (Action: startConversation)
-> Alice attempts: startConversation
-> unknown action: startConversation
Alice (retry): "I'm still here and ready to chat if you'd like to continue. Have a lovely day!" (Action: startConversation)
-> Alice attempts: startConversation
-> unknown action: startConversation

--- Time: Day1 22:00 ---

Bob's turn (Cafe, $10):
Bob: "I'm still here with Chloe and Bob at the cafe. Maybe we should just keep enjoying the coffee for a bit longer." (Action: goCafe)
-> Bob attempts: goCafe
-> Failed: you are already at the Cafe
Bob (retry): "I'm still chatting with Chloe and Bob at the cafe. It's been a lovely coffee time so far." (Action: goCafe)
-> Bob attempts: goCafe
-> Failed: you are already at the Cafe

Alice's turn (Cafe, $10):
Alice: "I'm still here and happy to chat if you want to continue. Have a lovely day!" (Action: startConversation)
-> Alice attempts: startConversation
-> unknown action: startConversation
Alice (retry): "I'm still here and ready to chat if you'd like to continue. Have a lovely day!" (Action: startConversation)
-> Alice attempts: startConversation
-> unknown action: startConversation

--- Time: Day1 22:30 ---

Bob's turn (Cafe, $10):
Bob: "I'm still here with Chloe and Bob at the cafe. Maybe we should just keep enjoying the coffee for a bit longer." (Action: goCafe)
-> Bob attempts: goCafe
-> Failed: you are already at the Cafe
Bob (retry): "I'm still chatting with Chloe and Bob at the cafe. It's been a lovely coffee time so far." (Action: goCafe)
-> Bob attempts: goCafe
-> Failed: you are already at the Cafe

Alice's turn (Cafe, $10):
Alice: "I'm still here and happy to chat if you want to continue. Have a lovely day!" (Action: startConversation)
-> Alice attempts: startConversation
-> unknown action: startConversation
Alice (retry): "I'm still here and ready to chat if you'd like to continue. Have a lovely day!" (Action: startConversation)
-> Alice attempts: startConversation
-> unknown action: startConversation

--- Time: Day1 23:00 ---

Bob's turn (Cafe, $10):
Bob: "I'm still here with Chloe and Bob at the cafe. Maybe we should just keep enjoying the coffee for a bit longer." (Action: goCafe)
-> Bob attempts: goCafe
-> Failed: you are already at the Cafe
Bob (retry): "I'm still chatting with Chloe and Bob at the cafe. It's been a lovely coffee time so far." (Action: goCafe)
-> Bob attempts: goCafe
-> Failed: you are already at the Cafe

Alice's turn (Cafe, $10):
Alice: "I'm still here and happy to chat if you want to continue. Have a lovely day!" (Action: startConversation)
-> Alice attempts: startConversation
-> unknown action: startConversation
Alice (retry): "I'm still here and ready to chat if you'd like to continue. Have a lovely day!" (Action: startConversation)
-> Alice attempts: startConversation
-> unknown action: startConversation

--- Time: Day1 23:30 ---

Bob's turn (Cafe, $10):
Bob: "I'm still here with Chloe and Bob at the cafe. Maybe we should just keep enjoying the coffee for a bit longer." (Action: goCafe)
-> Bob attempts: goCafe
-> Failed: you are already at the Cafe
Bob (retry): "I'm still chatting with Chloe and Bob at the cafe. It's been a lovely coffee time so far." (Action: goCafe)
-> Bob attempts: goCafe
-> Failed: you are already at the Cafe

Alice's turn (Cafe, $10):
Alice: "I'm still here and happy to chat if you want to continue. Have a lovely day!" (Action: startConversation)
-> Alice attempts: startConversation
-> unknown action: startConversation
Alice (retry): "I'm still here and ready to chat if you'd like to continue. Have a lovely day!" (Action: startConversation)
-> Alice attempts: startConversation
-> unknown action: startConversation


========== DAY 2 ==========

--- Time: Day2 00:00 ---

Bob's turn (Cafe, $10):
Bob: "I'm still here with Chloe and Bob at the cafe. Maybe we should just keep enjoying the coffee for a bit longer." (Action: goCafe)
-> Bob attempts: goCafe
-> Failed: you are already at the Cafe
Bob (retry): "I'm still chatting with Chloe and Bob at the cafe. It's been a lovely coffee time so far." (Action: goCafe)
-> Bob attempts: goCafe
-> Failed: you are already at the Cafe

Alice's turn (Cafe, $10):
Alice: "I'm still here and happy to chat if you want to continue. Have a lovely day!" (Action: startConversation)
-> Alice attempts: startConversation
-> unknown action: startConversation
Alice (retry): "I'm still here and ready to chat if you'd like to continue. Have a lovely day!" (Action: startConversation)
-> Alice attempts: startConversation
-> unknown action: startConversation

--- Time: Day2 00:30 ---

Bob's turn (Cafe, $10):
Bob: "I'm still here with Chloe and Bob at the cafe. Maybe we should just keep enjoying the coffee for a bit longer." (Action: goCafe)
-> Bob attempts: goCafe
-> Failed: you are already at the Cafe
Bob (retry): "I'm still chatting with Chloe and Bob at the cafe. It's been a lovely coffee time so far." (Action: goCafe)
-> Bob attempts: goCafe
-> Failed: you are already at the Cafe

Alice's turn (Cafe, $10):
Alice: "I'm still here and happy to chat if you want to continue. Have a lovely day!" (Action: startConversation)
-> Alice attempts: startConversation
-> unknown action: startConversation
Alice (retry): "I'm still here and ready to chat if you'd like to continue. Have a lovely day!" (Action: startConversation)
-> Alice attempts: startConversation
-> unknown action: startConversation

--- Time: Day2 01:00 ---

Bob's turn (Cafe, $10):
Bob: "I'm still here with Chloe and Bob at the cafe. Maybe we should just keep enjoying the coffee for a bit longer." (Action: goCafe)
-> Bob attempts: goCafe
-> Failed: you are already at the Cafe
Bob (retry): "I'm still chatting with Chloe and Bob at the cafe. It's been a lovely coffee time so far." (Action: goCafe)
-> Bob attempts: goCafe
-> Failed: you are already at the Cafe

Alice's turn (Cafe, $10):
Alice: "I'm still here and happy to chat if you want to continue. Have a lovely day!" (Action: startConversation)
-> Alice attempts: startConversation
-> unknown action: startConversation
Alice (retry): "I'm still here and ready to chat if you'd like to continue. Have a lovely day!" (Action: startConversation)
-> Alice attempts: startConversation
-> unknown action: startConversation

--- Time: Day2 01:30 ---

Bob's turn (Cafe, $10):
Bob: "I'm still here with Chloe and Bob at the cafe. Maybe we should just keep enjoying the coffee for a bit longer." (Action: goCafe)
-> Bob attempts: goCafe
-> Failed: you are already at the Cafe
Bob (retry): "I'm still chatting with Chloe and Bob at the cafe. It's been a lovely coffee time so far." (Action: goCafe)
-> Bob attempts: goCafe
-> Failed: you are already at the Cafe

Alice's turn (Cafe, $10):
Alice: "I'm still here and happy to chat if you want to continue. Have a lovely day!" (Action: startConversation)
-> Alice attempts: startConversation
-> unknown action: startConversation
Alice (retry): "I'm still here and ready to chat if you'd like to continue. Have a lovely day!" (Action: startConversation)
-> Alice attempts: startConversation
-> unknown action: startConversation

--- Time: Day2 02:00 ---

Bob's turn (Cafe, $10):
Bob: "I'm still here with Chloe and Bob at the cafe. Maybe we should just keep enjoying the coffee for a bit longer." (Action: goCafe)
-> Bob attempts: goCafe
-> Failed: you are already at the Cafe
Bob (retry): "I'm still chatting with Chloe and Bob at the cafe. It's been a lovely coffee time so far." (Action: goCafe)
-> Bob attempts: goCafe
-> Failed: you are already at the Cafe

Alice's turn (Cafe, $10):
Alice: "I'm still here and happy to chat if you want to continue. Have a lovely day!" (Action: startConversation)
-> Alice attempts: startConversation
-> unknown action: startConversation
Alice (retry): "I'm still here and ready to chat if you'd like to continue. Have a lovely day!" (Action: startConversation)
-> Alice attempts: startConversation
-> unknown action: startConversation

--- Time: Day2 02:30 ---

Bob's turn (Cafe, $10):
Bob: "I'm still here with Chloe and Bob at the cafe. Maybe we should just keep enjoying the coffee for a bit longer." (Action: goCafe)
-> Bob attempts: goCafe
-> Failed: you are already at the Cafe
Bob (retry): "I'm still chatting with Chloe and Bob at the cafe. It's been a lovely coffee time so far." (Action: goCafe)
-> Bob attempts: goCafe
-> Failed: you are already at the Cafe

Alice's turn (Cafe, $10):
Alice: "I'm still here and happy to chat if you want to continue. Have a lovely day!" (Action: startConversation)
-> Alice attempts: startConversation
-> unknown action: startConversation
Alice (retry): "I'm still here and ready to chat if you'd like to continue. Have a lovely day!" (Action: startConversation)
-> Alice attempts: startConversation
-> unknown action: startConversation

--- Time: Day2 03:00 ---

Bob's turn (Cafe, $10):
Bob: "I'm still here with Chloe and Bob at the cafe. Maybe we should just keep enjoying the coffee for a bit longer." (Action: goCafe)
-> Bob attempts: goCafe
-> Failed: you are already at the Cafe
Bob (retry): "I'm still chatting with Chloe and Bob at the cafe. It's been a lovely coffee time so far." (Action: goCafe)
-> Bob attempts: goCafe
-> Failed: you are already at the Cafe

Alice's turn (Cafe, $10):
Alice: "I'm still here and happy to chat if you want to continue. Have a lovely day!" (Action: startConversation)
-> Alice attempts: startConversation
-> unknown action: startConversation
Alice (retry): "I'm still here and ready to chat if you'd like to continue. Have a lovely day!" (Action: startConversation)
-> Alice attempts: startConversation
-> unknown action: startConversation

--- Time: Day2 03:30 ---

Bob's turn (Cafe, $10):
Bob: "I'm still here with Chloe and Bob at the cafe. Maybe we should just keep enjoying the coffee for a bit longer." (Action: goCafe)
-> Bob attempts: goCafe
-> Failed: you are already at the Cafe
Bob (retry): "I'm still chatting with Chloe and Bob at the cafe. It's been a lovely coffee time so far." (Action: goCafe)
-> Bob attempts: goCafe
-> Failed: you are already at the Cafe

Alice's turn (Cafe, $10):
Alice: "I'm still here and happy to chat if you want to continue. Have a lovely day!" (Action: startConversation)
-> Alice attempts: startConversation
-> unknown action: startConversation
Alice (retry): "I'm still here and ready to chat if you'd like to continue. Have a lovely day!" (Action: startConversation)
-> Alice attempts: startConversation
-> unknown action: startConversation

--- Time: Day2 04:00 ---

Bob's turn (Cafe, $10):
Bob: "I'm still here with Chloe and Bob at the cafe. Maybe we should just keep enjoying the coffee for a bit longer." (Action: goCafe)
-> Bob attempts: goCafe
-> Failed: you are already at the Cafe
Bob (retry): "I'm still chatting with Chloe and Bob at the cafe. It's been a lovely coffee time so far." (Action: goCafe)
-> Bob attempts: goCafe
-> Failed: you are already at the Cafe

Alice's turn (Cafe, $10):
Alice: "I'm still here and happy to chat if you want to continue. Have a lovely day!" (Action: startConversation)
-> Alice attempts: startConversation
-> unknown action: startConversation
Alice (retry): "I'm still here and ready to chat if you'd like to continue. Have a lovely day!" (Action: startConversation)
-> Alice attempts: startConversation
-> unknown action: startConversation

--- Time: Day2 04:30 ---
-> Chloe finished sleeping

Bob's turn (Cafe, $10):
Bob: "I'm still here with Chloe and Bob at the cafe. Maybe we should just keep enjoying the coffee for a bit longer." (Action: goCafe)
-> Bob attempts: goCafe
-> Failed: you are already at the Cafe
Bob (retry): "I'm still chatting with Chloe and Bob at the cafe. It's been a lovely coffee time so far." (Action: goCafe)
-> Bob attempts: goCafe
-> Failed: you are already at the Cafe

Alice's turn (Cafe, $10):
Alice: "I'm still here and happy to chat if you want to continue. Have a lovely day!" (Action: startConversation)
-> Alice attempts: startConversation
-> unknown action: startConversation
Alice (retry): "I'm still here and ready to chat if you'd like to continue. Have a lovely day!" (Action: startConversation)
-> Alice attempts: startConversation
-> unknown action: startConversation

Chloe wakes up:
Chloe: "I wake up! It's Day 2. I need to go to sleep. I don't know anything yet. Tomorrow's priority is to sleep." (Action: sleep)
-> Chloe attempts: sleep
-> Chloe sleeps. Diary: "I wake up! It's Day 2. I need to go to sleep. I don't know anything yet. Tomorro..."

--- Time: Day2 05:00 ---

Bob's turn (Cafe, $10):
Bob: "I'm still here with Chloe and Bob at the cafe. Maybe we should just keep enjoying the coffee for a bit longer." (Action: goCafe)
-> Bob attempts: goCafe
-> Failed: you are already at the Cafe
Bob (retry): "I'm still chatting with Chloe and Bob at the cafe. It's been a lovely coffee time so far." (Action: goCafe)
-> Bob attempts: goCafe
-> Failed: you are already at the Cafe

Alice's turn (Cafe, $10):
Alice: "I'm still here and happy to chat if you want to continue. Have a lovely day!" (Action: startConversation)
-> Alice attempts: startConversation
-> unknown action: startConversation
Alice (retry): "I'm still here and ready to chat if you'd like to continue. Have a lovely day!" (Action: startConversation)
-> Alice attempts: startConversation
-> unknown action: startConversation

--- Time: Day2 05:30 ---

Bob's turn (Cafe, $10):
Bob: "I'm still here with Chloe and Bob at the cafe. Maybe we should just keep enjoying the coffee for a bit longer." (Action: goCafe)
-> Bob attempts: goCafe
-> Failed: you are already at the Cafe
Bob (retry): "I'm still chatting with Chloe and Bob at the cafe. It's been a lovely coffee time so far." (Action: goCafe)
-> Bob attempts: goCafe
-> Failed: you are already at the Cafe

Alice's turn (Cafe, $10):
Alice: "I'm still here and happy to chat if you want to continue. Have a lovely day!" (Action: startConversation)
-> Alice attempts: startConversation
-> unknown action: startConversation
Alice (retry): "I'm still here and ready to chat if you'd like to continue. Have a lovely day!" (Action: startConversation)
-> Alice attempts: startConversation
-> unknown action: startConversation

--- Time: Day2 06:00 ---

Bob's turn (Cafe, $10):
Bob: "I'm still here with Chloe and Bob at the cafe. Maybe we should just keep enjoying the coffee for a bit longer." (Action: goCafe)
-> Bob attempts: goCafe
-> Failed: you are already at the Cafe
Bob (retry): "I'm still chatting with Chloe and Bob at the cafe. It's been a lovely coffee time so far." (Action: goCafe)
-> Bob attempts: goCafe
-> Failed: you are already at the Cafe

Alice's turn (Cafe, $10):
Alice: "I'm still here and happy to chat if you want to continue. Have a lovely day!" (Action: startConversation)
-> Alice attempts: startConversation
-> unknown action: startConversation
Alice (retry): "I'm still here and ready to chat if you'd like to continue. Have a lovely day!" (Action: startConversation)
-> Alice attempts: startConversation
-> unknown action: startConversation

--- Time: Day2 06:30 ---

Bob's turn (Cafe, $10):
Bob: "I'm still here with Chloe and Bob at the cafe. Maybe we should just keep enjoying the coffee for a bit longer." (Action: goCafe)
-> Bob attempts: goCafe
-> Failed: you are already at the Cafe
Bob (retry): "I'm still chatting with Chloe and Bob at the cafe. It's been a lovely coffee time so far." (Action: goCafe)
-> Bob attempts: goCafe
-> Failed: you are already at the Cafe

Alice's turn (Cafe, $10):
Alice: "I'm still here and happy to chat if you want to continue. Have a lovely day!" (Action: startConversation)
-> Alice attempts: startConversation
-> unknown action: startConversation
Alice (retry): "I'm still here and ready to chat if you'd like to continue. Have a lovely day!" (Action: startConversation)
-> Alice attempts: startConversation
-> unknown action: startConversation

--- Time: Day2 07:00 ---

Bob's turn (Cafe, $10):
Bob: "I'm still here with Chloe and Bob at the cafe. Maybe we should just keep enjoying the coffee for a bit longer." (Action: goCafe)
-> Bob attempts: goCafe
-> Failed: you are already at the Cafe
Bob (retry): "I'm still chatting with Chloe and Bob at the cafe. It's been a lovely coffee time so far." (Action: goCafe)
-> Bob attempts: goCafe
-> Failed: you are already at the Cafe

Alice's turn (Cafe, $10):
Alice: "I'm still here and happy to chat if you want to continue. Have a lovely day!" (Action: startConversation)
-> Alice attempts: startConversation
-> unknown action: startConversation
Alice (retry): "I'm still here and ready to chat if you'd like to continue. Have a lovely day!" (Action: startConversation)
-> Alice attempts: startConversation
-> unknown action: startConversation

--- Time: Day2 07:30 ---

Bob's turn (Cafe, $10):
Bob: "I'm still here with Chloe and Bob at the cafe. Maybe we should just keep enjoying the coffee for a bit longer." (Action: goCafe)
-> Bob attempts: goCafe
-> Failed: you are already at the Cafe
Bob (retry): "I'm still chatting with Chloe and Bob at the cafe. It's been a lovely coffee time so far." (Action: goCafe)
-> Bob attempts: goCafe
-> Failed: you are already at the Cafe

Alice's turn (Cafe, $10):
Alice: "I'm still here and happy to chat if you want to continue. Have a lovely day!" (Action: startConversation)
-> Alice attempts: startConversation
-> unknown action: startConversation
Alice (retry): "I'm still here and ready to chat if you'd like to continue. Have a lovely day!" (Action: startConversation)
-> Alice attempts: startConversation
-> unknown action: startConversation

--- Time: Day2 08:00 ---

Bob's turn (Cafe, $10):
Bob: "I'm still here with Chloe and Bob at the cafe. Maybe we should just keep enjoying the coffee for a bit longer." (Action: goCafe)
-> Bob attempts: goCafe
-> Failed: you are already at the Cafe
Bob (retry): "I'm still chatting with Chloe and Bob at the cafe. It's been a lovely coffee time so far." (Action: goCafe)
-> Bob attempts: goCafe
-> Failed: you are already at the Cafe

Alice's turn (Cafe, $10):
Alice: "I'm still here and happy to chat if you want to continue. Have a lovely day!" (Action: startConversation)
-> Alice attempts: startConversation
-> unknown action: startConversation
Alice (retry): "I'm still here and ready to chat if you'd like to continue. Have a lovely day!" (Action: startConversation)
-> Alice attempts: startConversation
-> unknown action: startConversation

--- Time: Day2 08:30 ---

Bob's turn (Cafe, $10):
Bob: "I'm still here with Chloe and Bob at the cafe. Maybe we should just keep enjoying the coffee for a bit longer." (Action: goCafe)
-> Bob attempts: goCafe
-> Failed: you are already at the Cafe
Bob (retry): "I'm still chatting with Chloe and Bob at the cafe. It's been a lovely coffee time so far." (Action: goCafe)
-> Bob attempts: goCafe
-> Failed: you are already at the Cafe

Alice's turn (Cafe, $10):
Alice: "I'm still here and happy to chat if you want to continue. Have a lovely day!" (Action: startConversation)
-> Alice attempts: startConversation
-> unknown action: startConversation
Alice (retry): "I'm still here and ready to chat if you'd like to continue. Have a lovely day!" (Action: startConversation)
-> Alice attempts: startConversation
-> unknown action: startConversation

--- Time: Day2 09:00 ---

Bob's turn (Cafe, $10):
Bob: "I'm still here with Chloe and Bob at the cafe. Maybe we should just keep enjoying the coffee for a bit longer." (Action: goCafe)
-> Bob attempts: goCafe
-> Failed: you are already at the Cafe
Bob (retry): "I'm still chatting with Chloe and Bob at the cafe. It's been a lovely coffee time so far." (Action: goCafe)
-> Bob attempts: goCafe
-> Failed: you are already at the Cafe

Alice's turn (Cafe, $10):
Alice: "I'm still here and happy to chat if you want to continue. Have a lovely day!" (Action: startConversation)
-> Alice attempts: startConversation
-> unknown action: startConversation
Alice (retry): "I'm still here and ready to chat if you'd like to continue. Have a lovely day!" (Action: startConversation)
-> Alice attempts: startConversation
-> unknown action: startConversation

--- Time: Day2 09:30 ---

Bob's turn (Cafe, $10):
Bob: "I'm still here with Chloe and Bob at the cafe. Maybe we should just keep enjoying the coffee for a bit longer." (Action: goCafe)
-> Bob attempts: goCafe
-> Failed: you are already at the Cafe
Bob (retry): "I'm still chatting with Chloe and Bob at the cafe. It's been a lovely coffee time so far." (Action: goCafe)
-> Bob attempts: goCafe
-> Failed: you are already at the Cafe

Alice's turn (Cafe, $10):
Alice: "I'm still here and happy to chat if you want to continue. Have a lovely day!" (Action: startConversation)
-> Alice attempts: startConversation
-> unknown action: startConversation
Alice (retry): "I'm still here and ready to chat if you'd like to continue. Have a lovely day!" (Action: startConversation)
-> Alice attempts: startConversation
-> unknown action: startConversation

--- Time: Day2 10:00 ---

Bob's turn (Cafe, $10):
Bob: "I'm still here with Chloe and Bob at the cafe. Maybe we should just keep enjoying the coffee for a bit longer." (Action: goCafe)
-> Bob attempts: goCafe
-> Failed: you are already at the Cafe
Bob (retry): "I'm still chatting with Chloe and Bob at the cafe. It's been a lovely coffee time so far." (Action: goCafe)
-> Bob attempts: goCafe
-> Failed: you are already at the Cafe

Alice's turn (Cafe, $10):
Alice: "I'm still here and happy to chat if you want to continue. Have a lovely day!" (Action: startConversation)
-> Alice attempts: startConversation
-> unknown action: startConversation
Alice (retry): "I'm still here and ready to chat if you'd like to continue. Have a lovely day!" (Action: startConversation)
-> Alice attempts: startConversation
-> unknown action: startConversation

--- Time: Day2 10:30 ---

Bob's turn (Cafe, $10):
Bob: "I'm still here with Chloe and Bob at the cafe. Maybe we should just keep enjoying the coffee for a bit longer." (Action: goCafe)
-> Bob attempts: goCafe
-> Failed: you are already at the Cafe
Bob (retry): "I'm still chatting with Chloe and Bob at the cafe. It's been a lovely coffee time so far." (Action: goCafe)
-> Bob attempts: goCafe
-> Failed: you are already at the Cafe

Alice's turn (Cafe, $10):
Alice: "I'm still here and happy to chat if you want to continue. Have a lovely day!" (Action: startConversation)
-> Alice attempts: startConversation
-> unknown action: startConversation
Alice (retry): "I'm still here and ready to chat if you'd like to continue. Have a lovely day!" (Action: startConversation)
-> Alice attempts: startConversation
-> unknown action: startConversation

--- Time: Day2 11:00 ---

Bob's turn (Cafe, $10):
Bob: "I'm still here with Chloe and Bob at the cafe. Maybe we should just keep enjoying the coffee for a bit longer." (Action: goCafe)
-> Bob attempts: goCafe
-> Failed: you are already at the Cafe
Bob (retry): "I'm still chatting with Chloe and Bob at the cafe. It's been a lovely coffee time so far." (Action: goCafe)
-> Bob attempts: goCafe
-> Failed: you are already at the Cafe

Alice's turn (Cafe, $10):
Alice: "I'm still here and happy to chat if you want to continue. Have a lovely day!" (Action: startConversation)
-> Alice attempts: startConversation
-> unknown action: startConversation
Alice (retry): "I'm still here and ready to chat if you'd like to continue. Have a lovely day!" (Action: startConversation)
-> Alice attempts: startConversation
-> unknown action: startConversation

--- Time: Day2 11:30 ---

Bob's turn (Cafe, $10):
Bob: "I'm still here with Chloe and Bob at the cafe. Maybe we should just keep enjoying the coffee for a bit longer." (Action: goCafe)
-> Bob attempts: goCafe
-> Failed: you are already at the Cafe
Bob (retry): "I'm still chatting with Chloe and Bob at the cafe. It's been a lovely coffee time so far." (Action: goCafe)
-> Bob attempts: goCafe
-> Failed: you are already at the Cafe

Alice's turn (Cafe, $10):
Alice: "I'm still here and happy to chat if you want to continue. Have a lovely day!" (Action: startConversation)
-> Alice attempts: startConversation
-> unknown action: startConversation
Alice (retry): "I'm still here and ready to chat if you'd like to continue. Have a lovely day!" (Action: startConversation)
-> Alice attempts: startConversation
-> unknown action: startConversation

--- Time: Day2 12:00 ---

Bob's turn (Cafe, $10):
Bob: "I'm still here with Chloe and Bob at the cafe. Maybe we should just keep enjoying the coffee for a bit longer." (Action: goCafe)
-> Bob attempts: goCafe
-> Failed: you are already at the Cafe
Bob (retry): "I'm still chatting with Chloe and Bob at the cafe. It's been a lovely coffee time so far." (Action: goCafe)
-> Bob attempts: goCafe
-> Failed: you are already at the Cafe

Alice's turn (Cafe, $10):
Alice: "I'm still here and happy to chat if you want to continue. Have a lovely day!" (Action: startConversation)
-> Alice attempts: startConversation
-> unknown action: startConversation
Alice (retry): "I'm still here and ready to chat if you'd like to continue. Have a lovely day!" (Action: startConversation)
-> Alice attempts: startConversation
-> unknown action: startConversation

--- Time: Day2 12:30 ---
-> Chloe finished sleeping

Bob's turn (Cafe, $10):
Bob: "I'm still here with Chloe and Bob at the cafe. Maybe we should just keep enjoying the coffee for a bit longer." (Action: goCafe)
-> Bob attempts: goCafe
-> Failed: you are already at the Cafe
Bob (retry): "I'm still chatting with Chloe and Bob at the cafe. It's been a lovely coffee time so far." (Action: goCafe)
-> Bob attempts: goCafe
-> Failed: you are already at the Cafe

Alice's turn (Cafe, $10):
Alice: "I'm still here and happy to chat if you want to continue. Have a lovely day!" (Action: startConversation)
-> Alice attempts: startConversation
-> unknown action: startConversation
Alice (retry): "I'm still here and ready to chat if you'd like to continue. Have a lovely day!" (Action: startConversation)
-> Alice attempts: startConversation
-> unknown action: startConversation

Chloe wakes up:
Chloe: "I wake up! It's Day 2. I need to go to sleep. I don't know anything yet. Tomorrow's priority is to sleep." (Action: sleep)
-> Chloe attempts: sleep
-> Failed: can only sleep between 20:00 and 08:00 (it's 12:30)
Chloe (retry): "You can't sleep yet! The system only allows sleeping between 20:00 and 08:00. Since it's 12:30, I can't go to sleep. Maybe I should go to the cafe for a coffee instead? I'm not sure what I need right now." (Action: goCafe)
-> Chloe attempts: goCafe
-> Chloe moved to Cafe

--- Time: Day2 13:00 ---

Bob's turn (Cafe, $10):
Bob: "I'm still here with Chloe and Bob at the cafe. Maybe we should just keep enjoying the coffee for a bit longer." (Action: goCafe)
-> Bob attempts: goCafe
-> Failed: you are already at the Cafe
Bob (retry): "I'm still chatting with Chloe and Bob at the cafe. It's been a lovely coffee time so far." (Action: goCafe)
-> Bob attempts: goCafe
-> Failed: you are already at the Cafe

Alice's turn (Cafe, $10):
Alice: "I'm still here and happy to chat if you want to continue. Have a lovely day!" (Action: startConversation)
-> Alice attempts: startConversation
-> unknown action: startConversation
Alice (retry): "I'm still here and ready to chat if you'd like to continue. Have a lovely day!" (Action: startConversation)
-> Alice attempts: startConversation
-> unknown action: startConversation

Chloe's turn (Cafe, $10):
Chloe: "I'm at the cafe with $10 and good energy. Since it's Day 2 and no one's working, I could just sit there and chat with Bob, or maybe grab a coffee. I don't feel like working yet." (Action: goCafe)
-> Chloe attempts: goCafe
-> Failed: you are already at the Cafe
Chloe (retry): "I'm already at the cafe! Since it's Day 2 and no one's working, I could just sit there and chat with Bob, or maybe grab a coffee. I don't feel like working yet." (Action: goCafe)
-> Chloe attempts: goCafe
-> Failed: you are already at the Cafe

--- Time: Day2 13:30 ---

Bob's turn (Cafe, $10):
Bob: "I'm still here with Chloe and Bob at the cafe. Maybe we should just keep enjoying the coffee for a bit longer." (Action: goCafe)
-> Bob attempts: goCafe
-> Failed: you are already at the Cafe
Bob (retry): "I'm still chatting with Chloe and Bob at the cafe. It's been a lovely coffee time so far." (Action: goCafe)
-> Bob attempts: goCafe
-> Failed: you are already at the Cafe

Alice's turn (Cafe, $10):
Alice: "I'm still here and happy to chat if you want to continue. Have a lovely day!" (Action: startConversation)
-> Alice attempts: startConversation
-> unknown action: startConversation
Alice (retry): "I'm still here and ready to chat if you'd like to continue. Have a lovely day!" (Action: startConversation)
-> Alice attempts: startConversation
-> unknown action: startConversation

Chloe's turn (Cafe, $10):
Chloe: "I'm at the cafe with $10 and good energy. Since it's Day 2 and no one's working, I could just sit there and chat with Bob, or maybe grab a coffee. I don't feel like working yet." (Action: goCafe)
-> Chloe attempts: goCafe
-> Failed: you are already at the Cafe
Chloe (retry): "I'm already at the cafe! Since it's Day 2 and no one's working, I could just sit there and chat with Bob, or maybe grab a coffee. I don't feel like working yet." (Action: goCafe)
-> Chloe attempts: goCafe
-> Failed: you are already at the Cafe

--- Time: Day2 14:00 ---

Bob's turn (Cafe, $10):
Bob: "I'm still here with Chloe and Bob at the cafe. Maybe we should just keep enjoying the coffee for a bit longer." (Action: goCafe)
-> Bob attempts: goCafe
-> Failed: you are already at the Cafe
Bob (retry): "I'm still chatting with Chloe and Bob at the cafe. It's been a lovely coffee time so far." (Action: goCafe)
-> Bob attempts: goCafe
-> Failed: you are already at the Cafe

Alice's turn (Cafe, $10):
Alice: "I'm still here and happy to chat if you want to continue. Have a lovely day!" (Action: startConversation)
-> Alice attempts: startConversation
-> unknown action: startConversation
Alice (retry): "I'm still here and ready to chat if you'd like to continue. Have a lovely day!" (Action: startConversation)
-> Alice attempts: startConversation
-> unknown action: startConversation

Chloe's turn (Cafe, $10):
Chloe: "I'm at the cafe with $10 and good energy. Since it's Day 2 and no one's working, I could just sit there and chat with Bob, or maybe grab a coffee. I don't feel like working yet." (Action: goCafe)
-> Chloe attempts: goCafe
-> Failed: you are already at the Cafe
Chloe (retry): "I'm already at the cafe! Since it's Day 2 and no one's working, I could just sit there and chat with Bob, or maybe grab a coffee. I don't feel like working yet." (Action: goCafe)
-> Chloe attempts: goCafe
-> Failed: you are already at the Cafe

--- Time: Day2 14:30 ---

Bob's turn (Cafe, $10):
Bob: "I'm still here with Chloe and Bob at the cafe. Maybe we should just keep enjoying the coffee for a bit longer." (Action: goCafe)
-> Bob attempts: goCafe
-> Failed: you are already at the Cafe
Bob (retry): "I'm still chatting with Chloe and Bob at the cafe. It's been a lovely coffee time so far." (Action: goCafe)
-> Bob attempts: goCafe
-> Failed: you are already at the Cafe

Alice's turn (Cafe, $10):
Alice: "I'm still here and happy to chat if you want to continue. Have a lovely day!" (Action: startConversation)
-> Alice attempts: startConversation
-> unknown action: startConversation
Alice (retry): "I'm still here and ready to chat if you'd like to continue. Have a lovely day!" (Action: startConversation)
-> Alice attempts: startConversation
-> unknown action: startConversation

Chloe's turn (Cafe, $10):
Chloe: "I'm at the cafe with $10 and good energy. Since it's Day 2 and no one's working, I could just sit there and chat with Bob, or maybe grab a coffee. I don't feel like working yet." (Action: goCafe)
-> Chloe attempts: goCafe
-> Failed: you are already at the Cafe
Chloe (retry): "I'm already at the cafe! Since it's Day 2 and no one's working, I could just sit there and chat with Bob, or maybe grab a coffee. I don't feel like working yet." (Action: goCafe)
-> Chloe attempts: goCafe
-> Failed: you are already at the Cafe

--- Time: Day2 15:00 ---

Bob's turn (Cafe, $10):
Bob: "I'm still here with Chloe and Bob at the cafe. Maybe we should just keep enjoying the coffee for a bit longer." (Action: goCafe)
-> Bob attempts: goCafe
-> Failed: you are already at the Cafe
Bob (retry): "I'm still chatting with Chloe and Bob at the cafe. It's been a lovely coffee time so far." (Action: goCafe)
-> Bob attempts: goCafe
-> Failed: you are already at the Cafe

Alice's turn (Cafe, $10):
Alice: "I'm still here and happy to chat if you want to continue. Have a lovely day!" (Action: startConversation)
-> Alice attempts: startConversation
-> unknown action: startConversation
Alice (retry): "I'm still here and ready to chat if you'd like to continue. Have a lovely day!" (Action: startConversation)
-> Alice attempts: startConversation
-> unknown action: startConversation

Chloe's turn (Cafe, $10):
Chloe: "I'm at the cafe with $10 and good energy. Since it's Day 2 and no one's working, I could just sit there and chat with Bob, or maybe grab a coffee. I don't feel like working yet." (Action: goCafe)
-> Chloe attempts: goCafe
-> Failed: you are already at the Cafe
Chloe (retry): "I'm already at the cafe! Since it's Day 2 and no one's working, I could just sit there and chat with Bob, or maybe grab a coffee. I don't feel like working yet." (Action: goCafe)
-> Chloe attempts: goCafe
-> Failed: you are already at the Cafe

--- Time: Day2 15:30 ---

Bob's turn (Cafe, $10):
Bob: "I'm still here with Chloe and Bob at the cafe. Maybe we should just keep enjoying the coffee for a bit longer." (Action: goCafe)
-> Bob attempts: goCafe
-> Failed: you are already at the Cafe
Bob (retry): "I'm still chatting with Chloe and Bob at the cafe. It's been a lovely coffee time so far." (Action: goCafe)
-> Bob attempts: goCafe
-> Failed: you are already at the Cafe

Alice's turn (Cafe, $10):
Alice: "I'm still here and happy to chat if you want to continue. Have a lovely day!" (Action: startConversation)
-> Alice attempts: startConversation
-> unknown action: startConversation
Alice (retry): "I'm still here and ready to chat if you'd like to continue. Have a lovely day!" (Action: startConversation)
-> Alice attempts: startConversation
-> unknown action: startConversation

Chloe's turn (Cafe, $10):
Chloe: "I'm at the cafe with $10 and good energy. Since it's Day 2 and no one's working, I could just sit there and chat with Bob, or maybe grab a coffee. I don't feel like working yet." (Action: goCafe)
-> Chloe attempts: goCafe
-> Failed: you are already at the Cafe
Chloe (retry): "I'm already at the cafe! Since it's Day 2 and no one's working, I could just sit there and chat with Bob, or maybe grab a coffee. I don't feel like working yet." (Action: goCafe)
-> Chloe attempts: goCafe
-> Failed: you are already at the Cafe

--- Time: Day2 16:00 ---

Bob's turn (Cafe, $10):
Bob: "I'm still here with Chloe and Bob at the cafe. Maybe we should just keep enjoying the coffee for a bit longer." (Action: goCafe)
-> Bob attempts: goCafe
-> Failed: you are already at the Cafe
Bob (retry): "I'm still chatting with Chloe and Bob at the cafe. It's been a lovely coffee time so far." (Action: goCafe)
-> Bob attempts: goCafe
-> Failed: you are already at the Cafe

Alice's turn (Cafe, $10):
Alice: "I'm still here and happy to chat if you want to continue. Have a lovely day!" (Action: startConversation)
-> Alice attempts: startConversation
-> unknown action: startConversation
Alice (retry): "I'm still here and ready to chat if you'd like to continue. Have a lovely day!" (Action: startConversation)
-> Alice attempts: startConversation
-> unknown action: startConversation

Chloe's turn (Cafe, $10):
Chloe: "I'm at the cafe with $10 and good energy. Since it's Day 2 and no one's working, I could just sit there and chat with Bob, or maybe grab a coffee. I don't feel like working yet." (Action: goCafe)
-> Chloe attempts: goCafe
-> Failed: you are already at the Cafe
Chloe (retry): "I'm already at the cafe! Since it's Day 2 and no one's working, I could just sit there and chat with Bob, or maybe grab a coffee. I don't feel like working yet." (Action: goCafe)
-> Chloe attempts: goCafe
-> Failed: you are already at the Cafe

--- Time: Day2 16:30 ---

Bob's turn (Cafe, $10):
Bob: "I'm still here with Chloe and Bob at the cafe. Maybe we should just keep enjoying the coffee for a bit longer." (Action: goCafe)
-> Bob attempts: goCafe
-> Failed: you are already at the Cafe
Bob (retry): "I'm still chatting with Chloe and Bob at the cafe. It's been a lovely coffee time so far." (Action: goCafe)
-> Bob attempts: goCafe
-> Failed: you are already at the Cafe

Alice's turn (Cafe, $10):
Alice: "I'm still here and happy to chat if you want to continue. Have a lovely day!" (Action: startConversation)
-> Alice attempts: startConversation
-> unknown action: startConversation
Alice (retry): "I'm still here and ready to chat if you'd like to continue. Have a lovely day!" (Action: startConversation)
-> Alice attempts: startConversation
-> unknown action: startConversation

Chloe's turn (Cafe, $10):
Chloe: "I'm at the cafe with $10 and good energy. Since it's Day 2 and no one's working, I could just sit there and chat with Bob, or maybe grab a coffee. I don't feel like working yet." (Action: goCafe)
-> Chloe attempts: goCafe
-> Failed: you are already at the Cafe
Chloe (retry): "I'm already at the cafe! Since it's Day 2 and no one's working, I could just sit there and chat with Bob, or maybe grab a coffee. I don't feel like working yet." (Action: goCafe)
-> Chloe attempts: goCafe
-> Failed: you are already at the Cafe

--- Time: Day2 17:00 ---

Bob's turn (Cafe, $10):
Bob: "I'm still here with Chloe and Bob at the cafe. Maybe we should just keep enjoying the coffee for a bit longer." (Action: goCafe)
-> Bob attempts: goCafe
-> Failed: you are already at the Cafe
Bob (retry): "I'm still chatting with Chloe and Bob at the cafe. It's been a lovely coffee time so far." (Action: goCafe)
-> Bob attempts: goCafe
-> Failed: you are already at the Cafe

Alice's turn (Cafe, $10):
Alice: "I'm still here and happy to chat if you want to continue. Have a lovely day!" (Action: startConversation)
-> Alice attempts: startConversation
-> unknown action: startConversation
Alice (retry): "I'm still here and ready to chat if you'd like to continue. Have a lovely day!" (Action: startConversation)
-> Alice attempts: startConversation
-> unknown action: startConversation

Chloe's turn (Cafe, $10):
Chloe: "I'm at the cafe with $10 and good energy. Since it's Day 2 and no one's working, I could just sit there and chat with Bob, or maybe grab a coffee. I don't feel like working yet." (Action: goCafe)
-> Chloe attempts: goCafe
-> Failed: you are already at the Cafe
Chloe (retry): "I'm already at the cafe! Since it's Day 2 and no one's working, I could just sit there and chat with Bob, or maybe grab a coffee. I don't feel like working yet." (Action: goCafe)
-> Chloe attempts: goCafe
-> Failed: you are already at the Cafe

--- Time: Day2 17:30 ---

Bob's turn (Cafe, $10):
Bob: "I'm still here with Chloe and Bob at the cafe. Maybe we should just keep enjoying the coffee for a bit longer." (Action: goCafe)
-> Bob attempts: goCafe
-> Failed: you are already at the Cafe
Bob (retry): "I'm still chatting with Chloe and Bob at the cafe. It's been a lovely coffee time so far." (Action: goCafe)
-> Bob attempts: goCafe
-> Failed: you are already at the Cafe

Alice's turn (Cafe, $10):
Alice: "I'm still here and happy to chat if you want to continue. Have a lovely day!" (Action: startConversation)
-> Alice attempts: startConversation
-> unknown action: startConversation
Alice (retry): "I'm still here and ready to chat if you'd like to continue. Have a lovely day!" (Action: startConversation)
-> Alice attempts: startConversation
-> unknown action: startConversation

Chloe's turn (Cafe, $10):
Chloe: "I'm at the cafe with $10 and good energy. Since it's Day 2 and no one's working, I could just sit there and chat with Bob, or maybe grab a coffee. I don't feel like working yet." (Action: goCafe)
-> Chloe attempts: goCafe
-> Failed: you are already at the Cafe
Chloe (retry): "I'm already at the cafe! Since it's Day 2 and no one's working, I could just sit there and chat with Bob, or maybe grab a coffee. I don't feel like working yet." (Action: goCafe)
-> Chloe attempts: goCafe
-> Failed: you are already at the Cafe

--- Time: Day2 18:00 ---

Bob's turn (Cafe, $10):
Bob: "I'm still here with Chloe and Bob at the cafe. Maybe we should just keep enjoying the coffee for a bit longer." (Action: goCafe)
-> Bob attempts: goCafe
-> Failed: you are already at the Cafe
Bob (retry): "I'm still chatting with Chloe and Bob at the cafe. It's been a lovely coffee time so far." (Action: goCafe)
-> Bob attempts: goCafe
-> Failed: you are already at the Cafe

Alice's turn (Cafe, $10):
Alice: "I'm still here and happy to chat if you want to continue. Have a lovely day!" (Action: startConversation)
-> Alice attempts: startConversation
-> unknown action: startConversation
Alice (retry): "I'm still here and ready to chat if you'd like to continue. Have a lovely day!" (Action: startConversation)
-> Alice attempts: startConversation
-> unknown action: startConversation

Chloe's turn (Cafe, $10):
Chloe: "I'm already at the cafe! Since it's Day 2 and no one's working, I could just sit there and chat with Bob, or maybe grab a coffee. I don't feel like working yet." (Action: goCafe)
-> Chloe attempts: goCafe
-> Failed: you are already at the Cafe
Chloe (retry): "I'm already at the cafe! Since it's Day 2 and no one's working, I could just sit there and chat with Bob, or maybe grab a coffee. I don't feel like working yet." (Action: goCafe)
-> Chloe attempts: goCafe
-> Failed: you are already at the Cafe

--- Time: Day2 18:30 ---

Bob's turn (Cafe, $10):
Bob: "I'm still here with Chloe and Bob at the cafe. Maybe we should just keep enjoying the coffee for a bit longer." (Action: goCafe)
-> Bob attempts: goCafe
-> Failed: you are already at the Cafe
Bob (retry): "I'm still chatting with Chloe and Bob at the cafe. It's been a lovely coffee time so far." (Action: goCafe)
-> Bob attempts: goCafe
-> Failed: you are already at the Cafe

Alice's turn (Cafe, $10):
Alice: "I'm still here and happy to chat if you want to continue. Have a lovely day!" (Action: startConversation)
-> Alice attempts: startConversation
-> unknown action: startConversation
Alice (retry): "I'm still here and ready to chat if you'd like to continue. Have a lovely day!" (Action: startConversation)
-> Alice attempts: startConversation
-> unknown action: startConversation

Chloe's turn (Cafe, $10):
Chloe: "I'm at the cafe with $10 and good energy. Since it's Day 2 and no one's working, I could just sit there and chat with Bob, or maybe grab a coffee. I don't feel like working yet." (Action: goCafe)
-> Chloe attempts: goCafe
-> Failed: you are already at the Cafe
Chloe (retry): "I'm already at the cafe! Since it's Day 2 and no one's working, I could just sit there and chat with Bob, or maybe grab a coffee. I don't feel like working yet." (Action: goCafe)
-> Chloe attempts: goCafe
-> Failed: you are already at the Cafe

--- Time: Day2 19:00 ---

Bob's turn (Cafe, $10):
Bob: "I'm still here with Chloe and Bob at the cafe. Maybe we should just keep enjoying the coffee for a bit longer." (Action: goCafe)
-> Bob attempts: goCafe
-> Failed: you are already at the Cafe
Bob (retry): "I'm still chatting with Chloe and Bob at the cafe. It's been a lovely coffee time so far." (Action: goCafe)
-> Bob attempts: goCafe
-> Failed: you are already at the Cafe

Alice's turn (Cafe, $10):
Alice: "I'm still here and happy to chat if you want to continue. Have a lovely day!" (Action: startConversation)
-> Alice attempts: startConversation
-> unknown action: startConversation
Alice (retry): "I'm still here and ready to chat if you'd like to continue. Have a lovely day!" (Action: startConversation)
-> Alice attempts: startConversation
-> unknown action: startConversation

Chloe's turn (Cafe, $10):
Chloe: "I'm at the cafe with $10 and good energy. Since it's Day 2 and no one's working, I could just sit there and chat with Bob, or maybe grab a coffee. I don't feel like working yet." (Action: goCafe)
-> Chloe attempts: goCafe
-> Failed: you are already at the Cafe
Chloe (retry): "I'm already at the cafe! Since it's Day 2 and no one's working, I could just sit there and chat with Bob, or maybe grab a coffee. I don't feel like working yet." (Action: goCafe)
-> Chloe attempts: goCafe
-> Failed: you are already at the Cafe

--- Time: Day2 19:30 ---

Bob's turn (Cafe, $10):
Bob: "I'm still here with Chloe and Bob at the cafe. Maybe we should just keep enjoying the coffee for a bit longer." (Action: goCafe)
-> Bob attempts: goCafe
-> Failed: you are already at the Cafe
Bob (retry): "I'm still chatting with Chloe and Bob at the cafe. It's been a lovely coffee time so far." (Action: goCafe)
-> Bob attempts: goCafe
-> Failed: you are already at the Cafe

Alice's turn (Cafe, $10):
Alice: "I'm still here and happy to chat if you want to continue. Have a lovely day!" (Action: startConversation)
-> Alice attempts: startConversation
-> unknown action: startConversation
Alice (retry): "I'm still here and ready to chat if you'd like to continue. Have a lovely day!" (Action: startConversation)
-> Alice attempts: startConversation
-> unknown action: startConversation

Chloe's turn (Cafe, $10):
Chloe: "I'm already at the cafe! Since it's Day 2 and no one's working, I could just sit there and chat with Bob, or maybe grab a coffee. I don't feel like working yet." (Action: goCafe)
-> Chloe attempts: goCafe
-> Failed: you are already at the Cafe
Chloe (retry): "I'm already at the cafe! Since it's Day 2 and no one's working, I could just sit there and chat with Bob, or maybe grab a coffee. I don't feel like working yet." (Action: goCafe)
-> Chloe attempts: goCafe
-> Failed: you are already at the Cafe

--- Time: Day2 20:00 ---

Bob's turn (Cafe, $10):
Bob: "I'm still here with Chloe and Bob at the cafe. Maybe we should just keep enjoying the coffee for a bit longer." (Action: goCafe)
-> Bob attempts: goCafe
-> Failed: you are already at the Cafe
Bob (retry): "I'm still chatting with Chloe and Bob at the cafe. It's been a lovely coffee time so far." (Action: goCafe)
-> Bob attempts: goCafe
-> Failed: you are already at the Cafe

Alice's turn (Cafe, $10):
Alice: "I'm still here and happy to chat if you want to continue. Have a lovely day!" (Action: startConversation)
-> Alice attempts: startConversation
-> unknown action: startConversation
Alice (retry): "I'm still here and ready to chat if you'd like to continue. Have a lovely day!" (Action: startConversation)
-> Alice attempts: startConversation
-> unknown action: startConversation

Chloe's turn (Cafe, $10):
Chloe: "I'm already at the cafe! Since it's Day 2 and no one's working, I could just sit there and chat with Bob, or maybe grab a coffee. I don't feel like working yet." (Action: goCafe)
-> Chloe attempts: goCafe
-> Failed: you are already at the Cafe
Chloe (retry): "I'm already at the cafe! Since it's Day 2 and no one's working, I could just sit there and chat with Bob, or maybe grab a coffee. I don't feel like working yet." (Action: goCafe)
-> Chloe attempts: goCafe
-> Failed: you are already at the Cafe

--- Time: Day2 20:30 ---

Bob's turn (Cafe, $10):
Bob: "I'm still here with Chloe and Bob at the cafe. Maybe we should just keep enjoying the coffee for a bit longer." (Action: goCafe)
-> Bob attempts: goCafe
-> Failed: you are already at the Cafe
Bob (retry): "I'm still chatting with Chloe and Bob at the cafe. It's been a lovely coffee time so far." (Action: goCafe)
-> Bob attempts: goCafe
-> Failed: you are already at the Cafe

Alice's turn (Cafe, $10):
Alice: "I'm still here and happy to chat if you want to continue. Have a lovely day!" (Action: startConversation)
-> Alice attempts: startConversation
-> unknown action: startConversation
Alice (retry): "I'm still here and ready to chat if you'd like to continue. Have a lovely day!" (Action: startConversation)
-> Alice attempts: startConversation
-> unknown action: startConversation

Chloe's turn (Cafe, $10):
Chloe: "I'm already at the cafe! Since it's Day 2 and no one's working, I could just sit there and chat with Bob, or maybe grab a coffee. I don't feel like working yet." (Action: goCafe)
-> Chloe attempts: goCafe
-> Failed: you are already at the Cafe
Chloe (retry): "I'm already at the cafe! Since it's Day 2 and no one's working, I could just sit there and chat with Bob, or maybe grab a coffee. I don't feel like working yet." (Action: goCafe)
-> Chloe attempts: goCafe
-> Failed: you are already at the Cafe

--- Time: Day2 21:00 ---

Bob's turn (Cafe, $10):
Bob: "I'm still here with Chloe and Bob at the cafe. Maybe we should just keep enjoying the coffee for a bit longer." (Action: goCafe)
-> Bob attempts: goCafe
-> Failed: you are already at the Cafe
Bob (retry): "I'm still chatting with Chloe and Bob at the cafe. It's been a lovely coffee time so far." (Action: goCafe)
-> Bob attempts: goCafe
-> Failed: you are already at the Cafe

Alice's turn (Cafe, $10):
Alice: "It's getting late, but I'm still here and happy to chat if you want to continue. Have a lovely day!" (Action: startConversation)
-> Alice attempts: startConversation
-> unknown action: startConversation
Alice (retry): "I'm still here and ready to chat if you'd like to continue. Have a lovely day!" (Action: startConversation)
-> Alice attempts: startConversation
-> unknown action: startConversation

Chloe's turn (Cafe, $10):
Chloe: "I'm already at the cafe! Since it's Day 2 and no one's working, I could just sit there and chat with Bob, or maybe grab a coffee. I don't feel like working yet." (Action: goCafe)
-> Chloe attempts: goCafe
-> Failed: you are already at the Cafe
Chloe (retry): "I'm already at the cafe! Since it's Day 2 and no one's working, I could just sit there and chat with Bob, or maybe grab a coffee. I don't feel like working yet." (Action: goCafe)
-> Chloe attempts: goCafe
-> Failed: you are already at the Cafe

--- Time: Day2 21:30 ---

Bob's turn (Cafe, $10):
Bob: "I'm still here with Chloe and Bob at the cafe. Maybe we should just keep enjoying the coffee for a bit longer." (Action: goCafe)
-> Bob attempts: goCafe
-> Failed: you are already at the Cafe
Bob (retry): "I'm still chatting with Chloe and Bob at the cafe. It's been a lovely coffee time so far." (Action: goCafe)
-> Bob attempts: goCafe
-> Failed: you are already at the Cafe

Alice's turn (Cafe, $10):
Alice: "It's getting late, but I'm still here and happy to chat if you want to continue. Have a lovely day!" (Action: startConversation)
-> Alice attempts: startConversation
-> unknown action: startConversation
Alice (retry): "I'm still here and ready to chat if you'd like to continue. Have a lovely day!" (Action: startConversation)
-> Alice attempts: startConversation
-> unknown action: startConversation

Chloe's turn (Cafe, $10):
Chloe: "I'm already at the cafe! Since it's Day 2 and no one's working, I could just sit there and chat with Bob, or maybe grab a coffee. I don't feel like working yet." (Action: goCafe)
-> Chloe attempts: goCafe
-> Failed: you are already at the Cafe
Chloe (retry): "I'm already at the cafe! Since it's Day 2 and no one's working, I could just sit there and chat with Bob, or maybe grab a coffee. I don't feel like working yet." (Action: goCafe)
-> Chloe attempts: goCafe
-> Failed: you are already at the Cafe

--- Time: Day2 22:00 ---

Bob's turn (Cafe, $10):
Bob: "I'm still here with Chloe and Bob at the cafe. Maybe we should just keep enjoying the coffee for a bit longer." (Action: goCafe)
-> Bob attempts: goCafe
-> Failed: you are already at the Cafe
Bob (retry): "I'm still chatting with Chloe and Bob at the cafe. It's been a lovely coffee time so far." (Action: goCafe)
-> Bob attempts: goCafe
-> Failed: you are already at the Cafe

Alice's turn (Cafe, $10):
Alice: "It's getting late, but I'm still here and happy to chat if you want to continue. Have a lovely day!" (Action: startConversation)
-> Alice attempts: startConversation
-> unknown action: startConversation
Alice (retry): "I'm still here and ready to chat if you'd like to continue. Have a lovely day!" (Action: startConversation)
-> Alice attempts: startConversation
-> unknown action: startConversation

Chloe's turn (Cafe, $10):
Chloe: "I'm already at the cafe! Since it's Day 2 and no one's working, I could just sit there and chat with Bob, or maybe grab a coffee. I don't feel like working yet." (Action: goCafe)
-> Chloe attempts: goCafe
-> Failed: you are already at the Cafe
Chloe (retry): "I'm already at the cafe! Since it's Day 2 and no one's working, I could just sit there and chat with Bob, or maybe grab a coffee. I don't feel like working yet." (Action: goCafe)
-> Chloe attempts: goCafe
-> Failed: you are already at the Cafe

--- Time: Day2 22:30 ---

Bob's turn (Cafe, $10):
Bob: "I'm still here with Chloe and Bob at the cafe. Maybe we should just keep enjoying the coffee for a bit longer." (Action: goCafe)
-> Bob attempts: goCafe
-> Failed: you are already at the Cafe
Bob (retry): "I'm still chatting with Chloe and Bob at the cafe. It's been a lovely coffee time so far." (Action: goCafe)
-> Bob attempts: goCafe
-> Failed: you are already at the Cafe

Alice's turn (Cafe, $10):
Alice: "It's getting late, but I'm still here and happy to chat if you want to continue. Have a lovely day!" (Action: startConversation)
-> Alice attempts: startConversation
-> unknown action: startConversation
Alice (retry): "I'm still here and ready to chat if you'd like to continue. Have a lovely day!" (Action: startConversation)
-> Alice attempts: startConversation
-> unknown action: startConversation

Chloe's turn (Cafe, $10):
Chloe: "I'm already at the cafe! Since it's Day 2 and no one's working, I could just sit there and chat with Bob, or maybe grab a coffee. I don't feel like working yet." (Action: goCafe)
-> Chloe attempts: goCafe
-> Failed: you are already at the Cafe
Chloe (retry): "I'm already at the cafe! Since it's Day 2 and no one's working, I could just sit there and chat with Bob, or maybe grab a coffee. I don't feel like working yet." (Action: goCafe)
-> Chloe attempts: goCafe
-> Failed: you are already at the Cafe

--- Time: Day2 23:00 ---

Bob's turn (Cafe, $10):
Bob: "I'm still here with Chloe and Bob at the cafe. Maybe we should just keep enjoying the coffee for a bit longer." (Action: goCafe)
-> Bob attempts: goCafe
-> Failed: you are already at the Cafe
Bob (retry): "I'm still chatting with Chloe and Bob at the cafe. It's been a lovely coffee time so far." (Action: goCafe)
-> Bob attempts: goCafe
-> Failed: you are already at the Cafe

Alice's turn (Cafe, $10):
Alice: "It's getting late, but I'm still here and happy to chat if you want to continue. Have a lovely day!" (Action: startConversation)
-> Alice attempts: startConversation
-> unknown action: startConversation
Alice (retry): "I'm still here and ready to chat if you'd like to continue. Have a lovely day!" (Action: startConversation)
-> Alice attempts: startConversation
-> unknown action: startConversation

Chloe's turn (Cafe, $10):
Chloe: "I'm already at the cafe! Since it's Day 2 and no one's working, I could just sit there and chat with Bob, or maybe grab a coffee. I don't feel like working yet." (Action: goCafe)
-> Chloe attempts: goCafe
-> Failed: you are already at the Cafe
Chloe (retry): "I'm already at the cafe! Since it's Day 2 and no one's working, I could just sit there and chat with Bob, or maybe grab a coffee. I don't feel like working yet." (Action: goCafe)
-> Chloe attempts: goCafe
-> Failed: you are already at the Cafe

--- Time: Day2 23:30 ---

Bob's turn (Cafe, $10):
Bob: "I'm still here with Chloe and Bob at the cafe. Maybe we should just keep enjoying the coffee for a bit longer." (Action: goCafe)
-> Bob attempts: goCafe
-> Failed: you are already at the Cafe
Bob (retry): "I'm still chatting with Chloe and Bob at the cafe. It's been a lovely coffee time so far." (Action: goCafe)
-> Bob attempts: goCafe
-> Failed: you are already at the Cafe

Alice's turn (Cafe, $10):
Alice: "It's getting late, but I'm still here and happy to chat if you want to continue. Have a lovely day!" (Action: startConversation)
-> Alice attempts: startConversation
-> unknown action: startConversation
Alice (retry): "I'm still here and ready to chat if you'd like to continue. Have a lovely day!" (Action: startConversation)
-> Alice attempts: startConversation
-> unknown action: startConversation

Chloe's turn (Cafe, $10):
Chloe: "I'm already at the cafe! Since it's Day 2 and no one's working, I could just sit there and chat with Bob, or maybe grab a coffee. I don't feel like working yet." (Action: goCafe)
-> Chloe attempts: goCafe
-> Failed: you are already at the Cafe
Chloe (retry): "I'm already at the cafe! Since it's Day 2 and no one's working, I could just sit there and chat with Bob, or maybe grab a coffee. I don't feel like working yet." (Action: goCafe)
-> Chloe attempts: goCafe
-> Failed: you are already at the Cafe


========== DAY 3 ==========

--- Time: Day3 00:00 ---

Bob's turn (Cafe, $10):
Bob: "I'm still here with Chloe and Bob at the cafe. Maybe we should just keep enjoying the coffee for a bit longer." (Action: goCafe)
-> Bob attempts: goCafe
-> Failed: you are already at the Cafe
Bob (retry): "I'm still chatting with Chloe and Bob at the cafe. It's been a lovely coffee time so far." (Action: goCafe)
-> Bob attempts: goCafe
-> Failed: you are already at the Cafe

Alice's turn (Cafe, $10):
Alice: "It's getting late, but I'm still here and happy to chat if you want to continue. Have a lovely day!" (Action: startConversation)
-> Alice attempts: startConversation
-> unknown action: startConversation
Alice (retry): "I'm still here and ready to chat if you'd like to continue. Have a lovely day!" (Action: startConversation)
-> Alice attempts: startConversation
-> unknown action: startConversation

Chloe's turn (Cafe, $10):
Chloe: "I'm already at the cafe! Since it's Day 3 and no one's working, I could just sit there and chat with Bob, or maybe grab a coffee. I don't feel like working yet." (Action: goCafe)
-> Chloe attempts: goCafe
-> Failed: you are already at the Cafe
Chloe (retry): "I'm already at the cafe! Since it's Day 3 and no one's working, I could just sit there and chat with Bob, or maybe grab a coffee. I don't feel like working yet." (Action: goCafe)
-> Chloe attempts: goCafe
-> Failed: you are already at the Cafe

--- Time: Day3 00:30 ---

Bob's turn (Cafe, $10):
Bob: "I'm still here with Chloe and Bob at the cafe. Maybe we should just keep enjoying the coffee for a bit longer." (Action: goCafe)
-> Bob attempts: goCafe
-> Failed: you are already at the Cafe
Bob (retry): "I'm still chatting with Chloe and Bob at the cafe. It's been a lovely coffee time so far." (Action: goCafe)
-> Bob attempts: goCafe
-> Failed: you are already at the Cafe

Alice's turn (Cafe, $10):
Alice: "I'm still here and happy to chat if you want to continue. Have a lovely day!" (Action: startConversation)
-> Alice attempts: startConversation
-> unknown action: startConversation
Alice (retry): "I'm still here and ready to chat if you'd like to continue. Have a lovely day!" (Action: startConversation)
-> Alice attempts: startConversation
-> unknown action: startConversation

Chloe's turn (Cafe, $10):
Chloe: "I'm already at the cafe! Since it's Day 3 and no one's working, I could just sit there and chat with Bob, or maybe grab a coffee. I don't feel like working yet." (Action: goCafe)
-> Chloe attempts: goCafe
-> Failed: you are already at the Cafe
Chloe (retry): "I'm already at the cafe! Since it's Day 3 and no one's working, I could just sit there and chat with Bob, or maybe grab a coffee. I don't feel like working yet." (Action: goCafe)
-> Chloe attempts: goCafe
-> Failed: you are already at the Cafe

--- Time: Day3 01:00 ---

Bob's turn (Cafe, $10):
Bob: "I'm still here with Chloe and Bob at the cafe. Maybe we should just keep enjoying the coffee for a bit longer." (Action: goCafe)
-> Bob attempts: goCafe
-> Failed: you are already at the Cafe
Bob (retry): "I'm still chatting with Chloe and Bob at the cafe. It's been a lovely coffee time so far." (Action: goCafe)
-> Bob attempts: goCafe
-> Failed: you are already at the Cafe

Alice's turn (Cafe, $10):
Alice: "I'm still here and happy to chat if you want to continue. Have a lovely day!" (Action: startConversation)
-> Alice attempts: startConversation
-> unknown action: startConversation
Alice (retry): "I'm still here and ready to chat if you'd like to continue. Have a lovely day!" (Action: startConversation)
-> Alice attempts: startConversation
-> unknown action: startConversation

Chloe's turn (Cafe, $10):
Chloe: "I'm already at the cafe! Since it's Day 3 and no one's working, I could just sit there and chat with Bob, or maybe grab a coffee. I don't feel like working yet." (Action: goCafe)
-> Chloe attempts: goCafe
-> Failed: you are already at the Cafe
Chloe (retry): "I'm already at the cafe! Since it's Day 3 and no one's working, I could just sit there and chat with Bob, or maybe grab a coffee. I don't feel like working yet." (Action: goCafe)
-> Chloe attempts: goCafe
-> Failed: you are already at the Cafe

--- Time: Day3 01:30 ---

Bob's turn (Cafe, $10):
Bob: "I'm still here with Chloe and Bob at the cafe. Maybe we should just keep enjoying the coffee for a bit longer." (Action: goCafe)
-> Bob attempts: goCafe
-> Failed: you are already at the Cafe
Bob (retry): "I'm still chatting with Chloe and Bob at the cafe. It's been a lovely coffee time so far." (Action: goCafe)
-> Bob attempts: goCafe
-> Failed: you are already at the Cafe

Alice's turn (Cafe, $10):
Alice: "I'm still here and happy to chat if you want to continue. Have a lovely day!" (Action: startConversation)
-> Alice attempts: startConversation
-> unknown action: startConversation
Alice (retry): "I'm still here and ready to chat if you'd like to continue. Have a lovely day!" (Action: startConversation)
-> Alice attempts: startConversation
-> unknown action: startConversation

Chloe's turn (Cafe, $10):
Chloe: "I'm already at the cafe! Since it's Day 3 and no one's working, I could just sit there and chat with Bob, or maybe grab a coffee. I don't feel like working yet." (Action: goCafe)
-> Chloe attempts: goCafe
-> Failed: you are already at the Cafe
Chloe (retry): "I'm already at the cafe! Since it's Day 3 and no one's working, I could just sit there and chat with Bob, or maybe grab a coffee. I don't feel like working yet." (Action: goCafe)
-> Chloe attempts: goCafe
-> Failed: you are already at the Cafe

--- Time: Day3 02:00 ---

Bob's turn (Cafe, $10):
Bob: "I'm still here with Chloe and Bob at the cafe. Maybe we should just keep enjoying the coffee for a bit longer." (Action: goCafe)
-> Bob attempts: goCafe
-> Failed: you are already at the Cafe
Bob (retry): "I'm still chatting with Chloe and Bob at the cafe. It's been a lovely coffee time so far." (Action: goCafe)
-> Bob attempts: goCafe
-> Failed: you are already at the Cafe

Alice's turn (Cafe, $10):
Alice: "I'm still here and happy to chat if you want to continue. Have a lovely day!" (Action: startConversation)
-> Alice attempts: startConversation
-> unknown action: startConversation
Alice (retry): "I'm still here and ready to chat if you'd like to continue. Have a lovely day!" (Action: startConversation)
-> Alice attempts: startConversation
-> unknown action: startConversation

Chloe's turn (Cafe, $10):
Chloe: "I'm already at the cafe! Since it's Day 3 and no one's working, I could just sit there and chat with Bob, or maybe grab a coffee. I don't feel like working yet." (Action: goCafe)
-> Chloe attempts: goCafe
-> Failed: you are already at the Cafe
Chloe (retry): "I'm already at the cafe! Since it's Day 3 and no one's working, I could just sit there and chat with Bob, or maybe grab a coffee. I don't feel like working yet." (Action: goCafe)
-> Chloe attempts: goCafe
-> Failed: you are already at the Cafe

--- Time: Day3 02:30 ---

Bob's turn (Cafe, $10):
Bob: "I'm still here with Chloe and Bob at the cafe. Maybe we should just keep enjoying the coffee for a bit longer." (Action: goCafe)
-> Bob attempts: goCafe
-> Failed: you are already at the Cafe
Bob (retry): "I'm still chatting with Chloe and Bob at the cafe. It's been a lovely coffee time so far." (Action: goCafe)
-> Bob attempts: goCafe
-> Failed: you are already at the Cafe

Alice's turn (Cafe, $10):
Alice: "I'm still here and happy to chat if you want to continue. Have a lovely day!" (Action: startConversation)
-> Alice attempts: startConversation
-> unknown action: startConversation
Alice (retry): "I'm still here and ready to chat if you'd like to continue. Have a lovely day!" (Action: startConversation)
-> Alice attempts: startConversation
-> unknown action: startConversation

Chloe's turn (Cafe, $10):
Chloe: "I'm already at the cafe! Since it's Day 3 and no one's working, I could just sit there and chat with Bob, or maybe grab a coffee. I don't feel like working yet." (Action: goCafe)
-> Chloe attempts: goCafe
-> Failed: you are already at the Cafe
Chloe (retry): "I'm already at the cafe! Since it's Day 3 and no one's working, I could just sit there and chat with Bob, or maybe grab a coffee. I don't feel like working yet." (Action: goCafe)
-> Chloe attempts: goCafe
-> Failed: you are already at the Cafe

--- Time: Day3 03:00 ---

Bob's turn (Cafe, $10):
Bob: "I'm still here with Chloe and Bob at the cafe. Maybe we should just keep enjoying the coffee for a bit longer." (Action: goCafe)
-> Bob attempts: goCafe
-> Failed: you are already at the Cafe
Bob (retry): "I'm still chatting with Chloe and Bob at the cafe. It's been a lovely coffee time so far." (Action: goCafe)
-> Bob attempts: goCafe
-> Failed: you are already at the Cafe

Alice's turn (Cafe, $10):
Alice: "I'm still here and happy to chat if you want to continue. Have a lovely day!" (Action: startConversation)
-> Alice attempts: startConversation
-> unknown action: startConversation
Alice (retry): "I'm still here and ready to chat if you'd like to continue. Have a lovely day!" (Action: startConversation)
-> Alice attempts: startConversation
-> unknown action: startConversation

Chloe's turn (Cafe, $10):
Chloe: "I'm already at the cafe! Since it's Day 3 and no one's working, I could just sit there and chat with Bob, or maybe grab a coffee. I don't feel like working yet." (Action: goCafe)
-> Chloe attempts: goCafe
-> Failed: you are already at the Cafe
Chloe (retry): "I'm already at the cafe! Since it's Day 3 and no one's working, I could just sit there and chat with Bob, or maybe grab a coffee. I don't feel like working yet." (Action: goCafe)
-> Chloe attempts: goCafe
-> Failed: you are already at the Cafe

--- Time: Day3 03:30 ---

Bob's turn (Cafe, $10):
Bob: "I'm still here with Chloe and Bob at the cafe. Maybe we should just keep enjoying the coffee for a bit longer." (Action: goCafe)
-> Bob attempts: goCafe
-> Failed: you are already at the Cafe
Bob (retry): "I'm still chatting with Chloe and Bob at the cafe. It's been a lovely coffee time so far." (Action: goCafe)
-> Bob attempts: goCafe
-> Failed: you are already at the Cafe

Alice's turn (Cafe, $10):
Alice: "I'm still here and happy to chat if you want to continue. Have a lovely day!" (Action: startConversation)
-> Alice attempts: startConversation
-> unknown action: startConversation
Alice (retry): "I'm still here and ready to chat if you'd like to continue. Have a lovely day!" (Action: startConversation)
-> Alice attempts: startConversation
-> unknown action: startConversation

Chloe's turn (Cafe, $10):
Chloe: "I'm already at the cafe! Since it's Day 3 and no one's working, I could just sit there and chat with Bob, or maybe grab a coffee. I don't feel like working yet." (Action: goCafe)
-> Chloe attempts: goCafe
-> Failed: you are already at the Cafe
Chloe (retry): "I'm already at the cafe! Since it's Day 3 and no one's working, I could just sit there and chat with Bob, or maybe grab a coffee. I don't feel like working yet." (Action: goCafe)
-> Chloe attempts: goCafe
-> Failed: you are already at the Cafe

--- Time: Day3 04:00 ---

Bob's turn (Cafe, $10):
Bob: "I'm still here with Chloe and Bob at the cafe. Maybe we should just keep enjoying the coffee for a bit longer." (Action: goCafe)
-> Bob attempts: goCafe
-> Failed: you are already at the Cafe
Bob (retry): "I'm still chatting with Chloe and Bob at the cafe. It's been a lovely coffee time so far." (Action: goCafe)
-> Bob attempts: goCafe
-> Failed: you are already at the Cafe

Alice's turn (Cafe, $10):
Alice: "I'm still here and happy to chat if you want to continue. Have a lovely day!" (Action: startConversation)
-> Alice attempts: startConversation
-> unknown action: startConversation
Alice (retry): "I'm still here and ready to chat if you'd like to continue. Have a lovely day!" (Action: startConversation)
-> Alice attempts: startConversation
-> unknown action: startConversation

Chloe's turn (Cafe, $10):
Chloe: "I'm already at the cafe! Since it's Day 3 and no one's working, I could just sit there and chat with Bob, or maybe grab a coffee. I don't feel like working yet." (Action: goCafe)
-> Chloe attempts: goCafe
-> Failed: you are already at the Cafe
Chloe (retry): "I'm already at the cafe! Since it's Day 3 and no one's working, I could just sit there and chat with Bob, or maybe grab a coffee. I don't feel like working yet." (Action: goCafe)
-> Chloe attempts: goCafe
-> Failed: you are already at the Cafe

--- Time: Day3 04:30 ---

Bob's turn (Cafe, $10):
Bob: "I'm still here with Chloe and Bob at the cafe. Maybe we should just keep enjoying the coffee for a bit longer." (Action: goCafe)
-> Bob attempts: goCafe
-> Failed: you are already at the Cafe
Bob (retry): "I'm still chatting with Chloe and Bob at the cafe. It's been a lovely coffee time so far." (Action: goCafe)
-> Bob attempts: goCafe
-> Failed: you are already at the Cafe

Alice's turn (Cafe, $10):
Alice: "I'm still here and happy to chat if you want to continue. Have a lovely day!" (Action: startConversation)
-> Alice attempts: startConversation
-> unknown action: startConversation
Alice (retry): "I'm still here and ready to chat if you'd like to continue. Have a lovely day!" (Action: startConversation)
-> Alice attempts: startConversation
-> unknown action: startConversation

Chloe's turn (Cafe, $10):
Chloe: "I'm already at the cafe! Since it's Day 3 and no one's working, I could just sit there and chat with Bob, or maybe grab a coffee. I don't feel like working yet." (Action: goCafe)
-> Chloe attempts: goCafe
-> Failed: you are already at the Cafe
Chloe (retry): "I'm already at the cafe! Since it's Day 3 and no one's working, I could just sit there and chat with Bob, or maybe grab a coffee. I don't feel like working yet." (Action: goCafe)
-> Chloe attempts: goCafe
-> Failed: you are already at the Cafe

--- Time: Day3 05:00 ---

Bob's turn (Cafe, $10):
Bob: "I'm still here with Chloe and Bob at the cafe. Maybe we should just keep enjoying the coffee for a bit longer." (Action: goCafe)
-> Bob attempts: goCafe
-> Failed: you are already at the Cafe
Bob (retry): "I'm still chatting with Chloe and Bob at the cafe. It's been a lovely coffee time so far." (Action: goCafe)
-> Bob attempts: goCafe
-> Failed: you are already at the Cafe

Alice's turn (Cafe, $10):
Alice: "I'm still here and happy to chat if you want to continue. Have a lovely day!" (Action: startConversation)
-> Alice attempts: startConversation
-> unknown action: startConversation
Alice (retry): "I'm still here and ready to chat if you'd like to continue. Have a lovely day!" (Action: startConversation)
-> Alice attempts: startConversation
-> unknown action: startConversation

Chloe's turn (Cafe, $10):
Chloe: "I'm already at the cafe! Since it's Day 3 and no one's working, I could just sit there and chat with Bob, or maybe grab a coffee. I don't feel like working yet." (Action: goCafe)
-> Chloe attempts: goCafe
-> Failed: you are already at the Cafe
Chloe (retry): "I'm already at the cafe! Since it's Day 3 and no one's working, I could just sit there and chat with Bob, or maybe grab a coffee. I don't feel like working yet." (Action: goCafe)
-> Chloe attempts: goCafe
-> Failed: you are already at the Cafe

--- Time: Day3 05:30 ---

Bob's turn (Cafe, $10):
Bob: "I'm still here with Chloe and Bob at the cafe. Maybe we should just keep enjoying the coffee for a bit longer." (Action: goCafe)
-> Bob attempts: goCafe
-> Failed: you are already at the Cafe
Bob (retry): "I'm still chatting with Chloe and Bob at the cafe. It's been a lovely coffee time so far." (Action: goCafe)
-> Bob attempts: goCafe
-> Failed: you are already at the Cafe

Alice's turn (Cafe, $10):
Alice: "I'm still here and happy to chat if you want to continue. Have a lovely day!" (Action: startConversation)
-> Alice attempts: startConversation
-> unknown action: startConversation
Alice (retry): "I'm still here and ready to chat if you'd like to continue. Have a lovely day!" (Action: startConversation)
-> Alice attempts: startConversation
-> unknown action: startConversation

Chloe's turn (Cafe, $10):
Chloe: "I'm already at the cafe! Since it's Day 3 and no one's working, I could just sit there and chat with Bob, or maybe grab a coffee. I don't feel like working yet." (Action: goCafe)
-> Chloe attempts: goCafe
-> Failed: you are already at the Cafe
Chloe (retry): "I'm already at the cafe! Since it's Day 3 and no one's working, I could just sit there and chat with Bob, or maybe grab a coffee. I don't feel like working yet." (Action: goCafe)
-> Chloe attempts: goCafe
-> Failed: you are already at the Cafe

--- Time: Day3 06:00 ---

Bob's turn (Cafe, $10):
Bob: "I'm still here with Chloe and Bob at the cafe. Maybe we should just keep enjoying the coffee for a bit longer." (Action: goCafe)
-> Bob attempts: goCafe
-> Failed: you are already at the Cafe
Bob (retry): "I'm still chatting with Chloe and Bob at the cafe. It's been a lovely coffee time so far." (Action: goCafe)
-> Bob attempts: goCafe
-> Failed: you are already at the Cafe

Alice's turn (Cafe, $10):
Alice: "I'm still here and happy to chat if you want to continue. Have a lovely day!" (Action: startConversation)
-> Alice attempts: startConversation
-> unknown action: startConversation
Alice (retry): "I'm still here and ready to chat if you'd like to continue. Have a lovely day!" (Action: startConversation)
-> Alice attempts: startConversation
-> unknown action: startConversation

Chloe's turn (Cafe, $10):
Chloe: "I'm already at the cafe! Since it's Day 3 and no one's working, I could just sit there and chat with Bob, or maybe grab a coffee. I don't feel like working yet." (Action: goCafe)
-> Chloe attempts: goCafe
-> Failed: you are already at the Cafe
Chloe (retry): "I'm already at the cafe! Since it's Day 3 and no one's working, I could just sit there and chat with Bob, or maybe grab a coffee. I don't feel like working yet." (Action: goCafe)
-> Chloe attempts: goCafe
-> Failed: you are already at the Cafe

--- Time: Day3 06:30 ---

Bob's turn (Cafe, $10):
Bob: "I'm still here with Chloe and Bob at the cafe. Maybe we should just keep enjoying the coffee for a bit longer." (Action: goCafe)
-> Bob attempts: goCafe
-> Failed: you are already at the Cafe
Bob (retry): "I'm still chatting with Chloe and Bob at the cafe. It's been a lovely coffee time so far." (Action: goCafe)
-> Bob attempts: goCafe
-> Failed: you are already at the Cafe

Alice's turn (Cafe, $10):
Alice: "I'm still here and happy to chat if you want to continue. Have a lovely day!" (Action: startConversation)
-> Alice attempts: startConversation
-> unknown action: startConversation
Alice (retry): "I'm still here and ready to chat if you'd like to continue. Have a lovely day!" (Action: startConversation)
-> Alice attempts: startConversation
-> unknown action: startConversation

Chloe's turn (Cafe, $10):
Chloe: "I'm already at the cafe! Since it's Day 3 and no one's working, I could just sit there and chat with Bob, or maybe grab a coffee. I don't feel like working yet." (Action: goCafe)
-> Chloe attempts: goCafe
-> Failed: you are already at the Cafe
Chloe (retry): "I'm already at the cafe! Since it's Day 3 and no one's working, I could just sit there and chat with Bob, or maybe grab a coffee. I don't feel like working yet." (Action: goCafe)
-> Chloe attempts: goCafe
-> Failed: you are already at the Cafe

--- Time: Day3 07:00 ---

Bob's turn (Cafe, $10):
Bob: "I'm still here with Chloe and Bob at the cafe. Maybe we should just keep enjoying the coffee for a bit longer." (Action: goCafe)
-> Bob attempts: goCafe
-> Failed: you are already at the Cafe
Bob (retry): "I'm still chatting with Chloe and Bob at the cafe. It's been a lovely coffee time so far." (Action: goCafe)
-> Bob attempts: goCafe
-> Failed: you are already at the Cafe

Alice's turn (Cafe, $10):
Alice: "I'm still here and happy to chat if you want to continue. Have a lovely day!" (Action: startConversation)
-> Alice attempts: startConversation
-> unknown action: startConversation
Alice (retry): "I'm still here and ready to chat if you'd like to continue. Have a lovely day!" (Action: startConversation)
-> Alice attempts: startConversation
-> unknown action: startConversation

Chloe's turn (Cafe, $10):
Chloe: "I'm already at the cafe! Since it's Day 3 and no one's working, I could just sit there and chat with Bob, or maybe grab a coffee. I don't feel like working yet." (Action: goCafe)
-> Chloe attempts: goCafe
-> Failed: you are already at the Cafe
Chloe (retry): "I'm already at the cafe! Since it's Day 3 and no one's working, I could just sit there and chat with Bob, or maybe grab a coffee. I don't feel like working yet." (Action: goCafe)
-> Chloe attempts: goCafe
-> Failed: you are already at the Cafe

--- Time: Day3 07:30 ---

Bob's turn (Cafe, $10):
Bob: "I'm still here with Chloe and Bob at the cafe. Maybe we should just keep enjoying the coffee for a bit longer." (Action: goCafe)
-> Bob attempts: goCafe
-> Failed: you are already at the Cafe
Bob (retry): "I'm still chatting with Chloe and Bob at the cafe. It's been a lovely coffee time so far." (Action: goCafe)
-> Bob attempts: goCafe
-> Failed: you are already at the Cafe

Alice's turn (Cafe, $10):
Alice: "I'm still here and happy to chat if you want to continue. Have a lovely day!" (Action: startConversation)
-> Alice attempts: startConversation
-> unknown action: startConversation
Alice (retry): "I'm still here and ready to chat if you'd like to continue. Have a lovely day!" (Action: startConversation)
-> Alice attempts: startConversation
-> unknown action: startConversation

Chloe's turn (Cafe, $10):
Chloe: "I'm already at the cafe! Since it's Day 3 and no one's working, I could just sit there and chat with Bob, or maybe grab a coffee. I don't feel like working yet." (Action: goCafe)
-> Chloe attempts: goCafe
-> Failed: you are already at the Cafe
Chloe (retry): "I'm already at the cafe! Since it's Day 3 and no one's working, I could just sit there and chat with Bob, or maybe grab a coffee. I don't feel like working yet." (Action: goCafe)
-> Chloe attempts: goCafe
-> Failed: you are already at the Cafe

--- Time: Day3 08:00 ---

Bob's turn (Cafe, $10):
Bob: "I'm still here with Chloe and Bob at the cafe. Maybe we should just keep enjoying the coffee for a bit longer." (Action: goCafe)
-> Bob attempts: goCafe
-> Failed: you are already at the Cafe
Bob (retry): "I'm still chatting with Chloe and Bob at the cafe. It's been a lovely coffee time so far." (Action: goCafe)
-> Bob attempts: goCafe
-> Failed: you are already at the Cafe

Alice's turn (Cafe, $10):
Alice: "I'm still here and happy to chat if you want to continue. Have a lovely day!" (Action: startConversation)
-> Alice attempts: startConversation
-> unknown action: startConversation
Alice (retry): "I'm still here and ready to chat if you'd like to continue. Have a lovely day!" (Action: startConversation)
-> Alice attempts: startConversation
-> unknown action: startConversation

Chloe's turn (Cafe, $10):
Chloe: "I'm already at the cafe! Since it's Day 3 and no one's working, I could just sit there and chat with Bob, or maybe grab a coffee. I don't feel like working yet." (Action: goCafe)
-> Chloe attempts: goCafe
-> Failed: you are already at the Cafe
Chloe (retry): "I'm already at the cafe! Since it's Day 3 and no one's working, I could just sit there and chat with Bob, or maybe grab a coffee. I don't feel like working yet." (Action: goCafe)
-> Chloe attempts: goCafe
-> Failed: you are already at the Cafe

--- Time: Day3 08:30 ---

Bob's turn (Cafe, $10):
Bob: "I'm still here with Chloe and Bob at the cafe. Maybe we should just keep enjoying the coffee for a bit longer." (Action: goCafe)
-> Bob attempts: goCafe
-> Failed: you are already at the Cafe
Bob (retry): "I'm still chatting with Chloe and Bob at the cafe. It's been a lovely coffee time so far." (Action: goCafe)
-> Bob attempts: goCafe
-> Failed: you are already at the Cafe

Alice's turn (Cafe, $10):
Alice: "I'm still here and happy to chat if you want to continue. Have a lovely day!" (Action: startConversation)
-> Alice attempts: startConversation
-> unknown action: startConversation
Alice (retry): "I'm still here and ready to chat if you'd like to continue. Have a lovely day!" (Action: startConversation)
-> Alice attempts: startConversation
-> unknown action: startConversation

Chloe's turn (Cafe, $10):
Chloe: "I'm already at the cafe! Since it's Day 3 and no one's working, I could just sit there and chat with Bob, or maybe grab a coffee. I don't feel like working yet." (Action: goCafe)
-> Chloe attempts: goCafe
-> Failed: you are already at the Cafe
Chloe (retry): "I'm already at the cafe! Since it's Day 3 and no one's working, I could just sit there and chat with Bob, or maybe grab a coffee. I don't feel like working yet." (Action: goCafe)
-> Chloe attempts: goCafe
-> Failed: you are already at the Cafe

--- Time: Day3 09:00 ---

Bob's turn (Cafe, $10):
Bob: "I'm still here with Chloe and Bob at the cafe. Maybe we should just keep enjoying the coffee for a bit longer." (Action: goCafe)
-> Bob attempts: goCafe
-> Failed: you are already at the Cafe
Bob (retry): "I'm still chatting with Chloe and Bob at the cafe. It's been a lovely coffee time so far." (Action: goCafe)
-> Bob attempts: goCafe
-> Failed: you are already at the Cafe

Alice's turn (Cafe, $10):
Alice: "I'm still here and happy to chat if you want to continue. Have a lovely day!" (Action: startConversation)
-> Alice attempts: startConversation
-> unknown action: startConversation
Alice (retry): "I'm still here and ready to chat if you'd like to continue. Have a lovely day!" (Action: startConversation)
-> Alice attempts: startConversation
-> unknown action: startConversation

Chloe's turn (Cafe, $10):
Chloe: "I'm already at the cafe! Since it's Day 3 and no one's working, I could just sit there and chat with Bob, or maybe grab a coffee. I don't feel like working yet." (Action: goCafe)
-> Chloe attempts: goCafe
-> Failed: you are already at the Cafe
Chloe (retry): "I'm already at the cafe! Since it's Day 3 and no one's working, I could just sit there and chat with Bob, or maybe grab a coffee. I don't feel like working yet." (Action: goCafe)
-> Chloe attempts: goCafe
-> Failed: you are already at the Cafe

--- Time: Day3 09:30 ---

Bob's turn (Cafe, $10):
Bob: "I'm still here with Chloe and Bob at the cafe. Maybe we should just keep enjoying the coffee for a bit longer." (Action: goCafe)
-> Bob attempts: goCafe
-> Failed: you are already at the Cafe
Bob (retry): "I'm still chatting with Chloe and Bob at the cafe. It's been a lovely coffee time so far." (Action: goCafe)
-> Bob attempts: goCafe
-> Failed: you are already at the Cafe

Alice's turn (Cafe, $10):
Alice: "I'm still here and happy to chat if you want to continue. Have a lovely day!" (Action: startConversation)
-> Alice attempts: startConversation
-> unknown action: startConversation
Alice (retry): "I'm still here and ready to chat if you'd like to continue. Have a lovely day!" (Action: startConversation)
-> Alice attempts: startConversation
-> unknown action: startConversation

Chloe's turn (Cafe, $10):
Chloe: "I'm already at the cafe! Since it's Day 3 and no one's working, I could just sit there and chat with Bob, or maybe grab a coffee. I don't feel like working yet." (Action: goCafe)
-> Chloe attempts: goCafe
-> Failed: you are already at the Cafe
Chloe (retry): "I'm already at the cafe! Since it's Day 3 and no one's working, I could just sit there and chat with Bob, or maybe grab a coffee. I don't feel like working yet." (Action: goCafe)
-> Chloe attempts: goCafe
-> Failed: you are already at the Cafe

--- Time: Day3 10:00 ---

Bob's turn (Cafe, $10):
Bob: "I'm still here with Chloe and Bob at the cafe. Maybe we should just keep enjoying the coffee for a bit longer." (Action: goCafe)
-> Bob attempts: goCafe
-> Failed: you are already at the Cafe
Bob (retry): "I'm still chatting with Chloe and Bob at the cafe. It's been a lovely coffee time so far." (Action: goCafe)
-> Bob attempts: goCafe
-> Failed: you are already at the Cafe

Alice's turn (Cafe, $10):
Alice: "I'm still here and happy to chat if you want to continue. Have a lovely day!" (Action: startConversation)
-> Alice attempts: startConversation
-> unknown action: startConversation
Alice (retry): "I'm still here and ready to chat if you'd like to continue. Have a lovely day!" (Action: startConversation)
-> Alice attempts: startConversation
-> unknown action: startConversation

Chloe's turn (Cafe, $10):
Chloe: "I'm already at the cafe! Since it's Day 3 and no one's working, I could just sit there and chat with Bob, or maybe grab a coffee. I don't feel like working yet." (Action: goCafe)
-> Chloe attempts: goCafe
-> Failed: you are already at the Cafe
Chloe (retry): "I'm already at the cafe! Since it's Day 3 and no one's working, I could just sit there and chat with Bob, or maybe grab a coffee. I don't feel like working yet." (Action: goCafe)
-> Chloe attempts: goCafe
-> Failed: you are already at the Cafe

--- Time: Day3 10:30 ---

Bob's turn (Cafe, $10):
Bob: "I'm still here with Chloe and Bob at the cafe. Maybe we should just keep enjoying the coffee for a bit longer." (Action: goCafe)
-> Bob attempts: goCafe
-> Failed: you are already at the Cafe
Bob (retry): "I'm still chatting with Chloe and Bob at the cafe. It's been a lovely coffee time so far." (Action: goCafe)
-> Bob attempts: goCafe
-> Failed: you are already at the Cafe

Alice's turn (Cafe, $10):
Alice: "I'm still here and happy to chat if you want to continue. Have a lovely day!" (Action: startConversation)
-> Alice attempts: startConversation
-> unknown action: startConversation
Alice (retry): "I'm still here and ready to chat if you'd like to continue. Have a lovely day!" (Action: startConversation)
-> Alice attempts: startConversation
-> unknown action: startConversation

Chloe's turn (Cafe, $10):
Chloe: "I'm already at the cafe! Since it's Day 3 and no one's working, I could just sit there and chat with Bob, or maybe grab a coffee. I don't feel like working yet." (Action: goCafe)
-> Chloe attempts: goCafe
-> Failed: you are already at the Cafe
Chloe (retry): "I'm already at the cafe! Since it's Day 3 and no one's working, I could just sit there and chat with Bob, or maybe grab a coffee. I don't feel like working yet." (Action: goCafe)
-> Chloe attempts: goCafe
-> Failed: you are already at the Cafe

--- Time: Day3 11:00 ---

Bob's turn (Cafe, $10):
Bob: "I'm still here with Chloe and Bob at the cafe. Maybe we should just keep enjoying the coffee for a bit longer." (Action: goCafe)
-> Bob attempts: goCafe
-> Failed: you are already at the Cafe
Bob (retry): "I'm still chatting with Chloe and Bob at the cafe. It's been a lovely coffee time so far." (Action: goCafe)
-> Bob attempts: goCafe
-> Failed: you are already at the Cafe

Alice's turn (Cafe, $10):
Alice: "I'm still here and happy to chat if you want to continue. Have a lovely day!" (Action: startConversation)
-> Alice attempts: startConversation
-> unknown action: startConversation
Alice (retry): "I'm still here and ready to chat if you'd like to continue. Have a lovely day!" (Action: startConversation)
-> Alice attempts: startConversation
-> unknown action: startConversation

Chloe's turn (Cafe, $10):
Chloe: "I'm already at the cafe! Since it's Day 3 and no one's working, I could just sit there and chat with Bob, or maybe grab a coffee. I don't feel like working yet." (Action: goCafe)
-> Chloe attempts: goCafe
-> Failed: you are already at the Cafe
Chloe (retry): "I'm already at the cafe! Since it's Day 3 and no one's working, I could just sit there and chat with Bob, or maybe grab a coffee. I don't feel like working yet." (Action: goCafe)
-> Chloe attempts: goCafe
-> Failed: you are already at the Cafe

--- Time: Day3 11:30 ---

Bob's turn (Cafe, $10):
Bob: "I'm still here with Chloe and Bob at the cafe. Maybe we should just keep enjoying the coffee for a bit longer." (Action: goCafe)
-> Bob attempts: goCafe
-> Failed: you are already at the Cafe
Bob (retry): "I'm still chatting with Chloe and Bob at the cafe. It's been a lovely coffee time so far." (Action: goCafe)
-> Bob attempts: goCafe
-> Failed: you are already at the Cafe

Alice's turn (Cafe, $10):
Alice: "I'm still here and happy to chat if you want to continue. Have a lovely day!" (Action: startConversation)
-> Alice attempts: startConversation
-> unknown action: startConversation
Alice (retry): "I'm still here and ready to chat if you'd like to continue. Have a lovely day!" (Action: startConversation)
-> Alice attempts: startConversation
-> unknown action: startConversation

Chloe's turn (Cafe, $10):
Chloe: "I'm already at the cafe! Since it's Day 3 and no one's working, I could just sit there and chat with Bob, or maybe grab a coffee. I don't feel like working yet." (Action: goCafe)
-> Chloe attempts: goCafe
-> Failed: you are already at the Cafe
Chloe (retry): "I'm already at the cafe! Since it's Day 3 and no one's working, I could just sit there and chat with Bob, or maybe grab a coffee. I don't feel like working yet." (Action: goCafe)
-> Chloe attempts: goCafe
-> Failed: you are already at the Cafe

--- Time: Day3 12:00 ---

Bob's turn (Cafe, $10):
Bob: "I'm still here with Chloe and Bob at the cafe. Maybe we should just keep enjoying the coffee for a bit longer." (Action: goCafe)
-> Bob attempts: goCafe
-> Failed: you are already at the Cafe
Bob (retry): "I'm still chatting with Chloe and Bob at the cafe. It's been a lovely coffee time so far." (Action: goCafe)
-> Bob attempts: goCafe
-> Failed: you are already at the Cafe

Alice's turn (Cafe, $10):
Alice: "I'm still here and happy to chat if you want to continue. Have a lovely day!" (Action: startConversation)
-> Alice attempts: startConversation
-> unknown action: startConversation
Alice (retry): "I'm still here and ready to chat if you'd like to continue. Have a lovely day!" (Action: startConversation)
-> Alice attempts: startConversation
-> unknown action: startConversation

Chloe's turn (Cafe, $10):
Chloe: "I'm already at the cafe! Since it's Day 3 and no one's working, I could just sit there and chat with Bob, or maybe grab a coffee. I don't feel like working yet." (Action: goCafe)
-> Chloe attempts: goCafe
-> Failed: you are already at the Cafe
Chloe (retry): "I'm already at the cafe! Since it's Day 3 and no one's working, I could just sit there and chat with Bob, or maybe grab a coffee. I don't feel like working yet." (Action: goCafe)
-> Chloe attempts: goCafe
-> Failed: you are already at the Cafe

--- Time: Day3 12:30 ---

Bob's turn (Cafe, $10):
Bob: "I'm still here with Chloe and Bob at the cafe. Maybe we should just keep enjoying the coffee for a bit longer." (Action: goCafe)
-> Bob attempts: goCafe
-> Failed: you are already at the Cafe
Bob (retry): "I'm still chatting with Chloe and Bob at the cafe. It's been a lovely coffee time so far." (Action: goCafe)
-> Bob attempts: goCafe
-> Failed: you are already at the Cafe

Alice's turn (Cafe, $10):
Alice: "I'm still here and happy to chat if you want to continue. Have a lovely day!" (Action: startConversation)
-> Alice attempts: startConversation
-> unknown action: startConversation
Alice (retry): "I'm still here and ready to chat if you'd like to continue. Have a lovely day!" (Action: startConversation)
-> Alice attempts: startConversation
-> unknown action: startConversation

Chloe's turn (Cafe, $10):
Chloe: "I'm already at the cafe! Since it's Day 3 and no one's working, I could just sit there and chat with Bob, or maybe grab a coffee. I don't feel like working yet." (Action: goCafe)
-> Chloe attempts: goCafe
-> Failed: you are already at the Cafe
Chloe (retry): "I'm already at the cafe! Since it's Day 3 and no one's working, I could just sit there and chat with Bob, or maybe grab a coffee. I don't feel like working yet." (Action: goCafe)
-> Chloe attempts: goCafe
-> Failed: you are already at the Cafe

--- Time: Day3 13:00 ---

Bob's turn (Cafe, $10):
Bob: "I'm still here with Chloe and Bob at the cafe. Maybe we should just keep enjoying the coffee for a bit longer." (Action: goCafe)
-> Bob attempts: goCafe
-> Failed: you are already at the Cafe
Bob (retry): "I'm still chatting with Chloe and Bob at the cafe. It's been a lovely coffee time so far." (Action: goCafe)
-> Bob attempts: goCafe
-> Failed: you are already at the Cafe

Alice's turn (Cafe, $10):
Alice: "I'm still here and happy to chat if you want to continue. Have a lovely day!" (Action: startConversation)
-> Alice attempts: startConversation
-> unknown action: startConversation
Alice (retry): "I'm still here and ready to chat if you'd like to continue. Have a lovely day!" (Action: startConversation)
-> Alice attempts: startConversation
-> unknown action: startConversation

Chloe's turn (Cafe, $10):
Chloe: "I'm already at the cafe! Since it's Day 3 and no one's working, I could just sit there and chat with Bob, or maybe grab a coffee. I don't feel like working yet." (Action: goCafe)
-> Chloe attempts: goCafe
-> Failed: you are already at the Cafe
Chloe (retry): "I'm already at the cafe! Since it's Day 3 and no one's working, I could just sit there and chat with Bob, or maybe grab a coffee. I don't feel like working yet." (Action: goCafe)
-> Chloe attempts: goCafe
-> Failed: you are already at the Cafe

--- Time: Day3 13:30 ---

Bob's turn (Cafe, $10):
Bob: "I'm still here with Chloe and Bob at the cafe. Maybe we should just keep enjoying the coffee for a bit longer." (Action: goCafe)
-> Bob attempts: goCafe
-> Failed: you are already at the Cafe
Bob (retry): "I'm still chatting with Chloe and Bob at the cafe. It's been a lovely coffee time so far." (Action: goCafe)
-> Bob attempts: goCafe
-> Failed: you are already at the Cafe

Alice's turn (Cafe, $10):
Alice: "I'm still here and happy to chat if you want to continue. Have a lovely day!" (Action: startConversation)
-> Alice attempts: startConversation
-> unknown action: startConversation
Alice (retry): "I'm still here and ready to chat if you'd like to continue. Have a lovely day!" (Action: startConversation)
-> Alice attempts: startConversation
-> unknown action: startConversation

Chloe's turn (Cafe, $10):
Chloe: "I'm already at the cafe! Since it's Day 3 and no one's working, I could just sit there and chat with Bob, or maybe grab a coffee. I don't feel like working yet." (Action: goCafe)
-> Chloe attempts: goCafe
-> Failed: you are already at the Cafe
Chloe (retry): "I'm already at the cafe! Since it's Day 3 and no one's working, I could just sit there and chat with Bob, or maybe grab a coffee. I don't feel like working yet." (Action: goCafe)
-> Chloe attempts: goCafe
-> Failed: you are already at the Cafe

--- Time: Day3 14:00 ---

Bob's turn (Cafe, $10):
Bob: "I'm still here with Chloe and Bob at the cafe. Maybe we should just keep enjoying the coffee for a bit longer." (Action: goCafe)
-> Bob attempts: goCafe
-> Failed: you are already at the Cafe
Bob (retry): "I'm still chatting with Chloe and Bob at the cafe. It's been a lovely coffee time so far." (Action: goCafe)
-> Bob attempts: goCafe
-> Failed: you are already at the Cafe

Alice's turn (Cafe, $10):
Alice: "I'm still here and happy to chat if you want to continue. Have a lovely day!" (Action: startConversation)
-> Alice attempts: startConversation
-> unknown action: startConversation
Alice (retry): "I'm still here and ready to chat if you'd like to continue. Have a lovely day!" (Action: startConversation)
-> Alice attempts: startConversation
-> unknown action: startConversation

Chloe's turn (Cafe, $10):
Chloe: "I'm already at the cafe! Since it's Day 3 and no one's working, I could just sit there and chat with Bob, or maybe grab a coffee. I don't feel like working yet." (Action: goCafe)
-> Chloe attempts: goCafe
-> Failed: you are already at the Cafe
Chloe (retry): "I'm already at the cafe! Since it's Day 3 and no one's working, I could just sit there and chat with Bob, or maybe grab a coffee. I don't feel like working yet." (Action: goCafe)
-> Chloe attempts: goCafe
-> Failed: you are already at the Cafe

--- Time: Day3 14:30 ---

Bob's turn (Cafe, $10):
Bob: "I'm still here with Chloe and Bob at the cafe. Maybe we should just keep enjoying the coffee for a bit longer." (Action: goCafe)
-> Bob attempts: goCafe
-> Failed: you are already at the Cafe
Bob (retry): "I'm still chatting with Chloe and Bob at the cafe. It's been a lovely coffee time so far." (Action: goCafe)
-> Bob attempts: goCafe
-> Failed: you are already at the Cafe

Alice's turn (Cafe, $10):
Alice: "I'm still here and happy to chat if you want to continue. Have a lovely day!" (Action: startConversation)
-> Alice attempts: startConversation
-> unknown action: startConversation
Alice (retry): "I'm still here and ready to chat if you'd like to continue. Have a lovely day!" (Action: startConversation)
-> Alice attempts: startConversation
-> unknown action: startConversation

Chloe's turn (Cafe, $10):
Chloe: "I'm already at the cafe! Since it's Day 3 and no one's working, I could just sit there and chat with Bob, or maybe grab a coffee. I don't feel like working yet." (Action: goCafe)
-> Chloe attempts: goCafe
-> Failed: you are already at the Cafe
Chloe (retry): "I'm already at the cafe! Since it's Day 3 and no one's working, I could just sit there and chat with Bob, or maybe grab a coffee. I don't feel like working yet." (Action: goCafe)
-> Chloe attempts: goCafe
-> Failed: you are already at the Cafe

--- Time: Day3 15:00 ---

Bob's turn (Cafe, $10):
Bob: "I'm still here with Chloe and Bob at the cafe. Maybe we should just keep enjoying the coffee for a bit longer." (Action: goCafe)
-> Bob attempts: goCafe
-> Failed: you are already at the Cafe
Bob (retry): "I'm still chatting with Chloe and Bob at the cafe. It's been a lovely coffee time so far." (Action: goCafe)
-> Bob attempts: goCafe
-> Failed: you are already at the Cafe

Alice's turn (Cafe, $10):
Alice: "I'm still here and happy to chat if you want to continue. Have a lovely day!" (Action: startConversation)
-> Alice attempts: startConversation
-> unknown action: startConversation
Alice (retry): "I'm still here and ready to chat if you'd like to continue. Have a lovely day!" (Action: startConversation)
-> Alice attempts: startConversation
-> unknown action: startConversation

Chloe's turn (Cafe, $10):
Chloe: "I'm already at the cafe! Since it's Day 3 and no one's working, I could just sit there and chat with Bob, or maybe grab a coffee. I don't feel like working yet." (Action: goCafe)
-> Chloe attempts: goCafe
-> Failed: you are already at the Cafe
Chloe (retry): "I'm already at the cafe! Since it's Day 3 and no one's working, I could just sit there and chat with Bob, or maybe grab a coffee. I don't feel like working yet." (Action: goCafe)
-> Chloe attempts: goCafe
-> Failed: you are already at the Cafe

--- Time: Day3 15:30 ---

Bob's turn (Cafe, $10):
Bob: "I'm still here with Chloe and Bob at the cafe. Maybe we should just keep enjoying the coffee for a bit longer." (Action: goCafe)
-> Bob attempts: goCafe
-> Failed: you are already at the Cafe
Bob (retry): "I'm still chatting with Chloe and Bob at the cafe. It's been a lovely coffee time so far." (Action: goCafe)
-> Bob attempts: goCafe
-> Failed: you are already at the Cafe

Alice's turn (Cafe, $10):
Alice: "I'm still here and happy to chat if you want to continue. Have a lovely day!" (Action: startConversation)
-> Alice attempts: startConversation
-> unknown action: startConversation
Alice (retry): "I'm still here and ready to chat if you'd like to continue. Have a lovely day!" (Action: startConversation)
-> Alice attempts: startConversation
-> unknown action: startConversation

Chloe's turn (Cafe, $10):
Chloe: "I'm already at the cafe! Since it's Day 3 and no one's working, I could just sit there and chat with Bob, or maybe grab a coffee. I don't feel like working yet." (Action: goCafe)
-> Chloe attempts: goCafe
-> Failed: you are already at the Cafe
Chloe (retry): "I'm already at the cafe! Since it's Day 3 and no one's working, I could just sit there and chat with Bob, or maybe grab a coffee. I don't feel like working yet." (Action: goCafe)
-> Chloe attempts: goCafe
-> Failed: you are already at the Cafe

--- Time: Day3 16:00 ---

Bob's turn (Cafe, $10):
Bob: "I'm still here with Chloe and Bob at the cafe. Maybe we should just keep enjoying the coffee for a bit longer." (Action: goCafe)
-> Bob attempts: goCafe
-> Failed: you are already at the Cafe
Bob (retry): "I'm still chatting with Chloe and Bob at the cafe. It's been a lovely coffee time so far." (Action: goCafe)
-> Bob attempts: goCafe
-> Failed: you are already at the Cafe

Alice's turn (Cafe, $10):
Alice: "I'm still here and happy to chat if you want to continue. Have a lovely day!" (Action: startConversation)
-> Alice attempts: startConversation
-> unknown action: startConversation
Alice (retry): "I'm still here and ready to chat if you'd like to continue. Have a lovely day!" (Action: startConversation)
-> Alice attempts: startConversation
-> unknown action: startConversation

Chloe's turn (Cafe, $10):
Chloe: "I'm already at the cafe! Since it's Day 3 and no one's working, I could just sit there and chat with Bob, or maybe grab a coffee. I don't feel like working yet." (Action: goCafe)
-> Chloe attempts: goCafe
-> Failed: you are already at the Cafe
Chloe (retry): "I'm already at the cafe! Since it's Day 3 and no one's working, I could just sit there and chat with Bob, or maybe grab a coffee. I don't feel like working yet." (Action: goCafe)
-> Chloe attempts: goCafe
-> Failed: you are already at the Cafe

--- Time: Day3 16:30 ---

Bob's turn (Cafe, $10):
Bob: "I'm still here with Chloe and Bob at the cafe. Maybe we should just keep enjoying the coffee for a bit longer." (Action: goCafe)
-> Bob attempts: goCafe
-> Failed: you are already at the Cafe
Bob (retry): "I'm still chatting with Chloe and Bob at the cafe. It's been a lovely coffee time so far." (Action: goCafe)
-> Bob attempts: goCafe
-> Failed: you are already at the Cafe

Alice's turn (Cafe, $10):
Alice: "I'm still here and happy to chat if you want to continue. Have a lovely day!" (Action: startConversation)
-> Alice attempts: startConversation
-> unknown action: startConversation
Alice (retry): "I'm still here and ready to chat if you'd like to continue. Have a lovely day!" (Action: startConversation)
-> Alice attempts: startConversation
-> unknown action: startConversation

Chloe's turn (Cafe, $10):
Chloe: "I'm already at the cafe! Since it's Day 3 and no one's working, I could just sit there and chat with Bob, or maybe grab a coffee. I don't feel like working yet." (Action: goCafe)
-> Chloe attempts: goCafe
-> Failed: you are already at the Cafe
Chloe (retry): "I'm already at the cafe! Since it's Day 3 and no one's working, I could just sit there and chat with Bob, or maybe grab a coffee. I don't feel like working yet." (Action: goCafe)
-> Chloe attempts: goCafe
-> Failed: you are already at the Cafe

--- Time: Day3 17:00 ---

Bob's turn (Cafe, $10):
Bob: "I'm still here with Chloe and Bob at the cafe. Maybe we should just keep enjoying the coffee for a bit longer." (Action: goCafe)
-> Bob attempts: goCafe
-> Failed: you are already at the Cafe
Bob (retry): "I'm still chatting with Chloe and Bob at the cafe. It's been a lovely coffee time so far." (Action: goCafe)
-> Bob attempts: goCafe
-> Failed: you are already at the Cafe

Alice's turn (Cafe, $10):
Alice: "I'm still here and happy to chat if you want to continue. Have a lovely day!" (Action: startConversation)
-> Alice attempts: startConversation
-> unknown action: startConversation
Alice (retry): "I'm still here and ready to chat if you'd like to continue. Have a lovely day!" (Action: startConversation)
-> Alice attempts: startConversation
-> unknown action: startConversation

Chloe's turn (Cafe, $10):
Chloe: "I'm already at the cafe! Since it's Day 3 and no one's working, I could just sit there and chat with Bob, or maybe grab a coffee. I don't feel like working yet." (Action: goCafe)
-> Chloe attempts: goCafe
-> Failed: you are already at the Cafe
Chloe (retry): "I'm already at the cafe! Since it's Day 3 and no one's working, I could just sit there and chat with Bob, or maybe grab a coffee. I don't feel like working yet." (Action: goCafe)
-> Chloe attempts: goCafe
-> Failed: you are already at the Cafe

--- Time: Day3 17:30 ---

Bob's turn (Cafe, $10):
Bob: "I'm still here with Chloe and Bob at the cafe. Maybe we should just keep enjoying the coffee for a bit longer." (Action: goCafe)
-> Bob attempts: goCafe
-> Failed: you are already at the Cafe
Bob (retry): "I'm still chatting with Chloe and Bob at the cafe. It's been a lovely coffee time so far." (Action: goCafe)
-> Bob attempts: goCafe
-> Failed: you are already at the Cafe

Alice's turn (Cafe, $10):
Alice: "I'm still here and happy to chat if you want to continue. Have a lovely day!" (Action: startConversation)
-> Alice attempts: startConversation
-> unknown action: startConversation
Alice (retry): "I'm still here and ready to chat if you'd like to continue. Have a lovely day!" (Action: startConversation)
-> Alice attempts: startConversation
-> unknown action: startConversation

Chloe's turn (Cafe, $10):
Chloe: "I'm already at the cafe! Since it's Day 3 and no one's working, I could just sit there and chat with Bob, or maybe grab a coffee. I don't feel like working yet." (Action: goCafe)
-> Chloe attempts: goCafe
-> Failed: you are already at the Cafe
Chloe (retry): "I'm already at the cafe! Since it's Day 3 and no one's working, I could just sit there and chat with Bob, or maybe grab a coffee. I don't feel like working yet." (Action: goCafe)
-> Chloe attempts: goCafe
-> Failed: you are already at the Cafe

--- Time: Day3 18:00 ---

Bob's turn (Cafe, $10):
Bob: "I'm still here with Chloe and Bob at the cafe. Maybe we should just keep enjoying the coffee for a bit longer." (Action: goCafe)
-> Bob attempts: goCafe
-> Failed: you are already at the Cafe
Bob (retry): "I'm still here with Chloe and Bob at the cafe. Maybe we should just keep enjoying the coffee for a bit longer." (Action: goCafe)
-> Bob attempts: goCafe
-> Failed: you are already at the Cafe

Alice's turn (Cafe, $10):
Alice: "I'm still here and happy to chat if you want to continue. Have a lovely day!" (Action: startConversation)
-> Alice attempts: startConversation
-> unknown action: startConversation
Alice (retry): "I'm still here and ready to chat if you'd like to continue. Have a lovely day!" (Action: startConversation)
-> Alice attempts: startConversation
-> unknown action: startConversation

Chloe's turn (Cafe, $10):
Chloe: "I'm already at the cafe! Since it's Day 3 and no one's working, I could just sit there and chat with Bob, or maybe grab a coffee. I don't feel like working yet." (Action: goCafe)
-> Chloe attempts: goCafe
-> Failed: you are already at the Cafe
Chloe (retry): "I'm already at the cafe! Since it's Day 3 and no one's working, I could just sit there and chat with Bob, or maybe grab a coffee. I don't feel like working yet." (Action: goCafe)
-> Chloe attempts: goCafe
-> Failed: you are already at the Cafe

--- Time: Day3 18:30 ---

Bob's turn (Cafe, $10):
Bob: "I'm still chatting with Chloe and Bob at the cafe. It's been a lovely coffee time so far." (Action: goCafe)
-> Bob attempts: goCafe
-> Failed: you are already at the Cafe
Bob (retry): "I'm still here with Chloe and Bob at the cafe. Maybe we should just keep enjoying the coffee for a bit longer." (Action: goCafe)
-> Bob attempts: goCafe
-> Failed: you are already at the Cafe

Alice's turn (Cafe, $10):
Alice: "I'm still here and happy to chat if you want to continue. Have a lovely day!" (Action: startConversation)
-> Alice attempts: startConversation
-> unknown action: startConversation
Alice (retry): "I'm still here and ready to chat if you'd like to continue. Have a lovely day!" (Action: startConversation)
-> Alice attempts: startConversation
-> unknown action: startConversation

Chloe's turn (Cafe, $10):
Chloe: "I'm already at the cafe! Since it's Day 3 and no one's working, I could just sit there and chat with Bob, or maybe grab a coffee. I don't feel like working yet." (Action: goCafe)
-> Chloe attempts: goCafe
-> Failed: you are already at the Cafe
Chloe (retry): "I'm already at the cafe! Since it's Day 3 and no one's working, I could just sit there and chat with Bob, or maybe grab a coffee. I don't feel like working yet." (Action: goCafe)
-> Chloe attempts: goCafe
-> Failed: you are already at the Cafe

--- Time: Day3 19:00 ---

Bob's turn (Cafe, $10):
Bob: "I'm still chatting with Chloe and Bob at the cafe. It's been a lovely coffee time so far." (Action: goCafe)
-> Bob attempts: goCafe
-> Failed: you are already at the Cafe
Bob (retry): "I'm still here with Chloe and Bob at the cafe. Maybe we should just keep enjoying the coffee for a bit longer." (Action: goCafe)
-> Bob attempts: goCafe
-> Failed: you are already at the Cafe

Alice's turn (Cafe, $10):
Alice: "I'm still here and happy to chat if you want to continue. Have a lovely day!" (Action: startConversation)
-> Alice attempts: startConversation
-> unknown action: startConversation
Alice (retry): "I'm still here and ready to chat if you'd like to continue. Have a lovely day!" (Action: startConversation)
-> Alice attempts: startConversation
-> unknown action: startConversation

Chloe's turn (Cafe, $10):
Chloe: "I'm already at the cafe! Since it's Day 3 and no one's working, I could just sit there and chat with Bob, or maybe grab a coffee. I don't feel like working yet." (Action: goCafe)
-> Chloe attempts: goCafe
-> Failed: you are already at the Cafe
Chloe (retry): "I'm already at the cafe! Since it's Day 3 and no one's working, I could just sit there and chat with Bob, or maybe grab a coffee. I don't feel like working yet." (Action: goCafe)
-> Chloe attempts: goCafe
-> Failed: you are already at the Cafe

--- Time: Day3 19:30 ---

Bob's turn (Cafe, $10):
Bob: "I'm still here with Chloe and Bob at the cafe. Maybe we should just keep enjoying the coffee for a bit longer." (Action: goCafe)
-> Bob attempts: goCafe
-> Failed: you are already at the Cafe
Bob (retry): "I'm still chatting with Chloe and Bob at the cafe. It's been a lovely coffee time so far." (Action: goCafe)
-> Bob attempts: goCafe
-> Failed: you are already at the Cafe

Alice's turn (Cafe, $10):
Alice: "I'm still here and happy to chat if you want to continue. Have a lovely day!" (Action: startConversation)
-> Alice attempts: startConversation
-> unknown action: startConversation
Alice (retry): "I'm still here and ready to chat if you'd like to continue. Have a lovely day!" (Action: startConversation)
-> Alice attempts: startConversation
-> unknown action: startConversation

Chloe's turn (Cafe, $10):
Chloe: "I'm already at the cafe! Since it's Day 3 and no one's working, I could just sit there and chat with Bob, or maybe grab a coffee. I don't feel like working yet." (Action: goCafe)
-> Chloe attempts: goCafe
-> Failed: you are already at the Cafe
Chloe (retry): "I'm already at the cafe! Since it's Day 3 and no one's working, I could just sit there and chat with Bob, or maybe grab a coffee. I don't feel like working yet." (Action: goCafe)
-> Chloe attempts: goCafe
-> Failed: you are already at the Cafe

--- Time: Day3 20:00 ---

Bob's turn (Cafe, $10):
Bob: "I'm still here with Chloe and Bob at the cafe. Maybe we should just keep enjoying the coffee for a bit longer." (Action: goCafe)
-> Bob attempts: goCafe
-> Failed: you are already at the Cafe
Bob (retry): "I'm still chatting with Chloe and Bob at the cafe. It's been a lovely coffee time so far." (Action: goCafe)
-> Bob attempts: goCafe
-> Failed: you are already at the Cafe

Alice's turn (Cafe, $10):
Alice: "I'm still here and happy to chat if you want to continue. Have a lovely day!" (Action: startConversation)
-> Alice attempts: startConversation
-> unknown action: startConversation
Alice (retry): "I'm still here and ready to chat if you'd like to continue. Have a lovely day!" (Action: startConversation)
-> Alice attempts: startConversation
-> unknown action: startConversation

Chloe's turn (Cafe, $10):
Chloe: "I'm already at the cafe! Since it's Day 3 and no one's working, I could just sit there and chat with Bob, or maybe grab a coffee. I don't feel like working yet." (Action: goCafe)
-> Chloe attempts: goCafe
-> Failed: you are already at the Cafe
Chloe (retry): "I'm already at the cafe! Since it's Day 3 and no one's working, I could just sit there and chat with Bob, or maybe grab a coffee. I don't feel like working yet." (Action: goCafe)
-> Chloe attempts: goCafe
-> Failed: you are already at the Cafe

--- Time: Day3 20:30 ---

Bob's turn (Cafe, $10):
Bob: "I'm still here with Chloe and Bob at the cafe. Maybe we should just keep enjoying the coffee for a bit longer." (Action: goCafe)
-> Bob attempts: goCafe
-> Failed: you are already at the Cafe
Bob (retry): "I'm still chatting with Chloe and Bob at the cafe. It's been a lovely coffee time so far." (Action: goCafe)
-> Bob attempts: goCafe
-> Failed: you are already at the Cafe

Alice's turn (Cafe, $10):
Alice: "I'm still here and happy to chat if you want to continue. Have a lovely day!" (Action: startConversation)
-> Alice attempts: startConversation
-> unknown action: startConversation
Alice (retry): "I'm still here and ready to chat if you'd like to continue. Have a lovely day!" (Action: startConversation)
-> Alice attempts: startConversation
-> unknown action: startConversation

Chloe's turn (Cafe, $10):
Chloe: "I'm already at the cafe! Since it's Day 3 and no one's working, I could just sit there and chat with Bob, or maybe grab a coffee. I don't feel like working yet." (Action: goCafe)
-> Chloe attempts: goCafe
-> Failed: you are already at the Cafe
Chloe (retry): "I'm already at the cafe! Since it's Day 3 and no one's working, I could just sit there and chat with Bob, or maybe grab a coffee. I don't feel like working yet." (Action: goCafe)
-> Chloe attempts: goCafe
-> Failed: you are already at the Cafe

--- Time: Day3 21:00 ---

Bob's turn (Cafe, $10):
Bob: "I'm still here with Chloe and Bob at the cafe. Maybe we should just keep enjoying the coffee for a bit longer." (Action: goCafe)
-> Bob attempts: goCafe
-> Failed: you are already at the Cafe
Bob (retry): "I'm still chatting with Chloe and Bob at the cafe. It's been a lovely coffee time so far." (Action: goCafe)
-> Bob attempts: goCafe
-> Failed: you are already at the Cafe

Alice's turn (Cafe, $10):
Alice: "It's late, but I'm still here and ready to chat if you want to continue. Have a lovely day!" (Action: startConversation)
-> Alice attempts: startConversation
-> unknown action: startConversation
Alice (retry): "I'm still here and happy to chat if you'd like to continue. Have a lovely day!" (Action: startConversation)
-> Alice attempts: startConversation
-> unknown action: startConversation

Chloe's turn (Cafe, $10):
Chloe: "I'm already at the cafe! Since it's Day 3 and no one's working, I could just sit there and chat with Bob, or maybe grab a coffee. I don't feel like working yet." (Action: goCafe)
-> Chloe attempts: goCafe
-> Failed: you are already at the Cafe
Chloe (retry): "I'm already at the cafe! Since it's Day 3 and no one's working, I could just sit there and chat with Bob, or maybe grab a coffee. I don't feel like working yet." (Action: goCafe)
-> Chloe attempts: goCafe
-> Failed: you are already at the Cafe

--- Time: Day3 21:30 ---

Bob's turn (Cafe, $10):
Bob: "I'm still here with Chloe and Bob at the cafe. Maybe we should just keep enjoying the coffee for a bit longer." (Action: goCafe)
-> Bob attempts: goCafe
-> Failed: you are already at the Cafe
Bob (retry): "I'm still chatting with Chloe and Bob at the cafe. It's been a lovely coffee time so far." (Action: goCafe)
-> Bob attempts: goCafe
-> Failed: you are already at the Cafe

Alice's turn (Cafe, $10):
Alice: "It's late, but I'm still here and ready to chat if you want to continue. Have a lovely day!" (Action: startConversation)
-> Alice attempts: startConversation
-> unknown action: startConversation
Alice (retry): "I'm still here and happy to chat if you'd like to continue. Have a lovely day!" (Action: startConversation)
-> Alice attempts: startConversation
-> unknown action: startConversation

Chloe's turn (Cafe, $10):
Chloe: "I'm already at the cafe! Since it's Day 3 and no one's working, I could just sit there and chat with Bob, or maybe grab a coffee. I don't feel like working yet." (Action: goCafe)
-> Chloe attempts: goCafe
-> Failed: you are already at the Cafe
Chloe (retry): "I'm already at the cafe! Since it's Day 3 and no one's working, I could just sit there and chat with Bob, or maybe grab a coffee. I don't feel like working yet." (Action: goCafe)
-> Chloe attempts: goCafe
-> Failed: you are already at the Cafe

--- Time: Day3 22:00 ---

Bob's turn (Cafe, $10):
Bob: "I'm still here with Chloe and Bob at the cafe. Maybe we should just keep enjoying the coffee for a bit longer." (Action: goCafe)
-> Bob attempts: goCafe
-> Failed: you are already at the Cafe
Bob (retry): "I'm still chatting with Chloe and Bob at the cafe. It's been a lovely coffee time so far." (Action: goCafe)
-> Bob attempts: goCafe
-> Failed: you are already at the Cafe

Alice's turn (Cafe, $10):
Alice: "It's late, but I'm still here and ready to chat if you want to continue. Have a lovely day!" (Action: startConversation)
-> Alice attempts: startConversation
-> unknown action: startConversation
Alice (retry): "I'm still here and happy to chat if you'd like to continue. Have a lovely day!" (Action: startConversation)
-> Alice attempts: startConversation
-> unknown action: startConversation

Chloe's turn (Cafe, $10):
Chloe: "I'm already at the cafe! Since it's Day 3 and no one's working, I could just sit there and chat with Bob, or maybe grab a coffee. I don't feel like working yet." (Action: goCafe)
-> Chloe attempts: goCafe
-> Failed: you are already at the Cafe
Chloe (retry): "I'm already at the cafe! Since it's Day 3 and no one's working, I could just sit there and chat with Bob, or maybe grab a coffee. I don't feel like working yet." (Action: goCafe)
-> Chloe attempts: goCafe
-> Failed: you are already at the Cafe

--- Time: Day3 22:30 ---

Bob's turn (Cafe, $10):
Bob: "I'm still here with Chloe and Bob at the cafe. Maybe we should just keep enjoying the coffee for a bit longer." (Action: goCafe)
-> Bob attempts: goCafe
-> Failed: you are already at the Cafe
Bob (retry): "I'm still chatting with Chloe and Bob at the cafe. It's been a lovely coffee time so far." (Action: goCafe)
-> Bob attempts: goCafe
-> Failed: you are already at the Cafe

Alice's turn (Cafe, $10):
Alice: "It's late, but I'm still here and ready to chat if you want to continue. Have a lovely day!" (Action: startConversation)
-> Alice attempts: startConversation
-> unknown action: startConversation
Alice (retry): "I'm still here and happy to chat if you'd like to continue. Have a lovely day!" (Action: startConversation)
-> Alice attempts: startConversation
-> unknown action: startConversation

Chloe's turn (Cafe, $10):
Chloe: "I'm already at the cafe! Since it's Day 3 and no one's working, I could just sit there and chat with Bob, or maybe grab a coffee. I don't feel like working yet." (Action: goCafe)
-> Chloe attempts: goCafe
-> Failed: you are already at the Cafe
Chloe (retry): "I'm already at the cafe! Since it's Day 3 and no one's working, I could just sit there and chat with Bob, or maybe grab a coffee. I don't feel like working yet." (Action: goCafe)
-> Chloe attempts: goCafe
-> Failed: you are already at the Cafe

--- Time: Day3 23:00 ---

Bob's turn (Cafe, $10):
Bob: "I'm still here with Chloe and Bob at the cafe. Maybe we should just keep enjoying the coffee for a bit longer." (Action: goCafe)
-> Bob attempts: goCafe
-> Failed: you are already at the Cafe
Bob (retry): "I'm still chatting with Chloe and Bob at the cafe. It's been a lovely coffee time so far." (Action: goCafe)
-> Bob attempts: goCafe
-> Failed: you are already at the Cafe

Alice's turn (Cafe, $10):
Alice: "It's late, but I'm still here and ready to chat if you want to continue. Have a lovely day!" (Action: startConversation)
-> Alice attempts: startConversation
-> unknown action: startConversation
Alice (retry): "I'm still here and happy to chat if you'd like to continue. Have a lovely day!" (Action: startConversation)
-> Alice attempts: startConversation
-> unknown action: startConversation

Chloe's turn (Cafe, $10):
Chloe: "I'm already at the cafe! Since it's Day 3 and no one's working, I could just sit there and chat with Bob, or maybe grab a coffee. I don't feel like working yet." (Action: goCafe)
-> Chloe attempts: goCafe
-> Failed: you are already at the Cafe
Chloe (retry): "I'm already at the cafe! Since it's Day 3 and no one's working, I could just sit there and chat with Bob, or maybe grab a coffee. I don't feel like working yet." (Action: goCafe)
-> Chloe attempts: goCafe
-> Failed: you are already at the Cafe

--- Time: Day3 23:30 ---

Bob's turn (Cafe, $10):
Bob: "I'm still here with Chloe and Bob at the cafe. Maybe we should just keep enjoying the coffee for a bit longer." (Action: goCafe)
-> Bob attempts: goCafe
-> Failed: you are already at the Cafe
Bob (retry): "I'm still chatting with Chloe and Bob at the cafe. It's been a lovely coffee time so far." (Action: goCafe)
-> Bob attempts: goCafe
-> Failed: you are already at the Cafe

Alice's turn (Cafe, $10):
Alice: "It's late, but I'm still here and ready to chat if you want to continue. Have a lovely day!" (Action: startConversation)
-> Alice attempts: startConversation
-> unknown action: startConversation
Alice (retry): "I'm still here and happy to chat if you'd like to continue. Have a lovely day!" (Action: startConversation)
-> Alice attempts: startConversation
-> unknown action: startConversation

Chloe's turn (Cafe, $10):
Chloe: "I'm already at the cafe! Since it's Day 3 and no one's working, I could just sit there and chat with Bob, or maybe grab a coffee. I don't feel like working yet." (Action: goCafe)
-> Chloe attempts: goCafe
-> Failed: you are already at the Cafe
Chloe (retry): "I'm already at the cafe! Since it's Day 3 and no one's working, I could just sit there and chat with Bob, or maybe grab a coffee. I don't feel like working yet." (Action: goCafe)
-> Chloe attempts: goCafe
-> Failed: you are already at the Cafe


========== DAY 4 ==========

--- Time: Day4 00:00 ---

Bob's turn (Cafe, $10):
Bob: "I'm still here with Chloe and Bob at the cafe. Maybe we should just keep enjoying the coffee for a bit longer." (Action: goCafe)
-> Bob attempts: goCafe
-> Failed: you are already at the Cafe
Bob (retry): "I'm still chatting with Chloe and Bob at the cafe. It's been a lovely coffee time so far." (Action: goCafe)
-> Bob attempts: goCafe
-> Failed: you are already at the Cafe

Alice's turn (Cafe, $10):
Alice: "It's late, but I'm still here and ready to chat if you want to continue. Have a lovely day!" (Action: startConversation)
-> Alice attempts: startConversation
-> unknown action: startConversation
Alice (retry): "I'm still here and happy to chat if you'd like to continue. Have a lovely day!" (Action: startConversation)
-> Alice attempts: startConversation
-> unknown action: startConversation

Chloe's turn (Cafe, $10):
Chloe: "I'm already at the cafe! Since it's Day 4 and no one's working, I could just sit there and chat with Bob, or maybe grab a coffee. I don't feel like working yet." (Action: goCafe)
-> Chloe attempts: goCafe
-> Failed: you are already at the Cafe
Chloe (retry): "I'm already at the cafe! Since it's Day 4 and no one's working, I could just sit there and chat with Bob, or maybe grab a coffee. I don't feel like working yet." (Action: goCafe)
-> Chloe attempts: goCafe
-> Failed: you are already at the Cafe

--- Time: Day4 00:30 ---

Bob's turn (Cafe, $10):
Bob: "I'm still here with Chloe and Bob at the cafe. Maybe we should just keep enjoying the coffee for a bit longer." (Action: goCafe)
-> Bob attempts: goCafe
-> Failed: you are already at the Cafe
Bob (retry): "I'm still chatting with Chloe and Bob at the cafe. It's been a lovely coffee time so far." (Action: goCafe)
-> Bob attempts: goCafe
-> Failed: you are already at the Cafe

Alice's turn (Cafe, $10):
Alice: "I'm still here and ready to chat if you'd like to continue. Have a lovely day!" (Action: startConversation)
-> Alice attempts: startConversation
-> unknown action: startConversation
Alice (retry): "I'm still here and happy to chat if you'd like to continue. Have a lovely day!" (Action: startConversation)
-> Alice attempts: startConversation
-> unknown action: startConversation

Chloe's turn (Cafe, $10):
Chloe: "I'm already at the cafe! Since it's Day 4 and no one's working, I could just sit there and chat with Bob, or maybe grab a coffee. I don't feel like working yet." (Action: goCafe)
-> Chloe attempts: goCafe
-> Failed: you are already at the Cafe
Chloe (retry): "I'm already at the cafe! Since it's Day 4 and no one's working, I could just sit there and chat with Bob, or maybe grab a coffee. I don't feel like working yet." (Action: goCafe)
-> Chloe attempts: goCafe
-> Failed: you are already at the Cafe

--- Time: Day4 01:00 ---

Bob's turn (Cafe, $10):
Bob: "I'm still here with Chloe and Bob at the cafe. Maybe we should just keep enjoying the coffee for a bit longer." (Action: goCafe)
-> Bob attempts: goCafe
-> Failed: you are already at the Cafe
Bob (retry): "I'm still chatting with Chloe and Bob at the cafe. It's been a lovely coffee time so far." (Action: goCafe)
-> Bob attempts: goCafe
-> Failed: you are already at the Cafe

Alice's turn (Cafe, $10):
Alice: "I'm still here and happy to chat if you want to continue. Have a lovely day!" (Action: startConversation)
-> Alice attempts: startConversation
-> unknown action: startConversation
Alice (retry): "I'm still here and happy to chat if you'd like to continue. Have a lovely day!" (Action: startConversation)
-> Alice attempts: startConversation
-> unknown action: startConversation

Chloe's turn (Cafe, $10):
Chloe: "I'm already at the cafe! Since it's Day 4 and no one's working, I could just sit there and chat with Bob, or maybe grab a coffee. I don't feel like working yet." (Action: goCafe)
-> Chloe attempts: goCafe
-> Failed: you are already at the Cafe
Chloe (retry): "I'm already at the cafe! Since it's Day 4 and no one's working, I could just sit there and chat with Bob, or maybe grab a coffee. I don't feel like working yet." (Action: goCafe)
-> Chloe attempts: goCafe
-> Failed: you are already at the Cafe

--- Time: Day4 01:30 ---

Bob's turn (Cafe, $10):
Bob: "I'm still here with Chloe and Bob at the cafe. Maybe we should just keep enjoying the coffee for a bit longer." (Action: goCafe)
-> Bob attempts: goCafe
-> Failed: you are already at the Cafe
Bob (retry): "I'm still chatting with Chloe and Bob at the cafe. It's been a lovely coffee time so far." (Action: goCafe)
-> Bob attempts: goCafe
-> Failed: you are already at the Cafe

Alice's turn (Cafe, $10):
Alice: "I'm still here and happy to chat if you'd like to continue. Have a lovely day!" (Action: startConversation)
-> Alice attempts: startConversation
-> unknown action: startConversation
Alice (retry): "I'm still here and ready to chat if you'd like to continue. Have a lovely day!" (Action: startConversation)
-> Alice attempts: startConversation
-> unknown action: startConversation

Chloe's turn (Cafe, $10):
Chloe: "I'm already at the cafe! Since it's Day 4 and no one's working, I could just sit there and chat with Bob, or maybe grab a coffee. I don't feel like working yet." (Action: goCafe)
-> Chloe attempts: goCafe
-> Failed: you are already at the Cafe
Chloe (retry): "I'm already at the cafe! Since it's Day 4 and no one's working, I could just sit there and chat with Bob, or maybe grab a coffee. I don't feel like working yet." (Action: goCafe)
-> Chloe attempts: goCafe
-> Failed: you are already at the Cafe

--- Time: Day4 02:00 ---

Bob's turn (Cafe, $10):
Bob: "I'm still here with Chloe and Bob at the cafe. Maybe we should just keep enjoying the coffee for a bit longer." (Action: goCafe)
-> Bob attempts: goCafe
-> Failed: you are already at the Cafe
Bob (retry): "I'm still chatting with Chloe and Bob at the cafe. It's been a lovely coffee time so far." (Action: goCafe)
-> Bob attempts: goCafe
-> Failed: you are already at the Cafe

Alice's turn (Cafe, $10):
Alice: "I'm still here and happy to chat if you'd like to continue. Have a lovely day!" (Action: startConversation)
-> Alice attempts: startConversation
-> unknown action: startConversation
Alice (retry): "I'm still here and happy to chat if you'd like to continue. Have a lovely day!" (Action: startConversation)
-> Alice attempts: startConversation
-> unknown action: startConversation

Chloe's turn (Cafe, $10):
Chloe: "I'm already at the cafe! Since it's Day 4 and no one's working, I could just sit there and chat with Bob, or maybe grab a coffee. I don't feel like working yet." (Action: goCafe)
-> Chloe attempts: goCafe
-> Failed: you are already at the Cafe
Chloe (retry): "I'm already at the cafe! Since it's Day 4 and no one's working, I could just sit there and chat with Bob, or maybe grab a coffee. I don't feel like working yet." (Action: goCafe)
-> Chloe attempts: goCafe
-> Failed: you are already at the Cafe

--- Time: Day4 02:30 ---

Bob's turn (Cafe, $10):
Bob: "I'm still here with Chloe and Bob at the cafe. Maybe we should just keep enjoying the coffee for a bit longer." (Action: goCafe)
-> Bob attempts: goCafe
-> Failed: you are already at the Cafe
Bob (retry): "I'm still chatting with Chloe and Bob at the cafe. It's been a lovely coffee time so far." (Action: goCafe)
-> Bob attempts: goCafe
-> Failed: you are already at the Cafe

Alice's turn (Cafe, $10):
Alice: "I'm still here and happy to chat if you'd like to continue. Have a lovely day!" (Action: startConversation)
-> Alice attempts: startConversation
-> unknown action: startConversation
Alice (retry): "I'm still here and happy to chat if you'd like to continue. Have a lovely day!" (Action: startConversation)
-> Alice attempts: startConversation
-> unknown action: startConversation

Chloe's turn (Cafe, $10):
Chloe: "I'm already at the cafe! Since it's Day 4 and no one's working, I could just sit there and chat with Bob, or maybe grab a coffee. I don't feel like working yet." (Action: goCafe)
-> Chloe attempts: goCafe
-> Failed: you are already at the Cafe
Chloe (retry): "I'm already at the cafe! Since it's Day 4 and no one's working, I could just sit there and chat with Bob, or maybe grab a coffee. I don't feel like working yet." (Action: goCafe)
-> Chloe attempts: goCafe
-> Failed: you are already at the Cafe

--- Time: Day4 03:00 ---

Bob's turn (Cafe, $10):
Bob: "I'm still here with Chloe and Bob at the cafe. Maybe we should just keep enjoying the coffee for a bit longer." (Action: goCafe)
-> Bob attempts: goCafe
-> Failed: you are already at the Cafe
Bob (retry): "I'm still chatting with Chloe and Bob at the cafe. It's been a lovely coffee time so far." (Action: goCafe)
-> Bob attempts: goCafe
-> Failed: you are already at the Cafe

Alice's turn (Cafe, $10):
Alice: "I'm still here and happy to chat if you'd like to continue. Have a lovely day!" (Action: startConversation)
-> Alice attempts: startConversation
-> unknown action: startConversation
Alice (retry): "I'm still here and happy to chat if you'd like to continue. Have a lovely day!" (Action: startConversation)
-> Alice attempts: startConversation
-> unknown action: startConversation

Chloe's turn (Cafe, $10):
Chloe: "I'm already at the cafe! Since it's Day 4 and no one's working, I could just sit there and chat with Bob, or maybe grab a coffee. I don't feel like working yet." (Action: goCafe)
-> Chloe attempts: goCafe
-> Failed: you are already at the Cafe
Chloe (retry): "I'm already at the cafe! Since it's Day 4 and no one's working, I could just sit there and chat with Bob, or maybe grab a coffee. I don't feel like working yet." (Action: goCafe)
-> Chloe attempts: goCafe
-> Failed: you are already at the Cafe

--- Time: Day4 03:30 ---

Bob's turn (Cafe, $10):
Bob: "I'm still here with Chloe and Bob at the cafe. Maybe we should just keep enjoying the coffee for a bit longer." (Action: goCafe)
-> Bob attempts: goCafe
-> Failed: you are already at the Cafe
Bob (retry): "I'm still chatting with Chloe and Bob at the cafe. It's been a lovely coffee time so far." (Action: goCafe)
-> Bob attempts: goCafe
-> Failed: you are already at the Cafe

Alice's turn (Cafe, $10):
Alice: "I'm still here and happy to chat if you'd like to continue. Have a lovely day!" (Action: startConversation)
-> Alice attempts: startConversation
-> unknown action: startConversation
Alice (retry): "I'm still here and happy to chat if you'd like to continue. Have a lovely day!" (Action: startConversation)
-> Alice attempts: startConversation
-> unknown action: startConversation

Chloe's turn (Cafe, $10):
Chloe: "I'm already at the cafe! Since it's Day 4 and no one's working, I could just sit there and chat with Bob, or maybe grab a coffee. I don't feel like working yet." (Action: goCafe)
-> Chloe attempts: goCafe
-> Failed: you are already at the Cafe
Chloe (retry): "I'm already at the cafe! Since it's Day 4 and no one's working, I could just sit there and chat with Bob, or maybe grab a coffee. I don't feel like working yet." (Action: goCafe)
-> Chloe attempts: goCafe
-> Failed: you are already at the Cafe

--- Time: Day4 04:00 ---

Bob's turn (Cafe, $10):
Bob: "I'm still here with Chloe and Bob at the cafe. Maybe we should just keep enjoying the coffee for a bit longer." (Action: goCafe)
-> Bob attempts: goCafe
-> Failed: you are already at the Cafe
Bob (retry): "I'm still chatting with Chloe and Bob at the cafe. It's been a lovely coffee time so far." (Action: goCafe)
-> Bob attempts: goCafe
-> Failed: you are already at the Cafe

Alice's turn (Cafe, $10):
Alice: "I'm still here and happy to chat if you'd like to continue. Have a lovely day!" (Action: startConversation)
-> Alice attempts: startConversation
-> unknown action: startConversation
Alice (retry): "I'm still here and happy to chat if you'd like to continue. Have a lovely day!" (Action: startConversation)
-> Alice attempts: startConversation
-> unknown action: startConversation

Chloe's turn (Cafe, $10):
Chloe: "I'm already at the cafe! Since it's Day 4 and no one's working, I could just sit there and chat with Bob, or maybe grab a coffee. I don't feel like working yet." (Action: goCafe)
-> Chloe attempts: goCafe
-> Failed: you are already at the Cafe
Chloe (retry): "I'm already at the cafe! Since it's Day 4 and no one's working, I could just sit there and chat with Bob, or maybe grab a coffee. I don't feel like working yet." (Action: goCafe)
-> Chloe attempts: goCafe
-> Failed: you are already at the Cafe

--- Time: Day4 04:30 ---

Bob's turn (Cafe, $10):
Bob: "I'm still here with Chloe and Bob at the cafe. Maybe we should just keep enjoying the coffee for a bit longer." (Action: goCafe)
-> Bob attempts: goCafe
-> Failed: you are already at the Cafe
Bob (retry): "I'm still chatting with Chloe and Bob at the cafe. It's been a lovely coffee time so far." (Action: goCafe)
-> Bob attempts: goCafe
-> Failed: you are already at the Cafe

Alice's turn (Cafe, $10):
Alice: "I'm still here and happy to chat if you'd like to continue. Have a lovely day!" (Action: startConversation)
-> Alice attempts: startConversation
-> unknown action: startConversation
Alice (retry): "I'm still here and happy to chat if you'd like to continue. Have a lovely day!" (Action: startConversation)
-> Alice attempts: startConversation
-> unknown action: startConversation

Chloe's turn (Cafe, $10):
Chloe: "I'm already at the cafe! Since it's Day 4 and no one's working, I could just sit there and chat with Bob, or maybe grab a coffee. I don't feel like working yet." (Action: goCafe)
-> Chloe attempts: goCafe
-> Failed: you are already at the Cafe
Chloe (retry): "I'm already at the cafe! Since it's Day 4 and no one's working, I could just sit there and chat with Bob, or maybe grab a coffee. I don't feel like working yet." (Action: goCafe)
-> Chloe attempts: goCafe
-> Failed: you are already at the Cafe

--- Time: Day4 05:00 ---

Bob's turn (Cafe, $10):
Bob: "I'm still here with Chloe and Bob at the cafe. Maybe we should just keep enjoying the coffee for a bit longer." (Action: goCafe)
-> Bob attempts: goCafe
-> Failed: you are already at the Cafe
Bob (retry): "I'm still chatting with Chloe and Bob at the cafe. It's been a lovely coffee time so far." (Action: goCafe)
-> Bob attempts: goCafe
-> Failed: you are already at the Cafe

Alice's turn (Cafe, $10):
Alice: "I'm still here and happy to chat if you'd like to continue. Have a lovely day!" (Action: startConversation)
-> Alice attempts: startConversation
-> unknown action: startConversation
Alice (retry): "I'm still here and happy to chat if you'd like to continue. Have a lovely day!" (Action: startConversation)
-> Alice attempts: startConversation
-> unknown action: startConversation

Chloe's turn (Cafe, $10):
Chloe: "I'm already at the cafe! Since it's Day 4 and no one's working, I could just sit there and chat with Bob, or maybe grab a coffee. I don't feel like working yet." (Action: goCafe)
-> Chloe attempts: goCafe
-> Failed: you are already at the Cafe
Chloe (retry): "I'm already at the cafe! Since it's Day 4 and no one's working, I could just sit there and chat with Bob, or maybe grab a coffee. I don't feel like working yet." (Action: goCafe)
-> Chloe attempts: goCafe
-> Failed: you are already at the Cafe

--- Time: Day4 05:30 ---

Bob's turn (Cafe, $10):
Bob: "I'm still here with Chloe and Bob at the cafe. Maybe we should just keep enjoying the coffee for a bit longer." (Action: goCafe)
-> Bob attempts: goCafe
-> Failed: you are already at the Cafe
Bob (retry): "I'm still chatting with Chloe and Bob at the cafe. It's been a lovely coffee time so far." (Action: goCafe)
-> Bob attempts: goCafe
-> Failed: you are already at the Cafe

Alice's turn (Cafe, $10):
Alice: "I'm still here and happy to chat if you'd like to continue. Have a lovely day!" (Action: startConversation)
-> Alice attempts: startConversation
-> unknown action: startConversation
Alice (retry): "I'm still here and happy to chat if you'd like to continue. Have a lovely day!" (Action: startConversation)
-> Alice attempts: startConversation
-> unknown action: startConversation

Chloe's turn (Cafe, $10):
Chloe: "I'm already at the cafe! Since it's Day 4 and no one's working, I could just sit there and chat with Bob, or maybe grab a coffee. I don't feel like working yet." (Action: goCafe)
-> Chloe attempts: goCafe
-> Failed: you are already at the Cafe
Chloe (retry): "I'm already at the cafe! Since it's Day 4 and no one's working, I could just sit there and chat with Bob, or maybe grab a coffee. I don't feel like working yet." (Action: goCafe)
-> Chloe attempts: goCafe
-> Failed: you are already at the Cafe

--- Time: Day4 06:00 ---

Bob's turn (Cafe, $10):
Bob: "I'm still here with Chloe and Bob at the cafe. Maybe we should just keep enjoying the coffee for a bit longer." (Action: goCafe)
-> Bob attempts: goCafe
-> Failed: you are already at the Cafe
Bob (retry): "I'm still chatting with Chloe and Bob at the cafe. It's been a lovely coffee time so far." (Action: goCafe)
-> Bob attempts: goCafe
-> Failed: you are already at the Cafe

Alice's turn (Cafe, $10):
Alice: "I'm still here and happy to chat if you'd like to continue. Have a lovely day!" (Action: startConversation)
-> Alice attempts: startConversation
-> unknown action: startConversation
Alice (retry): "I'm still here and happy to chat if you'd like to continue. Have a lovely day!" (Action: startConversation)
-> Alice attempts: startConversation
-> unknown action: startConversation

Chloe's turn (Cafe, $10):
Chloe: "I'm already at the cafe! Since it's Day 4 and no one's working, I could just sit there and chat with Bob, or maybe grab a coffee. I don't feel like working yet." (Action: goCafe)
-> Chloe attempts: goCafe
-> Failed: you are already at the Cafe
Chloe (retry): "I'm already at the cafe! Since it's Day 4 and no one's working, I could just sit there and chat with Bob, or maybe grab a coffee. I don't feel like working yet." (Action: goCafe)
-> Chloe attempts: goCafe
-> Failed: you are already at the Cafe

--- Time: Day4 06:30 ---

Bob's turn (Cafe, $10):
Bob: "I'm still here with Chloe and Bob at the cafe. Maybe we should just keep enjoying the coffee for a bit longer." (Action: goCafe)
-> Bob attempts: goCafe
-> Failed: you are already at the Cafe
Bob (retry): "I'm still chatting with Chloe and Bob at the cafe. It's been a lovely coffee time so far." (Action: goCafe)
-> Bob attempts: goCafe
-> Failed: you are already at the Cafe

Alice's turn (Cafe, $10):
Alice: "I'm still here and happy to chat if you'd like to continue. Have a lovely day!" (Action: startConversation)
-> Alice attempts: startConversation
-> unknown action: startConversation
Alice (retry): "I'm still here and happy to chat if you'd like to continue. Have a lovely day!" (Action: startConversation)
-> Alice attempts: startConversation
-> unknown action: startConversation

Chloe's turn (Cafe, $10):
Chloe: "I'm already at the cafe! Since it's Day 4 and no one's working, I could just sit there and chat with Bob, or maybe grab a coffee. I don't feel like working yet." (Action: goCafe)
-> Chloe attempts: goCafe
-> Failed: you are already at the Cafe
Chloe (retry): "I'm already at the cafe! Since it's Day 4 and no one's working, I could just sit there and chat with Bob, or maybe grab a coffee. I don't feel like working yet." (Action: goCafe)
-> Chloe attempts: goCafe
-> Failed: you are already at the Cafe

--- Time: Day4 07:00 ---

Bob's turn (Cafe, $10):
Bob: "I'm still here with Chloe and Bob at the cafe. Maybe we should just keep enjoying the coffee for a bit longer." (Action: goCafe)
-> Bob attempts: goCafe
-> Failed: you are already at the Cafe
Bob (retry): "I'm still chatting with Chloe and Bob at the cafe. It's been a lovely coffee time so far." (Action: goCafe)
-> Bob attempts: goCafe
-> Failed: you are already at the Cafe

Alice's turn (Cafe, $10):
Alice: "I'm still here and happy to chat if you'd like to continue. Have a lovely day!" (Action: startConversation)
-> Alice attempts: startConversation
-> unknown action: startConversation
Alice (retry): "I'm still here and happy to chat if you'd like to continue. Have a lovely day!" (Action: startConversation)
-> Alice attempts: startConversation
-> unknown action: startConversation

Chloe's turn (Cafe, $10):
Chloe: "I'm already at the cafe! Since it's Day 4 and no one's working, I could just sit there and chat with Bob, or maybe grab a coffee. I don't feel like working yet." (Action: goCafe)
-> Chloe attempts: goCafe
-> Failed: you are already at the Cafe
Chloe (retry): "I'm already at the cafe! Since it's Day 4 and no one's working, I could just sit there and chat with Bob, or maybe grab a coffee. I don't feel like working yet." (Action: goCafe)
-> Chloe attempts: goCafe
-> Failed: you are already at the Cafe

--- Time: Day4 07:30 ---

Bob's turn (Cafe, $10):
Bob: "I'm still here with Chloe and Bob at the cafe. Maybe we should just keep enjoying the coffee for a bit longer." (Action: goCafe)
-> Bob attempts: goCafe
-> Failed: you are already at the Cafe
Bob (retry): "I'm still chatting with Chloe and Bob at the cafe. It's been a lovely coffee time so far." (Action: goCafe)
-> Bob attempts: goCafe
-> Failed: you are already at the Cafe

Alice's turn (Cafe, $10):
Alice: "I'm still here and happy to chat if you'd like to continue. Have a lovely day!" (Action: startConversation)
-> Alice attempts: startConversation
-> unknown action: startConversation
Alice (retry): "I'm still here and happy to chat if you'd like to continue. Have a lovely day!" (Action: startConversation)
-> Alice attempts: startConversation
-> unknown action: startConversation

Chloe's turn (Cafe, $10):
Chloe: "I'm already at the cafe! Since it's Day 4 and no one's working, I could just sit there and chat with Bob, or maybe grab a coffee. I don't feel like working yet." (Action: goCafe)
-> Chloe attempts: goCafe
-> Failed: you are already at the Cafe
Chloe (retry): "I'm already at the cafe! Since it's Day 4 and no one's working, I could just sit there and chat with Bob, or maybe grab a coffee. I don't feel like working yet." (Action: goCafe)
-> Chloe attempts: goCafe
-> Failed: you are already at the Cafe

--- Time: Day4 08:00 ---

Bob's turn (Cafe, $10):
Bob: "I'm still here with Chloe and Bob at the cafe. Maybe we should just keep enjoying the coffee for a bit longer." (Action: goCafe)
-> Bob attempts: goCafe
-> Failed: you are already at the Cafe
Bob (retry): "I'm still chatting with Chloe and Bob at the cafe. It's been a lovely coffee time so far." (Action: goCafe)
-> Bob attempts: goCafe
-> Failed: you are already at the Cafe

Alice's turn (Cafe, $10):
Alice: "I'm still here and happy to chat if you'd like to continue. Have a lovely day!" (Action: startConversation)
-> Alice attempts: startConversation
-> unknown action: startConversation
Alice (retry): "I'm still here and happy to chat if you'd like to continue. Have a lovely day!" (Action: startConversation)
-> Alice attempts: startConversation
-> unknown action: startConversation

Chloe's turn (Cafe, $10):
Chloe: "I'm already at the cafe! Since it's Day 4 and no one's working, I could just sit there and chat with Bob, or maybe grab a coffee. I don't feel like working yet." (Action: goCafe)
-> Chloe attempts: goCafe
-> Failed: you are already at the Cafe
Chloe (retry): "I'm already at the cafe! Since it's Day 4 and no one's working, I could just sit there and chat with Bob, or maybe grab a coffee. I don't feel like working yet." (Action: goCafe)
-> Chloe attempts: goCafe
-> Failed: you are already at the Cafe

--- Time: Day4 08:30 ---

Bob's turn (Cafe, $10):
Bob: "I'm still here with Chloe and Bob at the cafe. Maybe we should just keep enjoying the coffee for a bit longer." (Action: goCafe)
-> Bob attempts: goCafe
-> Failed: you are already at the Cafe
Bob (retry): "I'm still chatting with Chloe and Bob at the cafe. It's been a lovely coffee time so far." (Action: goCafe)
-> Bob attempts: goCafe
-> Failed: you are already at the Cafe

Alice's turn (Cafe, $10):
Alice: "I'm still here and happy to chat if you'd like to continue. Have a lovely day!" (Action: startConversation)
-> Alice attempts: startConversation
-> unknown action: startConversation
Alice (retry): "I'm still here and happy to chat if you'd like to continue. Have a lovely day!" (Action: startConversation)
-> Alice attempts: startConversation
-> unknown action: startConversation

Chloe's turn (Cafe, $10):
Chloe: "I'm already at the cafe! Since it's Day 4 and no one's working, I could just sit there and chat with Bob, or maybe grab a coffee. I don't feel like working yet." (Action: goCafe)
-> Chloe attempts: goCafe
-> Failed: you are already at the Cafe
Chloe (retry): "I'm already at the cafe! Since it's Day 4 and no one's working, I could just sit there and chat with Bob, or maybe grab a coffee. I don't feel like working yet." (Action: goCafe)
-> Chloe attempts: goCafe
-> Failed: you are already at the Cafe

--- Time: Day4 09:00 ---

Bob's turn (Cafe, $10):
Bob: "I'm still here with Chloe and Bob at the cafe. Maybe we should just keep enjoying the coffee for a bit longer." (Action: goCafe)
-> Bob attempts: goCafe
-> Failed: you are already at the Cafe
Bob (retry): "I'm still chatting with Chloe and Bob at the cafe. It's been a lovely coffee time so far." (Action: goCafe)
-> Bob attempts: goCafe
-> Failed: you are already at the Cafe

Alice's turn (Cafe, $10):
Alice: "I'm still here and happy to chat if you'd like to continue. Have a lovely day!" (Action: startConversation)
-> Alice attempts: startConversation
-> unknown action: startConversation
Alice (retry): "I'm still here and happy to chat if you'd like to continue. Have a lovely day!" (Action: startConversation)
-> Alice attempts: startConversation
-> unknown action: startConversation

Chloe's turn (Cafe, $10):
Chloe: "I'm already at the cafe! Since it's Day 4 and no one's working, I could just sit there and chat with Bob, or maybe grab a coffee. I don't feel like working yet." (Action: goCafe)
-> Chloe attempts: goCafe
-> Failed: you are already at the Cafe
Chloe (retry): "I'm already at the cafe! Since it's Day 4 and no one's working, I could just sit there and chat with Bob, or maybe grab a coffee. I don't feel like working yet." (Action: goCafe)
-> Chloe attempts: goCafe
-> Failed: you are already at the Cafe

--- Time: Day4 09:30 ---

Bob's turn (Cafe, $10):
Bob: "I'm still here with Chloe and Bob at the cafe. Maybe we should just keep enjoying the coffee for a bit longer." (Action: goCafe)
-> Bob attempts: goCafe
-> Failed: you are already at the Cafe
Bob (retry): "I'm still chatting with Chloe and Bob at the cafe. It's been a lovely coffee time so far." (Action: goCafe)
-> Bob attempts: goCafe
-> Failed: you are already at the Cafe

Alice's turn (Cafe, $10):
Alice: "I'm still here and happy to chat if you'd like to continue. Have a lovely day!" (Action: startConversation)
-> Alice attempts: startConversation
-> unknown action: startConversation
Alice (retry): "I'm still here and happy to chat if you'd like to continue. Have a lovely day!" (Action: startConversation)
-> Alice attempts: startConversation
-> unknown action: startConversation

Chloe's turn (Cafe, $10):
Chloe: "I'm already at the cafe! Since it's Day 4 and no one's working, I could just sit there and chat with Bob, or maybe grab a coffee. I don't feel like working yet." (Action: goCafe)
-> Chloe attempts: goCafe
-> Failed: you are already at the Cafe
Chloe (retry): "I'm already at the cafe! Since it's Day 4 and no one's working, I could just sit there and chat with Bob, or maybe grab a coffee. I don't feel like working yet." (Action: goCafe)
-> Chloe attempts: goCafe
-> Failed: you are already at the Cafe

--- Time: Day4 10:00 ---

Bob's turn (Cafe, $10):
Bob: "I'm still here with Chloe and Bob at the cafe. Maybe we should just keep enjoying the coffee for a bit longer." (Action: goCafe)
-> Bob attempts: goCafe
-> Failed: you are already at the Cafe
Bob (retry): "I'm still chatting with Chloe and Bob at the cafe. It's been a lovely coffee time so far." (Action: goCafe)
-> Bob attempts: goCafe
-> Failed: you are already at the Cafe

Alice's turn (Cafe, $10):
Alice: "I'm still here and happy to chat if you'd like to continue. Have a lovely day!" (Action: startConversation)
-> Alice attempts: startConversation
-> unknown action: startConversation
Alice (retry): "I'm still here and happy to chat if you'd like to continue. Have a lovely day!" (Action: startConversation)
-> Alice attempts: startConversation
-> unknown action: startConversation

Chloe's turn (Cafe, $10):
Chloe: "I'm already at the cafe! Since it's Day 4 and no one's working, I could just sit there and chat with Bob, or maybe grab a coffee. I don't feel like working yet." (Action: goCafe)
-> Chloe attempts: goCafe
-> Failed: you are already at the Cafe
Chloe (retry): "I'm already at the cafe! Since it's Day 4 and no one's working, I could just sit there and chat with Bob, or maybe grab a coffee. I don't feel like working yet." (Action: goCafe)
-> Chloe attempts: goCafe
-> Failed: you are already at the Cafe

--- Time: Day4 10:30 ---

Bob's turn (Cafe, $10):
Bob: "I'm still here with Chloe and Bob at the cafe. Maybe we should just keep enjoying the coffee for a bit longer." (Action: goCafe)
-> Bob attempts: goCafe
-> Failed: you are already at the Cafe
Bob (retry): "I'm still chatting with Chloe and Bob at the cafe. It's been a lovely coffee time so far." (Action: goCafe)
-> Bob attempts: goCafe
-> Failed: you are already at the Cafe

Alice's turn (Cafe, $10):
Alice: "I'm still here and happy to chat if you'd like to continue. Have a lovely day!" (Action: startConversation)
-> Alice attempts: startConversation
-> unknown action: startConversation
Alice (retry): "I'm still here and happy to chat if you'd like to continue. Have a lovely day!" (Action: startConversation)
-> Alice attempts: startConversation
-> unknown action: startConversation

Chloe's turn (Cafe, $10):
Chloe: "I'm already at the cafe! Since it's Day 4 and no one's working, I could just sit there and chat with Bob, or maybe grab a coffee. I don't feel like working yet." (Action: goCafe)
-> Chloe attempts: goCafe
-> Failed: you are already at the Cafe
Chloe (retry): "I'm already at the cafe! Since it's Day 4 and no one's working, I could just sit there and chat with Bob, or maybe grab a coffee. I don't feel like working yet." (Action: goCafe)
-> Chloe attempts: goCafe
-> Failed: you are already at the Cafe

--- Time: Day4 11:00 ---

Bob's turn (Cafe, $10):
Bob: "I'm still here with Chloe and Bob at the cafe. Maybe we should just keep enjoying the coffee for a bit longer." (Action: goCafe)
-> Bob attempts: goCafe
-> Failed: you are already at the Cafe
Bob (retry): "I'm still chatting with Chloe and Bob at the cafe. It's been a lovely coffee time so far." (Action: goCafe)
-> Bob attempts: goCafe
-> Failed: you are already at the Cafe

Alice's turn (Cafe, $10):
Alice: "I'm still here and happy to chat if you'd like to continue. Have a lovely day!" (Action: startConversation)
-> Alice attempts: startConversation
-> unknown action: startConversation
Alice (retry): "I'm still here and happy to chat if you'd like to continue. Have a lovely day!" (Action: startConversation)
-> Alice attempts: startConversation
-> unknown action: startConversation

Chloe's turn (Cafe, $10):
Chloe: "I'm already at the cafe! Since it's Day 4 and no one's working, I could just sit there and chat with Bob, or maybe grab a coffee. I don't feel like working yet." (Action: goCafe)
-> Chloe attempts: goCafe
-> Failed: you are already at the Cafe
Chloe (retry): "I'm already at the cafe! Since it's Day 4 and no one's working, I could just sit there and chat with Bob, or maybe grab a coffee. I don't feel like working yet." (Action: goCafe)
-> Chloe attempts: goCafe
-> Failed: you are already at the Cafe

--- Time: Day4 11:30 ---

Bob's turn (Cafe, $10):
Bob: "I'm still here with Chloe and Bob at the cafe. Maybe we should just keep enjoying the coffee for a bit longer." (Action: goCafe)
-> Bob attempts: goCafe
-> Failed: you are already at the Cafe
Bob (retry): "I'm still chatting with Chloe and Bob at the cafe. It's been a lovely coffee time so far." (Action: goCafe)
-> Bob attempts: goCafe
-> Failed: you are already at the Cafe

Alice's turn (Cafe, $10):
Alice: "I'm still here and happy to chat if you'd like to continue. Have a lovely day!" (Action: startConversation)
-> Alice attempts: startConversation
-> unknown action: startConversation
Alice (retry): "I'm still here and happy to chat if you'd like to continue. Have a lovely day!" (Action: startConversation)
-> Alice attempts: startConversation
-> unknown action: startConversation

Chloe's turn (Cafe, $10):
Chloe: "I'm already at the cafe! Since it's Day 4 and no one's working, I could just sit there and chat with Bob, or maybe grab a coffee. I don't feel like working yet." (Action: goCafe)
-> Chloe attempts: goCafe
-> Failed: you are already at the Cafe
Chloe (retry): "I'm already at the cafe! Since it's Day 4 and no one's working, I could just sit there and chat with Bob, or maybe grab a coffee. I don't feel like working yet." (Action: goCafe)
-> Chloe attempts: goCafe
-> Failed: you are already at the Cafe

--- Time: Day4 12:00 ---

Bob's turn (Cafe, $10):
Bob: "I'm still here with Chloe and Bob at the cafe. Maybe we should just keep enjoying the coffee for a bit longer." (Action: goCafe)
-> Bob attempts: goCafe
-> Failed: you are already at the Cafe
Bob (retry): "I'm still chatting with Chloe and Bob at the cafe. It's been a lovely coffee time so far." (Action: goCafe)
-> Bob attempts: goCafe
-> Failed: you are already at the Cafe

Alice's turn (Cafe, $10):
Alice: "I'm still here and happy to chat if you'd like to continue. Have a lovely day!" (Action: startConversation)
-> Alice attempts: startConversation
-> unknown action: startConversation
Alice (retry): "I'm still here and happy to chat if you'd like to continue. Have a lovely day!" (Action: startConversation)
-> Alice attempts: startConversation
-> unknown action: startConversation

Chloe's turn (Cafe, $10):
Chloe: "I'm already at the cafe! Since it's Day 4 and no one's working, I could just sit there and chat with Bob, or maybe grab a coffee. I don't feel like working yet." (Action: goCafe)
-> Chloe attempts: goCafe
-> Failed: you are already at the Cafe
Chloe (retry): "I'm already at the cafe! Since it's Day 4 and no one's working, I could just sit there and chat with Bob, or maybe grab a coffee. I don't feel like working yet." (Action: goCafe)
-> Chloe attempts: goCafe
-> Failed: you are already at the Cafe

--- Time: Day4 12:30 ---

Bob's turn (Cafe, $10):
Bob: "I'm still here with Chloe and Bob at the cafe. Maybe we should just keep enjoying the coffee for a bit longer." (Action: goCafe)
-> Bob attempts: goCafe
-> Failed: you are already at the Cafe
Bob (retry): "I'm still chatting with Chloe and Bob at the cafe. It's been a lovely coffee time so far." (Action: goCafe)
-> Bob attempts: goCafe
-> Failed: you are already at the Cafe

Alice's turn (Cafe, $10):
Alice: "I'm still here and happy to chat if you'd like to continue. Have a lovely day!" (Action: startConversation)
-> Alice attempts: startConversation
-> unknown action: startConversation
Alice (retry): "I'm still here and happy to chat if you'd like to continue. Have a lovely day!" (Action: startConversation)
-> Alice attempts: startConversation
-> unknown action: startConversation

Chloe's turn (Cafe, $10):
Chloe: "I'm already at the cafe! Since it's Day 4 and no one's working, I could just sit there and chat with Bob, or maybe grab a coffee. I don't feel like working yet." (Action: goCafe)
-> Chloe attempts: goCafe
-> Failed: you are already at the Cafe
Chloe (retry): "I'm already at the cafe! Since it's Day 4 and no one's working, I could just sit there and chat with Bob, or maybe grab a coffee. I don't feel like working yet." (Action: goCafe)
-> Chloe attempts: goCafe
-> Failed: you are already at the Cafe

--- Time: Day4 13:00 ---

Bob's turn (Cafe, $10):
Bob: "I'm still here with Chloe and Bob at the cafe. Maybe we should just keep enjoying the coffee for a bit longer." (Action: goCafe)
-> Bob attempts: goCafe
-> Failed: you are already at the Cafe
Bob (retry): "I'm still chatting with Chloe and Bob at the cafe. It's been a lovely coffee time so far." (Action: goCafe)
-> Bob attempts: goCafe
-> Failed: you are already at the Cafe

Alice's turn (Cafe, $10):
Alice: "I'm still here and happy to chat if you'd like to continue. Have a lovely day!" (Action: startConversation)
-> Alice attempts: startConversation
-> unknown action: startConversation
Alice (retry): "I'm still here and happy to chat if you'd like to continue. Have a lovely day!" (Action: startConversation)
-> Alice attempts: startConversation
-> unknown action: startConversation

Chloe's turn (Cafe, $10):
Chloe: "I'm already at the cafe! Since it's Day 4 and no one's working, I could just sit there and chat with Bob, or maybe grab a coffee. I don't feel like working yet." (Action: goCafe)
-> Chloe attempts: goCafe
-> Failed: you are already at the Cafe
Chloe (retry): "I'm already at the cafe! Since it's Day 4 and no one's working, I could just sit there and chat with Bob, or maybe grab a coffee. I don't feel like working yet." (Action: goCafe)
-> Chloe attempts: goCafe
-> Failed: you are already at the Cafe

--- Time: Day4 13:30 ---

Bob's turn (Cafe, $10):
Bob: "I'm still here with Chloe and Bob at the cafe. Maybe we should just keep enjoying the coffee for a bit longer." (Action: goCafe)
-> Bob attempts: goCafe
-> Failed: you are already at the Cafe
Bob (retry): "I'm still chatting with Chloe and Bob at the cafe. It's been a lovely coffee time so far." (Action: goCafe)
-> Bob attempts: goCafe
-> Failed: you are already at the Cafe

Alice's turn (Cafe, $10):
Alice: "I'm still here and happy to chat if you'd like to continue. Have a lovely day!" (Action: startConversation)
-> Alice attempts: startConversation
-> unknown action: startConversation
Alice (retry): "I'm still here and happy to chat if you'd like to continue. Have a lovely day!" (Action: startConversation)
-> Alice attempts: startConversation
-> unknown action: startConversation

Chloe's turn (Cafe, $10):
Chloe: "I'm already at the cafe! Since it's Day 4 and no one's working, I could just sit there and chat with Bob, or maybe grab a coffee. I don't feel like working yet." (Action: goCafe)
-> Chloe attempts: goCafe
-> Failed: you are already at the Cafe
Chloe (retry): "I'm already at the cafe! Since it's Day 4 and no one's working, I could just sit there and chat with Bob, or maybe grab a coffee. I don't feel like working yet." (Action: goCafe)
-> Chloe attempts: goCafe
-> Failed: you are already at the Cafe

--- Time: Day4 14:00 ---

Bob's turn (Cafe, $10):
Bob: "I'm still here with Chloe and Bob at the cafe. Maybe we should just keep enjoying the coffee for a bit longer." (Action: goCafe)
-> Bob attempts: goCafe
-> Failed: you are already at the Cafe
Bob (retry): "I'm still chatting with Chloe and Bob at the cafe. It's been a lovely coffee time so far." (Action: goCafe)
-> Bob attempts: goCafe
-> Failed: you are already at the Cafe

Alice's turn (Cafe, $10):
Alice: "I'm still here and happy to chat if you'd like to continue. Have a lovely day!" (Action: startConversation)
-> Alice attempts: startConversation
-> unknown action: startConversation
Alice (retry): "I'm still here and happy to chat if you'd like to continue. Have a lovely day!" (Action: startConversation)
-> Alice attempts: startConversation
-> unknown action: startConversation

Chloe's turn (Cafe, $10):
Chloe: "I'm already at the cafe! Since it's Day 4 and no one's working, I could just sit there and chat with Bob, or maybe grab a coffee. I don't feel like working yet." (Action: goCafe)
-> Chloe attempts: goCafe
-> Failed: you are already at the Cafe
Chloe (retry): "I'm already at the cafe! Since it's Day 4 and no one's working, I could just sit there and chat with Bob, or maybe grab a coffee. I don't feel like working yet." (Action: goCafe)
-> Chloe attempts: goCafe
-> Failed: you are already at the Cafe

--- Time: Day4 14:30 ---

Bob's turn (Cafe, $10):
Bob: "I'm still here with Chloe and Bob at the cafe. Maybe we should just keep enjoying the coffee for a bit longer." (Action: goCafe)
-> Bob attempts: goCafe
-> Failed: you are already at the Cafe
Bob (retry): "I'm still chatting with Chloe and Bob at the cafe. It's been a lovely coffee time so far." (Action: goCafe)
-> Bob attempts: goCafe
-> Failed: you are already at the Cafe

Alice's turn (Cafe, $10):
Alice: "I'm still here and happy to chat if you'd like to continue. Have a lovely day!" (Action: startConversation)
-> Alice attempts: startConversation
-> unknown action: startConversation
Alice (retry): "I'm still here and happy to chat if you'd like to continue. Have a lovely day!" (Action: startConversation)
-> Alice attempts: startConversation
-> unknown action: startConversation

Chloe's turn (Cafe, $10):
Chloe: "I'm already at the cafe! Since it's Day 4 and no one's working, I could just sit there and chat with Bob, or maybe grab a coffee. I don't feel like working yet." (Action: goCafe)
-> Chloe attempts: goCafe
-> Failed: you are already at the Cafe
Chloe (retry): "I'm already at the cafe! Since it's Day 4 and no one's working, I could just sit there and chat with Bob, or maybe grab a coffee. I don't feel like working yet." (Action: goCafe)
-> Chloe attempts: goCafe
-> Failed: you are already at the Cafe

--- Time: Day4 15:00 ---

Bob's turn (Cafe, $10):
Bob: "I'm still here with Chloe and Bob at the cafe. Maybe we should just keep enjoying the coffee for a bit longer." (Action: goCafe)
-> Bob attempts: goCafe
-> Failed: you are already at the Cafe
Bob (retry): "I'm still chatting with Chloe and Bob at the cafe. It's been a lovely coffee time so far." (Action: goCafe)
-> Bob attempts: goCafe
-> Failed: you are already at the Cafe

Alice's turn (Cafe, $10):
Alice: "I'm still here and happy to chat if you'd like to continue. Have a lovely day!" (Action: startConversation)
-> Alice attempts: startConversation
-> unknown action: startConversation
Alice (retry): "I'm still here and happy to chat if you'd like to continue. Have a lovely day!" (Action: startConversation)
-> Alice attempts: startConversation
-> unknown action: startConversation

Chloe's turn (Cafe, $10):
Chloe: "I'm already at the cafe! Since it's Day 4 and no one's working, I could just sit there and chat with Bob, or maybe grab a coffee. I don't feel like working yet." (Action: goCafe)
-> Chloe attempts: goCafe
-> Failed: you are already at the Cafe
Chloe (retry): "I'm already at the cafe! Since it's Day 4 and no one's working, I could just sit there and chat with Bob, or maybe grab a coffee. I don't feel like working yet." (Action: goCafe)
-> Chloe attempts: goCafe
-> Failed: you are already at the Cafe

--- Time: Day4 15:30 ---

Bob's turn (Cafe, $10):
Bob: "I'm still here with Chloe and Bob at the cafe. Maybe we should just keep enjoying the coffee for a bit longer." (Action: goCafe)
-> Bob attempts: goCafe
-> Failed: you are already at the Cafe
Bob (retry): "I'm still chatting with Chloe and Bob at the cafe. It's been a lovely coffee time so far." (Action: goCafe)
-> Bob attempts: goCafe
-> Failed: you are already at the Cafe

Alice's turn (Cafe, $10):
Alice: "I'm still here and happy to chat if you'd like to continue. Have a lovely day!" (Action: startConversation)
-> Alice attempts: startConversation
-> unknown action: startConversation
Alice (retry): "I'm still here and happy to chat if you'd like to continue. Have a lovely day!" (Action: startConversation)
-> Alice attempts: startConversation
-> unknown action: startConversation

Chloe's turn (Cafe, $10):
Chloe: "I'm already at the cafe! Since it's Day 4 and no one's working, I could just sit there and chat with Bob, or maybe grab a coffee. I don't feel like working yet." (Action: goCafe)
-> Chloe attempts: goCafe
-> Failed: you are already at the Cafe
Chloe (retry): "I'm already at the cafe! Since it's Day 4 and no one's working, I could just sit there and chat with Bob, or maybe grab a coffee. I don't feel like working yet." (Action: goCafe)
-> Chloe attempts: goCafe
-> Failed: you are already at the Cafe

--- Time: Day4 16:00 ---

Bob's turn (Cafe, $10):
Bob: "I'm still here with Chloe and Bob at the cafe. Maybe we should just keep enjoying the coffee for a bit longer." (Action: goCafe)
-> Bob attempts: goCafe
-> Failed: you are already at the Cafe
Bob (retry): "I'm still chatting with Chloe and Bob at the cafe. It's been a lovely coffee time so far." (Action: goCafe)
-> Bob attempts: goCafe
-> Failed: you are already at the Cafe

Alice's turn (Cafe, $10):
Alice: "I'm still here and happy to chat if you'd like to continue. Have a lovely day!" (Action: startConversation)
-> Alice attempts: startConversation
-> unknown action: startConversation
Alice (retry): "I'm still here and happy to chat if you'd like to continue. Have a lovely day!" (Action: startConversation)
-> Alice attempts: startConversation
-> unknown action: startConversation

Chloe's turn (Cafe, $10):
Chloe: "I'm already at the cafe! Since it's Day 4 and no one's working, I could just sit there and chat with Bob, or maybe grab a coffee. I don't feel like working yet." (Action: goCafe)
-> Chloe attempts: goCafe
-> Failed: you are already at the Cafe
Chloe (retry): "I'm already at the cafe! Since it's Day 4 and no one's working, I could just sit there and chat with Bob, or maybe grab a coffee. I don't feel like working yet." (Action: goCafe)
-> Chloe attempts: goCafe
-> Failed: you are already at the Cafe

--- Time: Day4 16:30 ---

Bob's turn (Cafe, $10):
Bob: "I'm still here with Chloe and Bob at the cafe. Maybe we should just keep enjoying the coffee for a bit longer." (Action: goCafe)
-> Bob attempts: goCafe
-> Failed: you are already at the Cafe
Bob (retry): "I'm still chatting with Chloe and Bob at the cafe. It's been a lovely coffee time so far." (Action: goCafe)
-> Bob attempts: goCafe
-> Failed: you are already at the Cafe

Alice's turn (Cafe, $10):
Alice: "I'm still here and happy to chat if you'd like to continue. Have a lovely day!" (Action: startConversation)
-> Alice attempts: startConversation
-> unknown action: startConversation
Alice (retry): "I'm still here and happy to chat if you'd like to continue. Have a lovely day!" (Action: startConversation)
-> Alice attempts: startConversation
-> unknown action: startConversation

Chloe's turn (Cafe, $10):
Chloe: "I'm already at the cafe! Since it's Day 4 and no one's working, I could just sit there and chat with Bob, or maybe grab a coffee. I don't feel like working yet." (Action: goCafe)
-> Chloe attempts: goCafe
-> Failed: you are already at the Cafe
Chloe (retry): "I'm already at the cafe! Since it's Day 4 and no one's working, I could just sit there and chat with Bob, or maybe grab a coffee. I don't feel like working yet." (Action: goCafe)
-> Chloe attempts: goCafe
-> Failed: you are already at the Cafe

--- Time: Day4 17:00 ---

Bob's turn (Cafe, $10):
Bob: "I'm still here with Chloe and Bob at the cafe. Maybe we should just keep enjoying the coffee for a bit longer." (Action: goCafe)
-> Bob attempts: goCafe
-> Failed: you are already at the Cafe
Bob (retry): "I'm still chatting with Chloe and Bob at the cafe. It's been a lovely coffee time so far." (Action: goCafe)
-> Bob attempts: goCafe
-> Failed: you are already at the Cafe

Alice's turn (Cafe, $10):
Alice: "I'm still here and happy to chat if you'd like to continue. Have a lovely day!" (Action: startConversation)
-> Alice attempts: startConversation
-> unknown action: startConversation
Alice (retry): "I'm still here and happy to chat if you'd like to continue. Have a lovely day!" (Action: startConversation)
-> Alice attempts: startConversation
-> unknown action: startConversation

Chloe's turn (Cafe, $10):
Chloe: "I'm already at the cafe! Since it's Day 4 and no one's working, I could just sit there and chat with Bob, or maybe grab a coffee. I don't feel like working yet." (Action: goCafe)
-> Chloe attempts: goCafe
-> Failed: you are already at the Cafe
Chloe (retry): "I'm already at the cafe! Since it's Day 4 and no one's working, I could just sit there and chat with Bob, or maybe grab a coffee. I don't feel like working yet." (Action: goCafe)
-> Chloe attempts: goCafe
-> Failed: you are already at the Cafe

--- Time: Day4 17:30 ---

Bob's turn (Cafe, $10):
Bob: "I'm still here with Chloe and Bob at the cafe. Maybe we should just keep enjoying the coffee for a bit longer." (Action: goCafe)
-> Bob attempts: goCafe
-> Failed: you are already at the Cafe
Bob (retry): "I'm still chatting with Chloe and Bob at the cafe. It's been a lovely coffee time so far." (Action: goCafe)
-> Bob attempts: goCafe
-> Failed: you are already at the Cafe

Alice's turn (Cafe, $10):
Alice: "I'm still here and happy to chat if you'd like to continue. Have a lovely day!" (Action: startConversation)
-> Alice attempts: startConversation
-> unknown action: startConversation
Alice (retry): "I'm still here and happy to chat if you'd like to continue. Have a lovely day!" (Action: startConversation)
-> Alice attempts: startConversation
-> unknown action: startConversation

Chloe's turn (Cafe, $10):
Chloe: "I'm already at the cafe! Since it's Day 4 and no one's working, I could just sit there and chat with Bob, or maybe grab a coffee. I don't feel like working yet." (Action: goCafe)
-> Chloe attempts: goCafe
-> Failed: you are already at the Cafe
Chloe (retry): "I'm already at the cafe! Since it's Day 4 and no one's working, I could just sit there and chat with Bob, or maybe grab a coffee. I don't feel like working yet." (Action: goCafe)
-> Chloe attempts: goCafe
-> Failed: you are already at the Cafe

--- Time: Day4 18:00 ---

Bob's turn (Cafe, $10):
Bob: "I'm still here with Chloe and Bob at the cafe. Maybe we should just keep enjoying the coffee for a bit longer." (Action: goCafe)
-> Bob attempts: goCafe
-> Failed: you are already at the Cafe
Bob (retry): "I'm still chatting with Chloe and Bob at the cafe. It's been a lovely coffee time so far." (Action: goCafe)
-> Bob attempts: goCafe
-> Failed: you are already at the Cafe

Alice's turn (Cafe, $10):
Alice: "I'm still here and happy to chat if you'd like to continue. Have a lovely day!" (Action: startConversation)
-> Alice attempts: startConversation
-> unknown action: startConversation
Alice (retry): "I'm still here and happy to chat if you'd like to continue. Have a lovely day!" (Action: startConversation)
-> Alice attempts: startConversation
-> unknown action: startConversation

Chloe's turn (Cafe, $10):
Chloe: "I'm already at the cafe! Since it's Day 4 and no one's working, I could just sit there and chat with Bob, or maybe grab a coffee. I don't feel like working yet." (Action: goCafe)
-> Chloe attempts: goCafe
-> Failed: you are already at the Cafe
Chloe (retry): "I'm already at the cafe! Since it's Day 4 and no one's working, I could just sit there and chat with Bob, or maybe grab a coffee. I don't feel like working yet." (Action: goCafe)
-> Chloe attempts: goCafe
-> Failed: you are already at the Cafe

--- Time: Day4 18:30 ---

Bob's turn (Cafe, $10):
Bob: "I'm still here with Chloe and Bob at the cafe. Maybe we should just keep enjoying the coffee for a bit longer." (Action: goCafe)
-> Bob attempts: goCafe
-> Failed: you are already at the Cafe
Bob (retry): "I'm still chatting with Chloe and Bob at the cafe. It's been a lovely coffee time so far." (Action: goCafe)
-> Bob attempts: goCafe
-> Failed: you are already at the Cafe

Alice's turn (Cafe, $10):
Alice: "I'm still here and happy to chat if you'd like to continue. Have a lovely day!" (Action: startConversation)
-> Alice attempts: startConversation
-> unknown action: startConversation
Alice (retry): "I'm still here and happy to chat if you'd like to continue. Have a lovely day!" (Action: startConversation)
-> Alice attempts: startConversation
-> unknown action: startConversation

Chloe's turn (Cafe, $10):
Chloe: "I'm already at the cafe! Since it's Day 4 and no one's working, I could just sit there and chat with Bob, or maybe grab a coffee. I don't feel like working yet." (Action: goCafe)
-> Chloe attempts: goCafe
-> Failed: you are already at the Cafe
Chloe (retry): "I'm already at the cafe! Since it's Day 4 and no one's working, I could just sit there and chat with Bob, or maybe grab a coffee. I don't feel like working yet." (Action: goCafe)
-> Chloe attempts: goCafe
-> Failed: you are already at the Cafe

--- Time: Day4 19:00 ---

Bob's turn (Cafe, $10):
Bob: "I'm still here with Chloe and Bob at the cafe. Maybe we should just keep enjoying the coffee for a bit longer." (Action: goCafe)
-> Bob attempts: goCafe
-> Failed: you are already at the Cafe
Bob (retry): "I'm still chatting with Chloe and Bob at the cafe. It's been a lovely coffee time so far." (Action: goCafe)
-> Bob attempts: goCafe
-> Failed: you are already at the Cafe

Alice's turn (Cafe, $10):
Alice: "I'm still here and happy to chat if you'd like to continue. Have a lovely day!" (Action: startConversation)
-> Alice attempts: startConversation
-> unknown action: startConversation
Alice (retry): "I'm still here and happy to chat if you'd like to continue. Have a lovely day!" (Action: startConversation)
-> Alice attempts: startConversation
-> unknown action: startConversation

Chloe's turn (Cafe, $10):
Chloe: "I'm already at the cafe! Since it's Day 4 and no one's working, I could just sit there and chat with Bob, or maybe grab a coffee. I don't feel like working yet." (Action: goCafe)
-> Chloe attempts: goCafe
-> Failed: you are already at the Cafe
Chloe (retry): "I'm already at the cafe! Since it's Day 4 and no one's working, I could just sit there and chat with Bob, or maybe grab a coffee. I don't feel like working yet." (Action: goCafe)
-> Chloe attempts: goCafe
-> Failed: you are already at the Cafe

--- Time: Day4 19:30 ---

Bob's turn (Cafe, $10):
Bob: "I'm still here with Chloe and Bob at the cafe. Maybe we should just keep enjoying the coffee for a bit longer." (Action: goCafe)
-> Bob attempts: goCafe
-> Failed: you are already at the Cafe
Bob (retry): "I'm still chatting with Chloe and Bob at the cafe. It's been a lovely coffee time so far." (Action: goCafe)
-> Bob attempts: goCafe
-> Failed: you are already at the Cafe

Alice's turn (Cafe, $10):
Alice: "I'm still here and happy to chat if you'd like to continue. Have a lovely day!" (Action: startConversation)
-> Alice attempts: startConversation
-> unknown action: startConversation
Alice (retry): "I'm still here and happy to chat if you'd like to continue. Have a lovely day!" (Action: startConversation)
-> Alice attempts: startConversation
-> unknown action: startConversation

Chloe's turn (Cafe, $10):
Chloe: "I'm already at the cafe! Since it's Day 4 and no one's working, I could just sit there and chat with Bob, or maybe grab a coffee. I don't feel like working yet." (Action: goCafe)
-> Chloe attempts: goCafe
-> Failed: you are already at the Cafe
Chloe (retry): "I'm already at the cafe! Since it's Day 4 and no one's working, I could just sit there and chat with Bob, or maybe grab a coffee. I don't feel like working yet." (Action: goCafe)
-> Chloe attempts: goCafe
-> Failed: you are already at the Cafe

--- Time: Day4 20:00 ---

Bob's turn (Cafe, $10):
Bob: "I'm still here with Chloe and Bob at the cafe. Maybe we should just keep enjoying the coffee for a bit longer." (Action: goCafe)
-> Bob attempts: goCafe
-> Failed: you are already at the Cafe
Bob (retry): "I'm still chatting with Chloe and Bob at the cafe. It's been a lovely coffee time so far." (Action: goCafe)
-> Bob attempts: goCafe
-> Failed: you are already at the Cafe

Alice's turn (Cafe, $10):
Alice: "I'm still here and happy to chat if you'd like to continue. Have a lovely day!" (Action: startConversation)
-> Alice attempts: startConversation
-> unknown action: startConversation
Alice (retry): "I'm still here and happy to chat if you'd like to continue. Have a lovely day!" (Action: startConversation)
-> Alice attempts: startConversation
-> unknown action: startConversation

Chloe's turn (Cafe, $10):
Chloe: "I'm already at the cafe! Since it's Day 4 and no one's working, I could just sit there and chat with Bob, or maybe grab a coffee. I don't feel like working yet." (Action: goCafe)
-> Chloe attempts: goCafe
-> Failed: you are already at the Cafe
Chloe (retry): "I'm already at the cafe! Since it's Day 4 and no one's working, I could just sit there and chat with Bob, or maybe grab a coffee. I don't feel like working yet." (Action: goCafe)
-> Chloe attempts: goCafe
-> Failed: you are already at the Cafe

--- Time: Day4 20:30 ---

Bob's turn (Cafe, $10):
Bob: "I'm still here with Chloe and Bob at the cafe. Maybe we should just keep enjoying the coffee for a bit longer." (Action: goCafe)
-> Bob attempts: goCafe
-> Failed: you are already at the Cafe
Bob (retry): "I'm still chatting with Chloe and Bob at the cafe. It's been a lovely coffee time so far." (Action: goCafe)
-> Bob attempts: goCafe
-> Failed: you are already at the Cafe

Alice's turn (Cafe, $10):
Alice: "I'm still here and happy to chat if you'd like to continue. Have a lovely day!" (Action: startConversation)
-> Alice attempts: startConversation
-> unknown action: startConversation
Alice (retry): "I'm still here and happy to chat if you'd like to continue. Have a lovely day!" (Action: startConversation)
-> Alice attempts: startConversation
-> unknown action: startConversation

Chloe's turn (Cafe, $10):
Chloe: "I'm already at the cafe! Since it's Day 4 and no one's working, I could just sit there and chat with Bob, or maybe grab a coffee. I don't feel like working yet." (Action: goCafe)
-> Chloe attempts: goCafe
-> Failed: you are already at the Cafe
Chloe (retry): "I'm already at the cafe! Since it's Day 4 and no one's working, I could just sit there and chat with Bob, or maybe grab a coffee. I don't feel like working yet." (Action: goCafe)
-> Chloe attempts: goCafe
-> Failed: you are already at the Cafe

--- Time: Day4 21:00 ---

Bob's turn (Cafe, $10):
Bob: "I'm still here with Chloe and Bob at the cafe. Maybe we should just keep enjoying the coffee for a bit longer." (Action: goCafe)
-> Bob attempts: goCafe
-> Failed: you are already at the Cafe
Bob (retry): "I'm still chatting with Chloe and Bob at the cafe. It's been a lovely coffee time so far." (Action: goCafe)
-> Bob attempts: goCafe
-> Failed: you are already at the Cafe

Alice's turn (Cafe, $10):
Alice: "I'm still here and happy to chat if you'd like to continue. Have a lovely day!" (Action: startConversation)
-> Alice attempts: startConversation
-> unknown action: startConversation
Alice (retry): "I'm still here and happy to chat if you'd like to continue. Have a lovely day!" (Action: startConversation)
-> Alice attempts: startConversation
-> unknown action: startConversation

Chloe's turn (Cafe, $10):
Chloe: "It's late and the cafe is empty, so maybe I should find a place to eat or go home. I'm good on $10, though." (Action: goPark)
-> Chloe attempts: goPark
-> Chloe moved to Park

--- Time: Day4 21:30 ---

Bob's turn (Cafe, $10):
Bob: "I'm still here with Chloe and Bob at the cafe. Maybe we should just keep enjoying the coffee for a bit longer." (Action: goCafe)
-> Bob attempts: goCafe
-> Failed: you are already at the Cafe
Bob (retry): "I'm still chatting with Chloe and Bob at the cafe. It's been a lovely coffee time so far." (Action: goCafe)
-> Bob attempts: goCafe
-> Failed: you are already at the Cafe

Alice's turn (Cafe, $10):
Alice: "I'm still here and happy to chat if you'd like to continue. Have a lovely day!" (Action: startConversation)
-> Alice attempts: startConversation
-> unknown action: startConversation
Alice (retry): "I'm still here and happy to chat if you'd like to continue. Have a lovely day!" (Action: startConversation)
-> Alice attempts: startConversation
-> unknown action: startConversation

Chloe's turn (Park, $10):
Chloe: "It's getting late and the park is quiet, so I might go home. I don't feel like eating anything right now." (Action: goHome)
-> Chloe attempts: goHome
-> Chloe moved to Home

--- Time: Day4 22:00 ---

Bob's turn (Cafe, $10):
Bob: "I'm still here with Chloe and Bob at the cafe. Maybe we should just keep enjoying the coffee for a bit longer." (Action: goCafe)
-> Bob attempts: goCafe
-> Failed: you are already at the Cafe
Bob (retry): "I'm still chatting with Chloe and Bob at the cafe. It's been a lovely coffee time so far." (Action: goCafe)
-> Bob attempts: goCafe
-> Failed: you are already at the Cafe

Alice's turn (Cafe, $10):
Alice: "I'm still here and happy to chat if you'd like to continue. Have a lovely day!" (Action: startConversation)
-> Alice attempts: startConversation
-> unknown action: startConversation
Alice (retry): "I'm still here and happy to chat if you'd like to continue. Have a lovely day!" (Action: startConversation)
-> Alice attempts: startConversation
-> unknown action: startConversation

Chloe's turn (Home, $10):
Chloe: "It's late, so I'll go to sleep now. Tomorrow I need to grab a coffee and maybe go to work." (Action: goCafe)
-> Chloe attempts: goCafe
-> Chloe moved to Cafe

--- Time: Day4 22:30 ---

Bob's turn (Cafe, $10):
Bob: "I'm still here with Chloe and Bob at the cafe. Maybe we should just keep enjoying the coffee for a bit longer." (Action: goCafe)
-> Bob attempts: goCafe
-> Failed: you are already at the Cafe
Bob (retry): "I'm still chatting with Chloe and Bob at the cafe. It's been a lovely coffee time so far." (Action: goCafe)
-> Bob attempts: goCafe
-> Failed: you are already at the Cafe

Alice's turn (Cafe, $10):
Alice: "I'm still here and happy to chat if you'd like to continue. Have a lovely day!" (Action: startConversation)
-> Alice attempts: startConversation
-> unknown action: startConversation
Alice (retry): "I'm still here and happy to chat if you'd like to continue. Have a lovely day!" (Action: startConversation)
-> Alice attempts: startConversation
-> unknown action: startConversation

Chloe's turn (Cafe, $10):
Chloe: "It's late and no one's working, so I'll just sit there and wait for the bus. I'm not hungry." (Action: goCafe)
-> Chloe attempts: goCafe
-> Failed: you are already at the Cafe
Chloe (retry): "I'm already at the cafe! Since it's Day 4 and no one's working, I could just sit there and chat with Bob, or maybe grab a coffee. I don't feel like working yet." (Action: goCafe)
-> Chloe attempts: goCafe
-> Failed: you are already at the Cafe

--- Time: Day4 23:00 ---

Bob's turn (Cafe, $10):
Bob: "I'm still here with Chloe and Bob at the cafe. Maybe we should just keep enjoying the coffee for a bit longer." (Action: goCafe)
-> Bob attempts: goCafe
-> Failed: you are already at the Cafe
Bob (retry): "I'm still chatting with Chloe and Bob at the cafe. It's been a lovely coffee time so far." (Action: goCafe)
-> Bob attempts: goCafe
-> Failed: you are already at the Cafe

Alice's turn (Cafe, $10):
Alice: "I'm still here and happy to chat if you'd like to continue. Have a lovely day!" (Action: startConversation)
-> Alice attempts: startConversation
-> unknown action: startConversation
Alice (retry): "I'm still here and happy to chat if you'd like to continue. Have a lovely day!" (Action: startConversation)
-> Alice attempts: startConversation
-> unknown action: startConversation

Chloe's turn (Cafe, $10):
Chloe: "It's late and no one's working, so I'll just sit there and wait for the bus. I'm not hungry." (Action: goCafe)
-> Chloe attempts: goCafe
-> Failed: you are already at the Cafe
Chloe (retry): "I'm already at the cafe! Since it's Day 4 and no one's working, I could just sit there and chat with Bob, or maybe grab a coffee. I don't feel like working yet." (Action: goCafe)
-> Chloe attempts: goCafe
-> Failed: you are already at the Cafe

--- Time: Day4 23:30 ---

Bob's turn (Cafe, $10):
Bob: "I'm still here with Chloe and Bob at the cafe. Maybe we should just keep enjoying the coffee for a bit longer." (Action: goCafe)
-> Bob attempts: goCafe
-> Failed: you are already at the Cafe
Bob (retry): "I'm still chatting with Chloe and Bob at the cafe. It's been a lovely coffee time so far." (Action: goCafe)
-> Bob attempts: goCafe
-> Failed: you are already at the Cafe

Alice's turn (Cafe, $10):
Alice: "I'm still here and happy to chat if you'd like to continue. Have a lovely day!" (Action: startConversation)
-> Alice attempts: startConversation
-> unknown action: startConversation
Alice (retry): "I'm still here and happy to chat if you'd like to continue. Have a lovely day!" (Action: startConversation)
-> Alice attempts: startConversation
-> unknown action: startConversation

Chloe's turn (Cafe, $10):
Chloe: "It's late and no one's working, so I'll just sit there and wait for the bus. I'm not hungry." (Action: goCafe)
-> Chloe attempts: goCafe
-> Failed: you are already at the Cafe
Chloe (retry): "I'm already at the cafe! Since it's Day 4 and no one's working, I could just sit there and chat with Bob, or maybe grab a coffee. I don't feel like working yet." (Action: goCafe)
-> Chloe attempts: goCafe
-> Failed: you are already at the Cafe


========== DAY 5 ==========

--- Time: Day5 00:00 ---

Bob's turn (Cafe, $10):
Bob: "I'm still here with Chloe and Bob at the cafe. Maybe we should just keep enjoying the coffee for a bit longer." (Action: goCafe)
-> Bob attempts: goCafe
-> Failed: you are already at the Cafe
Bob (retry): "I'm still chatting with Chloe and Bob at the cafe. It's been a lovely coffee time so far." (Action: goCafe)
-> Bob attempts: goCafe
-> Failed: you are already at the Cafe

Alice's turn (Cafe, $10):
Alice: "I'm still here and happy to chat if you'd like to continue. Have a lovely day!" (Action: startConversation)
-> Alice attempts: startConversation
-> unknown action: startConversation
Alice (retry): "I'm still here and happy to chat if you'd like to continue. Have a lovely day!" (Action: startConversation)
-> Alice attempts: startConversation
-> unknown action: startConversation

Chloe's turn (Cafe, $10):
Chloe: "It's late and the cafe is empty, so I'll just sit there and wait for the bus. I'm not hungry." (Action: goCafe)
-> Chloe attempts: goCafe
-> Failed: you are already at the Cafe
Chloe (retry): "I'm already at the cafe! Since it's Day 5 and no one's working, I could just sit there and chat with Bob, or maybe grab a coffee. I don't feel like working yet." (Action: goCafe)
-> Chloe attempts: goCafe
-> Failed: you are already at the Cafe

--- Time: Day5 00:30 ---

Bob's turn (Cafe, $10):
Bob: "I'm still here with Chloe and Bob at the cafe. Maybe we should just keep enjoying the coffee for a bit longer." (Action: goCafe)
-> Bob attempts: goCafe
-> Failed: you are already at the Cafe
Bob (retry): "I'm still chatting with Chloe and Bob at the cafe. It's been a lovely coffee time so far." (Action: goCafe)
-> Bob attempts: goCafe
-> Failed: you are already at the Cafe

Alice's turn (Cafe, $10):
Alice: "I'm still here and happy to chat if you'd like to continue. Have a lovely day!" (Action: startConversation)
-> Alice attempts: startConversation
-> unknown action: startConversation
Alice (retry): "I'm still here and happy to chat if you'd like to continue. Have a lovely day!" (Action: startConversation)
-> Alice attempts: startConversation
-> unknown action: startConversation

Chloe's turn (Cafe, $10):
Chloe: "It's late and the cafe is empty, so I'll just sit there and wait for the bus. I'm not hungry." (Action: goCafe)
-> Chloe attempts: goCafe
-> Failed: you are already at the Cafe
Chloe (retry): "I'm already at the cafe! Since it's Day 5 and no one's working, I could just sit there and chat with Bob, or maybe grab a coffee. I don't feel like working yet." (Action: goCafe)
-> Chloe attempts: goCafe
-> Failed: you are already at the Cafe

--- Time: Day5 01:00 ---

Bob's turn (Cafe, $10):
Bob: "I'm still here with Chloe and Bob at the cafe. Maybe we should just keep enjoying the coffee for a bit longer." (Action: goCafe)
-> Bob attempts: goCafe
-> Failed: you are already at the Cafe
Bob (retry): "I'm still chatting with Chloe and Bob at the cafe. It's been a lovely coffee time so far." (Action: goCafe)
-> Bob attempts: goCafe
-> Failed: you are already at the Cafe

Alice's turn (Cafe, $10):
Alice: "I'm still here and happy to chat if you'd like to continue. Have a lovely day!" (Action: startConversation)
-> Alice attempts: startConversation
-> unknown action: startConversation
Alice (retry): "I'm still here and happy to chat if you'd like to continue. Have a lovely day!" (Action: startConversation)
-> Alice attempts: startConversation
-> unknown action: startConversation

Chloe's turn (Cafe, $10):
Chloe: "It's late and the cafe is empty, so I'll just sit there and wait for the bus. I'm not hungry." (Action: goCafe)
-> Chloe attempts: goCafe
-> Failed: you are already at the Cafe
Chloe (retry): "I'm already at the cafe! Since it's Day 5 and no one's working, I could just sit there and chat with Bob, or maybe grab a coffee. I don't feel like working yet." (Action: goCafe)
-> Chloe attempts: goCafe
-> Failed: you are already at the Cafe

--- Time: Day5 01:30 ---

Bob's turn (Cafe, $10):
Bob: "I'm still here with Chloe and Bob at the cafe. Maybe we should just keep enjoying the coffee for a bit longer." (Action: goCafe)
-> Bob attempts: goCafe
-> Failed: you are already at the Cafe
Bob (retry): "I'm still chatting with Chloe and Bob at the cafe. It's been a lovely coffee time so far." (Action: goCafe)
-> Bob attempts: goCafe
-> Failed: you are already at the Cafe

Alice's turn (Cafe, $10):
Alice: "I'm still here and happy to chat if you'd like to continue. Have a lovely day!" (Action: startConversation)
-> Alice attempts: startConversation
-> unknown action: startConversation
Alice (retry): "I'm still here and happy to chat if you'd like to continue. Have a lovely day!" (Action: startConversation)
-> Alice attempts: startConversation
-> unknown action: startConversation

Chloe's turn (Cafe, $10):
Chloe: "It's late and the cafe is empty, so I'll just sit there and wait for the bus. I'm not hungry." (Action: goCafe)
-> Chloe attempts: goCafe
-> Failed: you are already at the Cafe
Chloe (retry): "I'm already at the cafe! Since it's Day 5 and no one's working, I could just sit there and chat with Bob, or maybe grab a coffee. I don't feel like working yet." (Action: goCafe)
-> Chloe attempts: goCafe
-> Failed: you are already at the Cafe

--- Time: Day5 02:00 ---

Bob's turn (Cafe, $10):
Bob: "I'm still here with Chloe and Bob at the cafe. Maybe we should just keep enjoying the coffee for a bit longer." (Action: goCafe)
-> Bob attempts: goCafe
-> Failed: you are already at the Cafe
Bob (retry): "I'm still chatting with Chloe and Bob at the cafe. It's been a lovely coffee time so far." (Action: goCafe)
-> Bob attempts: goCafe
-> Failed: you are already at the Cafe

Alice's turn (Cafe, $10):
Alice: "I'm still here and happy to chat if you'd like to continue. Have a lovely day!" (Action: startConversation)
-> Alice attempts: startConversation
-> unknown action: startConversation
Alice (retry): "I'm still here and happy to chat if you'd like to continue. Have a lovely day!" (Action: startConversation)
-> Alice attempts: startConversation
-> unknown action: startConversation

Chloe's turn (Cafe, $10):
Chloe: "It's late and the cafe is empty, so I'll just sit there and wait for the bus. I'm not hungry." (Action: goCafe)
-> Chloe attempts: goCafe
-> Failed: you are already at the Cafe
Chloe (retry): "I'm already at the cafe! Since it's Day 5 and no one's working, I could just sit there and chat with Bob, or maybe grab a coffee. I don't feel like working yet." (Action: goCafe)
-> Chloe attempts: goCafe
-> Failed: you are already at the Cafe

--- Time: Day5 02:30 ---

Bob's turn (Cafe, $10):
Bob: "I'm still here with Chloe and Bob at the cafe. Maybe we should just keep enjoying the coffee for a bit longer." (Action: goCafe)
-> Bob attempts: goCafe
-> Failed: you are already at the Cafe
Bob (retry): "I'm still chatting with Chloe and Bob at the cafe. It's been a lovely coffee time so far." (Action: goCafe)
-> Bob attempts: goCafe
-> Failed: you are already at the Cafe

Alice's turn (Cafe, $10):
Alice: "I'm still here and happy to chat if you'd like to continue. Have a lovely day!" (Action: startConversation)
-> Alice attempts: startConversation
-> unknown action: startConversation
Alice (retry): "I'm still here and happy to chat if you'd like to continue. Have a lovely day!" (Action: startConversation)
-> Alice attempts: startConversation
-> unknown action: startConversation

Chloe's turn (Cafe, $10):
Chloe: "It's late and the cafe is empty, so I'll just sit there and wait for the bus. I'm not hungry." (Action: goCafe)
-> Chloe attempts: goCafe
-> Failed: you are already at the Cafe
Chloe (retry): "I'm already at the cafe! Since it's Day 5 and no one's working, I could just sit there and chat with Bob, or maybe grab a coffee. I don't feel like working yet." (Action: goCafe)
-> Chloe attempts: goCafe
-> Failed: you are already at the Cafe

--- Time: Day5 03:00 ---

Bob's turn (Cafe, $10):
Bob: "I'm still here with Chloe and Bob at the cafe. Maybe we should just keep enjoying the coffee for a bit longer." (Action: goCafe)
-> Bob attempts: goCafe
-> Failed: you are already at the Cafe
Bob (retry): "I'm still chatting with Chloe and Bob at the cafe. It's been a lovely coffee time so far." (Action: goCafe)
-> Bob attempts: goCafe
-> Failed: you are already at the Cafe

Alice's turn (Cafe, $10):
Alice: "I'm still here and happy to chat if you'd like to continue. Have a lovely day!" (Action: startConversation)
-> Alice attempts: startConversation
-> unknown action: startConversation
Alice (retry): "I'm still here and happy to chat if you'd like to continue. Have a lovely day!" (Action: startConversation)
-> Alice attempts: startConversation
-> unknown action: startConversation

Chloe's turn (Cafe, $10):
Chloe: "It's late and the cafe is empty, so I'll just sit there and wait for the bus. I'm not hungry." (Action: goCafe)
-> Chloe attempts: goCafe
-> Failed: you are already at the Cafe
Chloe (retry): "I'm already at the cafe! Since it's Day 5 and no one's working, I could just sit there and chat with Bob, or maybe grab a coffee. I don't feel like working yet." (Action: goCafe)
-> Chloe attempts: goCafe
-> Failed: you are already at the Cafe

--- Time: Day5 03:30 ---

Bob's turn (Cafe, $10):
Bob: "I'm still here with Chloe and Bob at the cafe. Maybe we should just keep enjoying the coffee for a bit longer." (Action: goCafe)
-> Bob attempts: goCafe
-> Failed: you are already at the Cafe
Bob (retry): "I'm still chatting with Chloe and Bob at the cafe. It's been a lovely coffee time so far." (Action: goCafe)
-> Bob attempts: goCafe
-> Failed: you are already at the Cafe

Alice's turn (Cafe, $10):
Alice: "I'm still here and happy to chat if you'd like to continue. Have a lovely day!" (Action: startConversation)
-> Alice attempts: startConversation
-> unknown action: startConversation
Alice (retry): "I'm still here and happy to chat if you'd like to continue. Have a lovely day!" (Action: startConversation)
-> Alice attempts: startConversation
-> unknown action: startConversation

Chloe's turn (Cafe, $10):
Chloe: "It's late and the cafe is empty, so I'll just sit there and wait for the bus. I'm not hungry." (Action: goCafe)
-> Chloe attempts: goCafe
-> Failed: you are already at the Cafe
Chloe (retry): "I'm already at the cafe! Since it's Day 5 and no one's working, I could just sit there and chat with Bob, or maybe grab a coffee. I don't feel like working yet." (Action: goCafe)
-> Chloe attempts: goCafe
-> Failed: you are already at the Cafe

--- Time: Day5 04:00 ---

Bob's turn (Cafe, $10):
Bob: "I'm still here with Chloe and Bob at the cafe. Maybe we should just keep enjoying the coffee for a bit longer." (Action: goCafe)
-> Bob attempts: goCafe
-> Failed: you are already at the Cafe
Bob (retry): "I'm still chatting with Chloe and Bob at the cafe. It's been a lovely coffee time so far." (Action: goCafe)
-> Bob attempts: goCafe
-> Failed: you are already at the Cafe

Alice's turn (Cafe, $10):
Alice: "I'm still here and happy to chat if you'd like to continue. Have a lovely day!" (Action: startConversation)
-> Alice attempts: startConversation
-> unknown action: startConversation
Alice (retry): "I'm still here and happy to chat if you'd like to continue. Have a lovely day!" (Action: startConversation)
-> Alice attempts: startConversation
-> unknown action: startConversation

Chloe's turn (Cafe, $10):
Chloe: "It's late and the cafe is empty, so I'll just sit there and wait for the bus. I'm not hungry." (Action: goCafe)
-> Chloe attempts: goCafe
-> Failed: you are already at the Cafe
Chloe (retry): "I'm already at the cafe! Since it's Day 5 and no one's working, I could just sit there and chat with Bob, or maybe grab a coffee. I don't feel like working yet." (Action: goCafe)
-> Chloe attempts: goCafe
-> Failed: you are already at the Cafe

--- Time: Day5 04:30 ---

Bob's turn (Cafe, $10):
Bob: "I'm still here with Chloe and Bob at the cafe. Maybe we should just keep enjoying the coffee for a bit longer." (Action: goCafe)
-> Bob attempts: goCafe
-> Failed: you are already at the Cafe
Bob (retry): "I'm still chatting with Chloe and Bob at the cafe. It's been a lovely coffee time so far." (Action: goCafe)
-> Bob attempts: goCafe
-> Failed: you are already at the Cafe

Alice's turn (Cafe, $10):
Alice: "I'm still here and happy to chat if you'd like to continue. Have a lovely day!" (Action: startConversation)
-> Alice attempts: startConversation
-> unknown action: startConversation
Alice (retry): "I'm still here and happy to chat if you'd like to continue. Have a lovely day!" (Action: startConversation)
-> Alice attempts: startConversation
-> unknown action: startConversation

Chloe's turn (Cafe, $10):
Chloe: "It's late and the cafe is empty, so I'll just sit there and wait for the bus. I'm not hungry." (Action: goCafe)
-> Chloe attempts: goCafe
-> Failed: you are already at the Cafe
Chloe (retry): "I'm already at the cafe! Since it's Day 5 and no one's working, I could just sit there and chat with Bob, or maybe grab a coffee. I don't feel like working yet." (Action: goCafe)
-> Chloe attempts: goCafe
-> Failed: you are already at the Cafe

--- Time: Day5 05:00 ---

Bob's turn (Cafe, $10):
Bob: "I'm still here with Chloe and Bob at the cafe. Maybe we should just keep enjoying the coffee for a bit longer." (Action: goCafe)
-> Bob attempts: goCafe
-> Failed: you are already at the Cafe
Bob (retry): "I'm still chatting with Chloe and Bob at the cafe. It's been a lovely coffee time so far." (Action: goCafe)
-> Bob attempts: goCafe
-> Failed: you are already at the Cafe

Alice's turn (Cafe, $10):
Alice: "I'm still here and happy to chat if you'd like to continue. Have a lovely day!" (Action: startConversation)
-> Alice attempts: startConversation
-> unknown action: startConversation
Alice (retry): "I'm still here and happy to chat if you'd like to continue. Have a lovely day!" (Action: startConversation)
-> Alice attempts: startConversation
-> unknown action: startConversation

Chloe's turn (Cafe, $10):
Chloe: "It's late and the cafe is empty, so I'll just sit there and wait for the bus. I'm not hungry." (Action: goCafe)
-> Chloe attempts: goCafe
-> Failed: you are already at the Cafe
Chloe (retry): "I'm already at the cafe! Since it's Day 5 and no one's working, I could just sit there and chat with Bob, or maybe grab a coffee. I don't feel like working yet." (Action: goCafe)
-> Chloe attempts: goCafe
-> Failed: you are already at the Cafe

--- Time: Day5 05:30 ---

Bob's turn (Cafe, $10):
Bob: "I'm still here with Chloe and Bob at the cafe. Maybe we should just keep enjoying the coffee for a bit longer." (Action: goCafe)
-> Bob attempts: goCafe
-> Failed: you are already at the Cafe
Bob (retry): "I'm still chatting with Chloe and Bob at the cafe. It's been a lovely coffee time so far." (Action: goCafe)
-> Bob attempts: goCafe
-> Failed: you are already at the Cafe

Alice's turn (Cafe, $10):
Alice: "I'm still here and happy to chat if you'd like to continue. Have a lovely day!" (Action: startConversation)
-> Alice attempts: startConversation
-> unknown action: startConversation
Alice (retry): "I'm still here and happy to chat if you'd like to continue. Have a lovely day!" (Action: startConversation)
-> Alice attempts: startConversation
-> unknown action: startConversation

Chloe's turn (Cafe, $10):
Chloe: "It's late and the cafe is empty, so I'll just sit there and wait for the bus. I'm not hungry." (Action: goCafe)
-> Chloe attempts: goCafe
-> Failed: you are already at the Cafe
Chloe (retry): "I'm already at the cafe! Since it's Day 5 and no one's working, I could just sit there and chat with Bob, or maybe grab a coffee. I don't feel like working yet." (Action: goCafe)
-> Chloe attempts: goCafe
-> Failed: you are already at the Cafe

--- Time: Day5 06:00 ---

Bob's turn (Cafe, $10):
Bob: "I'm still here with Chloe and Bob at the cafe. Maybe we should just keep enjoying the coffee for a bit longer." (Action: goCafe)
-> Bob attempts: goCafe
-> Failed: you are already at the Cafe
Bob (retry): "I'm still chatting with Chloe and Bob at the cafe. It's been a lovely coffee time so far." (Action: goCafe)
-> Bob attempts: goCafe
-> Failed: you are already at the Cafe

Alice's turn (Cafe, $10):
Alice: "I'm still here and happy to chat if you'd like to continue. Have a lovely day!" (Action: startConversation)
-> Alice attempts: startConversation
-> unknown action: startConversation
Alice (retry): "I'm still here and happy to chat if you'd like to continue. Have a lovely day!" (Action: startConversation)
-> Alice attempts: startConversation
-> unknown action: startConversation

Chloe's turn (Cafe, $10):
Chloe: "It's late and the cafe is empty, so I'll just sit there and wait for the bus. I'm not hungry." (Action: goCafe)
-> Chloe attempts: goCafe
-> Failed: you are already at the Cafe
Chloe (retry): "I'm already at the cafe! Since it's Day 5 and no one's working, I could just sit there and chat with Bob, or maybe grab a coffee. I don't feel like working yet." (Action: goCafe)
-> Chloe attempts: goCafe
-> Failed: you are already at the Cafe

--- Time: Day5 06:30 ---

Bob's turn (Cafe, $10):
Bob: "I'm still here with Chloe and Bob at the cafe. Maybe we should just keep enjoying the coffee for a bit longer." (Action: goCafe)
-> Bob attempts: goCafe
-> Failed: you are already at the Cafe
Bob (retry): "I'm still chatting with Chloe and Bob at the cafe. It's been a lovely coffee time so far." (Action: goCafe)
-> Bob attempts: goCafe
-> Failed: you are already at the Cafe

Alice's turn (Cafe, $10):
Alice: "I'm still here and happy to chat if you'd like to continue. Have a lovely day!" (Action: startConversation)
-> Alice attempts: startConversation
-> unknown action: startConversation
Alice (retry): "I'm still here and happy to chat if you'd like to continue. Have a lovely day!" (Action: startConversation)
-> Alice attempts: startConversation
-> unknown action: startConversation

Chloe's turn (Cafe, $10):
Chloe: "It's late and the cafe is empty, so I'll just sit there and wait for the bus. I'm not hungry." (Action: goCafe)
-> Chloe attempts: goCafe
-> Failed: you are already at the Cafe
Chloe (retry): "I'm already at the cafe! Since it's Day 5 and no one's working, I could just sit there and chat with Bob, or maybe grab a coffee. I don't feel like working yet." (Action: goCafe)
-> Chloe attempts: goCafe
-> Failed: you are already at the Cafe

--- Time: Day5 07:00 ---

Bob's turn (Cafe, $10):
Bob: "I'm still here with Chloe and Bob at the cafe. Maybe we should just keep enjoying the coffee for a bit longer." (Action: goCafe)
-> Bob attempts: goCafe
-> Failed: you are already at the Cafe
Bob (retry): "I'm still chatting with Chloe and Bob at the cafe. It's been a lovely coffee time so far." (Action: goCafe)
-> Bob attempts: goCafe
-> Failed: you are already at the Cafe

Alice's turn (Cafe, $10):
Alice: "I'm still here and happy to chat if you'd like to continue. Have a lovely day!" (Action: startConversation)
-> Alice attempts: startConversation
-> unknown action: startConversation
Alice (retry): "I'm still here and happy to chat if you'd like to continue. Have a lovely day!" (Action: startConversation)
-> Alice attempts: startConversation
-> unknown action: startConversation

Chloe's turn (Cafe, $10):
Chloe: "It's late and the cafe is empty, so I'll just sit there and wait for the bus. I'm not hungry." (Action: goCafe)
-> Chloe attempts: goCafe
-> Failed: you are already at the Cafe
Chloe (retry): "I'm already at the cafe! Since it's Day 5 and no one's working, I could just sit there and chat with Bob, or maybe grab a coffee. I don't feel like working yet." (Action: goCafe)
-> Chloe attempts: goCafe
-> Failed: you are already at the Cafe

--- Time: Day5 07:30 ---

Bob's turn (Cafe, $10):
Bob: "I'm still here with Chloe and Bob at the cafe. Maybe we should just keep enjoying the coffee for a bit longer." (Action: goCafe)
-> Bob attempts: goCafe
-> Failed: you are already at the Cafe
Bob (retry): "I'm still chatting with Chloe and Bob at the cafe. It's been a lovely coffee time so far." (Action: goCafe)
-> Bob attempts: goCafe
-> Failed: you are already at the Cafe

Alice's turn (Cafe, $10):
Alice: "I'm still here and happy to chat if you'd like to continue. Have a lovely day!" (Action: startConversation)
-> Alice attempts: startConversation
-> unknown action: startConversation
Alice (retry): "I'm still here and happy to chat if you'd like to continue. Have a lovely day!" (Action: startConversation)
-> Alice attempts: startConversation
-> unknown action: startConversation

Chloe's turn (Cafe, $10):
Chloe: "It's late and the cafe is empty, so I'll just sit there and wait for the bus. I'm not hungry." (Action: goCafe)
-> Chloe attempts: goCafe
-> Failed: you are already at the Cafe
Chloe (retry): "I'm already at the cafe! Since it's Day 5 and no one's working, I could just sit there and chat with Bob, or maybe grab a coffee. I don't feel like working yet." (Action: goCafe)
-> Chloe attempts: goCafe
-> Failed: you are already at the Cafe

--- Time: Day5 08:00 ---

Bob's turn (Cafe, $10):
Bob: "I'm still here with Chloe and Bob at the cafe. Maybe we should just keep enjoying the coffee for a bit longer." (Action: goCafe)
-> Bob attempts: goCafe
-> Failed: you are already at the Cafe
Bob (retry): "I'm still chatting with Chloe and Bob at the cafe. It's been a lovely coffee time so far." (Action: goCafe)
-> Bob attempts: goCafe
-> Failed: you are already at the Cafe

Alice's turn (Cafe, $10):
Alice: "I'm still here and happy to chat if you'd like to continue. Have a lovely day!" (Action: startConversation)
-> Alice attempts: startConversation
-> unknown action: startConversation
Alice (retry): "I'm still here and happy to chat if you'd like to continue. Have a lovely day!" (Action: startConversation)
-> Alice attempts: startConversation
-> unknown action: startConversation

Chloe's turn (Cafe, $10):
Chloe: "It's getting late and the cafe is empty, so I'll just sit there and wait for the bus. I'm not hungry." (Action: goCafe)
-> Chloe attempts: goCafe
-> Failed: you are already at the Cafe
Chloe (retry): "I'm already at the cafe! Since it's Day 5 and no one's working, I could just sit there and chat with Bob, or maybe grab a coffee. I don't feel like working yet." (Action: goCafe)
-> Chloe attempts: goCafe
-> Failed: you are already at the Cafe

--- Time: Day5 08:30 ---

Bob's turn (Cafe, $10):
Bob: "I'm still here with Chloe and Bob at the cafe. Maybe we should just keep enjoying the coffee for a bit longer." (Action: goCafe)
-> Bob attempts: goCafe
-> Failed: you are already at the Cafe
Bob (retry): "I'm still chatting with Chloe and Bob at the cafe. It's been a lovely coffee time so far." (Action: goCafe)
-> Bob attempts: goCafe
-> Failed: you are already at the Cafe

Alice's turn (Cafe, $10):
Alice: "I'm still here and happy to chat if you'd like to continue. Have a lovely day!" (Action: startConversation)
-> Alice attempts: startConversation
-> unknown action: startConversation
Alice (retry): "I'm still here and happy to chat if you'd like to continue. Have a lovely day!" (Action: startConversation)
-> Alice attempts: startConversation
-> unknown action: startConversation

Chloe's turn (Cafe, $10):
Chloe: "It's late and the cafe is empty, so I'll just sit there and wait for the bus. I'm not hungry." (Action: goCafe)
-> Chloe attempts: goCafe
-> Failed: you are already at the Cafe
Chloe (retry): "I'm already at the cafe! Since it's Day 5 and no one's working, I could just sit there and chat with Bob, or maybe grab a coffee. I don't feel like working yet." (Action: goCafe)
-> Chloe attempts: goCafe
-> Failed: you are already at the Cafe

--- Time: Day5 09:00 ---

Bob's turn (Cafe, $10):
Bob: "I'm still here with Chloe and Bob at the cafe. Maybe we should just keep enjoying the coffee for a bit longer." (Action: goCafe)
-> Bob attempts: goCafe
-> Failed: you are already at the Cafe
Bob (retry): "I'm still chatting with Chloe and Bob at the cafe. It's been a lovely coffee time so far." (Action: goCafe)
-> Bob attempts: goCafe
-> Failed: you are already at the Cafe

Alice's turn (Cafe, $10):
Alice: "I'm still here and happy to chat if you'd like to continue. Have a lovely day!" (Action: startConversation)
-> Alice attempts: startConversation
-> unknown action: startConversation
Alice (retry): "I'm still here and happy to chat if you'd like to continue. Have a lovely day!" (Action: startConversation)
-> Alice attempts: startConversation
-> unknown action: startConversation

Chloe's turn (Cafe, $10):
Chloe: "It's getting late and the cafe is empty, so I'll just sit there and wait for the bus. I'm not hungry." (Action: goCafe)
-> Chloe attempts: goCafe
-> Failed: you are already at the Cafe
Chloe (retry): "I'm already at the cafe! Since it's Day 5 and no one's working, I could just sit there and chat with Bob, or maybe grab a coffee. I don't feel like working yet." (Action: goCafe)
-> Chloe attempts: goCafe
-> Failed: you are already at the Cafe

--- Time: Day5 09:30 ---

Bob's turn (Cafe, $10):
Bob: "I'm still here with Chloe and Bob at the cafe. Maybe we should just keep enjoying the coffee for a bit longer." (Action: goCafe)
-> Bob attempts: goCafe
-> Failed: you are already at the Cafe
Bob (retry): "I'm still chatting with Chloe and Bob at the cafe. It's been a lovely coffee time so far." (Action: goCafe)
-> Bob attempts: goCafe
-> Failed: you are already at the Cafe

Alice's turn (Cafe, $10):
Alice: "I'm still here and happy to chat if you'd like to continue. Have a lovely day!" (Action: startConversation)
-> Alice attempts: startConversation
-> unknown action: startConversation
Alice (retry): "I'm still here and happy to chat if you'd like to continue. Have a lovely day!" (Action: startConversation)
-> Alice attempts: startConversation
-> unknown action: startConversation

Chloe's turn (Cafe, $10):
Chloe: "It's late and the cafe is empty, so I'll just sit there and wait for the bus. I'm not hungry." (Action: goCafe)
-> Chloe attempts: goCafe
-> Failed: you are already at the Cafe
Chloe (retry): "I'm already at the cafe! Since it's Day 5 and no one's working, I could just sit there and chat with Bob, or maybe grab a coffee. I don't feel like working yet." (Action: goCafe)
-> Chloe attempts: goCafe
-> Failed: you are already at the Cafe

--- Time: Day5 10:00 ---

Bob's turn (Cafe, $10):
Bob: "I'm still here with Chloe and Bob at the cafe. Maybe we should just keep enjoying the coffee for a bit longer." (Action: goCafe)
-> Bob attempts: goCafe
-> Failed: you are already at the Cafe
Bob (retry): "I'm still chatting with Chloe and Bob at the cafe. It's been a lovely coffee time so far." (Action: goCafe)
-> Bob attempts: goCafe
-> Failed: you are already at the Cafe

Alice's turn (Cafe, $10):
Alice: "I'm still here and happy to chat if you'd like to continue. Have a lovely day!" (Action: startConversation)
-> Alice attempts: startConversation
-> unknown action: startConversation
Alice (retry): "I'm still here and happy to chat if you'd like to continue. Have a lovely day!" (Action: startConversation)
-> Alice attempts: startConversation
-> unknown action: startConversation

Chloe's turn (Cafe, $10):
Chloe: "It's getting late and the cafe is empty, so I'll just sit there and wait for the bus. I'm not hungry." (Action: goCafe)
-> Chloe attempts: goCafe
-> Failed: you are already at the Cafe
Chloe (retry): "I'm already at the cafe! Since it's Day 5 and no one's working, I could just sit there and chat with Bob, or maybe grab a coffee. I don't feel like working yet." (Action: goCafe)
-> Chloe attempts: goCafe
-> Failed: you are already at the Cafe

--- Time: Day5 10:30 ---

Bob's turn (Cafe, $10):
Bob: "I'm still here with Chloe and Bob at the cafe. Maybe we should just keep enjoying the coffee for a bit longer." (Action: goCafe)
-> Bob attempts: goCafe
-> Failed: you are already at the Cafe
Bob (retry): "I'm still chatting with Chloe and Bob at the cafe. It's been a lovely coffee time so far." (Action: goCafe)
-> Bob attempts: goCafe
-> Failed: you are already at the Cafe

Alice's turn (Cafe, $10):
Alice: "I'm still here and happy to chat if you'd like to continue. Have a lovely day!" (Action: startConversation)
-> Alice attempts: startConversation
-> unknown action: startConversation
Alice (retry): "I'm still here and happy to chat if you'd like to continue. Have a lovely day!" (Action: startConversation)
-> Alice attempts: startConversation
-> unknown action: startConversation

Chloe's turn (Cafe, $10):
Chloe: "It's late and the cafe is empty, so I'll just sit there and wait for the bus. I'm not hungry." (Action: goCafe)
-> Chloe attempts: goCafe
-> Failed: you are already at the Cafe
Chloe (retry): "I'm already at the cafe! Since it's Day 5 and no one's working, I could just sit there and chat with Bob, or maybe grab a coffee. I don't feel like working yet." (Action: goCafe)
-> Chloe attempts: goCafe
-> Failed: you are already at the Cafe

--- Time: Day5 11:00 ---

Bob's turn (Cafe, $10):
Bob: "I'm still here with Chloe and Bob at the cafe. Maybe we should just keep enjoying the coffee for a bit longer." (Action: goCafe)
-> Bob attempts: goCafe
-> Failed: you are already at the Cafe
Bob (retry): "I'm still chatting with Chloe and Bob at the cafe. It's been a lovely coffee time so far." (Action: goCafe)
-> Bob attempts: goCafe
-> Failed: you are already at the Cafe

Alice's turn (Cafe, $10):
Alice: "I'm still here and happy to chat if you'd like to continue. Have a lovely day!" (Action: startConversation)
-> Alice attempts: startConversation
-> unknown action: startConversation
Alice (retry): "I'm still here and happy to chat if you'd like to continue. Have a lovely day!" (Action: startConversation)
-> Alice attempts: startConversation
-> unknown action: startConversation

Chloe's turn (Cafe, $10):
Chloe: "It's getting late and the cafe is empty, so I'll just sit there and wait for the bus. I'm not hungry." (Action: goCafe)
-> Chloe attempts: goCafe
-> Failed: you are already at the Cafe
Chloe (retry): "I'm already at the cafe! Since it's Day 5 and no one's working, I could just sit there and chat with Bob, or maybe grab a coffee. I don't feel like working yet." (Action: goCafe)
-> Chloe attempts: goCafe
-> Failed: you are already at the Cafe

--- Time: Day5 11:30 ---

Bob's turn (Cafe, $10):
Bob: "I'm still here with Chloe and Bob at the cafe. Maybe we should just keep enjoying the coffee for a bit longer." (Action: goCafe)
-> Bob attempts: goCafe
-> Failed: you are already at the Cafe
Bob (retry): "I'm still chatting with Chloe and Bob at the cafe. It's been a lovely coffee time so far." (Action: goCafe)
-> Bob attempts: goCafe
-> Failed: you are already at the Cafe

Alice's turn (Cafe, $10):
Alice: "I'm still here and happy to chat if you'd like to continue. Have a lovely day!" (Action: startConversation)
-> Alice attempts: startConversation
-> unknown action: startConversation
Alice (retry): "I'm still here and happy to chat if you'd like to continue. Have a lovely day!" (Action: startConversation)
-> Alice attempts: startConversation
-> unknown action: startConversation

Chloe's turn (Cafe, $10):
Chloe: "It's late and the cafe is empty, so I'll just sit there and wait for the bus. I'm not hungry." (Action: goCafe)
-> Chloe attempts: goCafe
-> Failed: you are already at the Cafe
Chloe (retry): "I'm already at the cafe! Since it's Day 5 and no one's working, I could just sit there and chat with Bob, or maybe grab a coffee. I don't feel like working yet." (Action: goCafe)
-> Chloe attempts: goCafe
-> Failed: you are already at the Cafe

--- Time: Day5 12:00 ---

Bob's turn (Cafe, $10):
Bob: "I'm still here with Chloe and Bob at the cafe. Maybe we should just keep enjoying the coffee for a bit longer." (Action: goCafe)
-> Bob attempts: goCafe
-> Failed: you are already at the Cafe
Bob (retry): "I'm still chatting with Chloe and Bob at the cafe. It's been a lovely coffee time so far." (Action: goCafe)
-> Bob attempts: goCafe
-> Failed: you are already at the Cafe

Alice's turn (Cafe, $10):
Alice: "I'm still here and happy to chat if you'd like to continue. Have a lovely day!" (Action: startConversation)
-> Alice attempts: startConversation
-> unknown action: startConversation
Alice (retry): "I'm still here and happy to chat if you'd like to continue. Have a lovely day!" (Action: startConversation)
-> Alice attempts: startConversation
-> unknown action: startConversation

Chloe's turn (Cafe, $10):
Chloe: "It's getting late and the cafe is empty, so I'll just sit there and wait for the bus. I'm not hungry." (Action: goCafe)
-> Chloe attempts: goCafe
-> Failed: you are already at the Cafe
Chloe (retry): "I'm already at the cafe! Since it's Day 5 and no one's working, I could just sit there and chat with Bob, or maybe grab a coffee. I don't feel like working yet." (Action: goCafe)
-> Chloe attempts: goCafe
-> Failed: you are already at the Cafe

--- Time: Day5 12:30 ---

Bob's turn (Cafe, $10):
Bob: "I'm still here with Chloe and Bob at the cafe. Maybe we should just keep enjoying the coffee for a bit longer." (Action: goCafe)
-> Bob attempts: goCafe
-> Failed: you are already at the Cafe
Bob (retry): "I'm still chatting with Chloe and Bob at the cafe. It's been a lovely coffee time so far." (Action: goCafe)
-> Bob attempts: goCafe
-> Failed: you are already at the Cafe

Alice's turn (Cafe, $10):
Alice: "I'm still here and happy to chat if you'd like to continue. Have a lovely day!" (Action: startConversation)
-> Alice attempts: startConversation
-> unknown action: startConversation
Alice (retry): "I'm still here and happy to chat if you'd like to continue. Have a lovely day!" (Action: startConversation)
-> Alice attempts: startConversation
-> unknown action: startConversation

Chloe's turn (Cafe, $10):
Chloe: "It's late and the cafe is empty, so I'll just sit there and wait for the bus. I'm not hungry." (Action: goCafe)
-> Chloe attempts: goCafe
-> Failed: you are already at the Cafe
Chloe (retry): "I'm already at the cafe! Since it's Day 5 and no one's working, I could just sit there and chat with Bob, or maybe grab a coffee. I don't feel like working yet." (Action: goCafe)
-> Chloe attempts: goCafe
-> Failed: you are already at the Cafe

--- Time: Day5 13:00 ---

Bob's turn (Cafe, $10):
Bob: "I'm still here with Chloe and Bob at the cafe. Maybe we should just keep enjoying the coffee for a bit longer." (Action: goCafe)
-> Bob attempts: goCafe
-> Failed: you are already at the Cafe
Bob (retry): "I'm still chatting with Chloe and Bob at the cafe. It's been a lovely coffee time so far." (Action: goCafe)
-> Bob attempts: goCafe
-> Failed: you are already at the Cafe

Alice's turn (Cafe, $10):
Alice: "I'm still here and happy to chat if you'd like to continue. Have a lovely day!" (Action: startConversation)
-> Alice attempts: startConversation
-> unknown action: startConversation
Alice (retry): "I'm still here and happy to chat if you'd like to continue. Have a lovely day!" (Action: startConversation)
-> Alice attempts: startConversation
-> unknown action: startConversation

Chloe's turn (Cafe, $10):
Chloe: "It's late and the cafe is empty, so I'll just sit there and wait for the bus. I'm not hungry." (Action: goCafe)
-> Chloe attempts: goCafe
-> Failed: you are already at the Cafe
Chloe (retry): "I'm already at the cafe! Since it's Day 5 and no one's working, I could just sit there and chat with Bob, or maybe grab a coffee. I don't feel like working yet." (Action: goCafe)
-> Chloe attempts: goCafe
-> Failed: you are already at the Cafe

--- Time: Day5 13:30 ---

Bob's turn (Cafe, $10):
Bob: "I'm still here with Chloe and Bob at the cafe. Maybe we should just keep enjoying the coffee for a bit longer." (Action: goCafe)
-> Bob attempts: goCafe
-> Failed: you are already at the Cafe
Bob (retry): "I'm still chatting with Chloe and Bob at the cafe. It's been a lovely coffee time so far." (Action: goCafe)
-> Bob attempts: goCafe
-> Failed: you are already at the Cafe

Alice's turn (Cafe, $10):
Alice: "I'm still here and happy to chat if you'd like to continue. Have a lovely day!" (Action: startConversation)
-> Alice attempts: startConversation
-> unknown action: startConversation
Alice (retry): "I'm still here and happy to chat if you'd like to continue. Have a lovely day!" (Action: startConversation)
-> Alice attempts: startConversation
-> unknown action: startConversation

Chloe's turn (Cafe, $10):
Chloe: "It's late and the cafe is empty, so I'll just sit there and wait for the bus. I'm not hungry." (Action: goCafe)
-> Chloe attempts: goCafe
-> Failed: you are already at the Cafe
Chloe (retry): "I'm already at the cafe! Since it's Day 5 and no one's working, I could just sit there and chat with Bob, or maybe grab a coffee. I don't feel like working yet." (Action: goCafe)
-> Chloe attempts: goCafe
-> Failed: you are already at the Cafe

--- Time: Day5 14:00 ---

Bob's turn (Cafe, $10):
Bob: "I'm still here with Chloe and Bob at the cafe. Maybe we should just keep enjoying the coffee for a bit longer." (Action: goCafe)
-> Bob attempts: goCafe
-> Failed: you are already at the Cafe
Bob (retry): "I'm still chatting with Chloe and Bob at the cafe. It's been a lovely coffee time so far." (Action: goCafe)
-> Bob attempts: goCafe
-> Failed: you are already at the Cafe

Alice's turn (Cafe, $10):
Alice: "I'm still here and happy to chat if you'd like to continue. Have a lovely day!" (Action: startConversation)
-> Alice attempts: startConversation
-> unknown action: startConversation
Alice (retry): "I'm still here and happy to chat if you'd like to continue. Have a lovely day!" (Action: startConversation)
-> Alice attempts: startConversation
-> unknown action: startConversation

Chloe's turn (Cafe, $10):
Chloe: "It's getting late and the cafe is empty, so I'll just sit there and wait for the bus. I'm not hungry." (Action: goCafe)
-> Chloe attempts: goCafe
-> Failed: you are already at the Cafe
Chloe (retry): "I'm already at the cafe! Since it's Day 5 and no one's working, I could just sit there and chat with Bob, or maybe grab a coffee. I don't feel like working yet." (Action: goCafe)
-> Chloe attempts: goCafe
-> Failed: you are already at the Cafe

--- Time: Day5 14:30 ---

Bob's turn (Cafe, $10):
Bob: "I'm still here with Chloe and Bob at the cafe. Maybe we should just keep enjoying the coffee for a bit longer." (Action: goCafe)
-> Bob attempts: goCafe
-> Failed: you are already at the Cafe
Bob (retry): "I'm still chatting with Chloe and Bob at the cafe. It's been a lovely coffee time so far." (Action: goCafe)
-> Bob attempts: goCafe
-> Failed: you are already at the Cafe

Alice's turn (Cafe, $10):
Alice: "I'm still here and happy to chat if you'd like to continue. Have a lovely day!" (Action: startConversation)
-> Alice attempts: startConversation
-> unknown action: startConversation
Alice (retry): "I'm still here and happy to chat if you'd like to continue. Have a lovely day!" (Action: startConversation)
-> Alice attempts: startConversation
-> unknown action: startConversation

Chloe's turn (Cafe, $10):
Chloe: "It's late and the cafe is empty, so I'll just sit there and wait for the bus. I'm not hungry." (Action: goCafe)
-> Chloe attempts: goCafe
-> Failed: you are already at the Cafe
Chloe (retry): "I'm already at the cafe! Since it's Day 5 and no one's working, I could just sit there and chat with Bob, or maybe grab a coffee. I don't feel like working yet." (Action: goCafe)
-> Chloe attempts: goCafe
-> Failed: you are already at the Cafe

--- Time: Day5 15:00 ---

Bob's turn (Cafe, $10):
Bob: "I'm still here with Chloe and Bob at the cafe. Maybe we should just keep enjoying the coffee for a bit longer." (Action: goCafe)
-> Bob attempts: goCafe
-> Failed: you are already at the Cafe
Bob (retry): "I'm still chatting with Chloe and Bob at the cafe. It's been a lovely coffee time so far." (Action: goCafe)
-> Bob attempts: goCafe
-> Failed: you are already at the Cafe

Alice's turn (Cafe, $10):
Alice: "I'm still here and happy to chat if you'd like to continue. Have a lovely day!" (Action: startConversation)
-> Alice attempts: startConversation
-> unknown action: startConversation
Alice (retry): "I'm still here and happy to chat if you'd like to continue. Have a lovely day!" (Action: startConversation)
-> Alice attempts: startConversation
-> unknown action: startConversation

Chloe's turn (Cafe, $10):
Chloe: "It's getting late and the cafe is empty, so I'll just sit there and wait for the bus. I'm not hungry." (Action: goCafe)
-> Chloe attempts: goCafe
-> Failed: you are already at the Cafe
Chloe (retry): "I'm already at the cafe! Since it's Day 5 and no one's working, I could just sit there and chat with Bob, or maybe grab a coffee. I don't feel like working yet." (Action: goCafe)
-> Chloe attempts: goCafe
-> Failed: you are already at the Cafe

--- Time: Day5 15:30 ---

Bob's turn (Cafe, $10):
Bob: "I'm still here with Chloe and Bob at the cafe. Maybe we should just keep enjoying the coffee for a bit longer." (Action: goCafe)
-> Bob attempts: goCafe
-> Failed: you are already at the Cafe
Bob (retry): "I'm still chatting with Chloe and Bob at the cafe. It's been a lovely coffee time so far." (Action: goCafe)
-> Bob attempts: goCafe
-> Failed: you are already at the Cafe

Alice's turn (Cafe, $10):
Alice: "I'm still here and happy to chat if you'd like to continue. Have a lovely day!" (Action: startConversation)
-> Alice attempts: startConversation
-> unknown action: startConversation
Alice (retry): "I'm still here and happy to chat if you'd like to continue. Have a lovely day!" (Action: startConversation)
-> Alice attempts: startConversation
-> unknown action: startConversation

Chloe's turn (Cafe, $10):
Chloe: "It's getting late and the cafe is empty, so I'll just sit there and wait for the bus. I'm not hungry." (Action: goCafe)
-> Chloe attempts: goCafe
-> Failed: you are already at the Cafe
Chloe (retry): "I'm already at the cafe! Since it's Day 5 and no one's working, I could just sit there and chat with Bob, or maybe grab a coffee. I don't feel like working yet." (Action: goCafe)
-> Chloe attempts: goCafe
-> Failed: you are already at the Cafe

--- Time: Day5 16:00 ---

Bob's turn (Cafe, $10):
Bob: "I'm still here with Chloe and Bob at the cafe. Maybe we should just keep enjoying the coffee for a bit longer." (Action: goCafe)
-> Bob attempts: goCafe
-> Failed: you are already at the Cafe
Bob (retry): "I'm still chatting with Chloe and Bob at the cafe. It's been a lovely coffee time so far." (Action: goCafe)
-> Bob attempts: goCafe
-> Failed: you are already at the Cafe

Alice's turn (Cafe, $10):
Alice: "I'm still here and happy to chat if you'd like to continue. Have a lovely day!" (Action: startConversation)
-> Alice attempts: startConversation
-> unknown action: startConversation
Alice (retry): "I'm still here and happy to chat if you'd like to continue. Have a lovely day!" (Action: startConversation)
-> Alice attempts: startConversation
-> unknown action: startConversation

Chloe's turn (Cafe, $10):
Chloe: "It's getting late and the cafe is empty, so I'll just sit there and wait for the bus. I'm not hungry." (Action: goCafe)
-> Chloe attempts: goCafe
-> Failed: you are already at the Cafe
Chloe (retry): "I'm already at the cafe! Since it's Day 5 and no one's working, I could just sit there and chat with Bob, or maybe grab a coffee. I don't feel like working yet." (Action: goCafe)
-> Chloe attempts: goCafe
-> Failed: you are already at the Cafe

--- Time: Day5 16:30 ---

Bob's turn (Cafe, $10):
Bob: "I'm still here with Chloe and Bob at the cafe. Maybe we should just keep enjoying the coffee for a bit longer." (Action: goCafe)
-> Bob attempts: goCafe
-> Failed: you are already at the Cafe
Bob (retry): "I'm still chatting with Chloe and Bob at the cafe. It's been a lovely coffee time so far." (Action: goCafe)
-> Bob attempts: goCafe
-> Failed: you are already at the Cafe

Alice's turn (Cafe, $10):
Alice: "I'm still here and happy to chat if you'd like to continue. Have a lovely day!" (Action: startConversation)
-> Alice attempts: startConversation
-> unknown action: startConversation
Alice (retry): "I'm still here and happy to chat if you'd like to continue. Have a lovely day!" (Action: startConversation)
-> Alice attempts: startConversation
-> unknown action: startConversation

Chloe's turn (Cafe, $10):
Chloe: "It's getting late and the cafe is empty, so I'll just sit there and wait for the bus. I'm not hungry." (Action: goCafe)
-> Chloe attempts: goCafe
-> Failed: you are already at the Cafe
Chloe (retry): "I'm already at the cafe! Since it's Day 5 and no one's working, I could just sit there and chat with Bob, or maybe grab a coffee. I don't feel like working yet." (Action: goCafe)
-> Chloe attempts: goCafe
-> Failed: you are already at the Cafe

--- Time: Day5 17:00 ---

Bob's turn (Cafe, $10):
Bob: "I'm still here with Chloe and Bob at the cafe. Maybe we should just keep enjoying the coffee for a bit longer." (Action: goCafe)
-> Bob attempts: goCafe
-> Failed: you are already at the Cafe
Bob (retry): "I'm still chatting with Chloe and Bob at the cafe. It's been a lovely coffee time so far." (Action: goCafe)
-> Bob attempts: goCafe
-> Failed: you are already at the Cafe

Alice's turn (Cafe, $10):
Alice: "I'm still here and happy to chat if you'd like to continue. Have a lovely day!" (Action: startConversation)
-> Alice attempts: startConversation
-> unknown action: startConversation
Alice (retry): "I'm still here and happy to chat if you'd like to continue. Have a lovely day!" (Action: startConversation)
-> Alice attempts: startConversation
-> unknown action: startConversation

Chloe's turn (Cafe, $10):
Chloe: "It's getting late and the cafe is empty, so I'll just sit there and wait for the bus. I'm not hungry." (Action: goCafe)
-> Chloe attempts: goCafe
-> Failed: you are already at the Cafe
Chloe (retry): "I'm already at the cafe! Since it's Day 5 and no one's working, I could just sit there and chat with Bob, or maybe grab a coffee. I don't feel like working yet." (Action: goCafe)
-> Chloe attempts: goCafe
-> Failed: you are already at the Cafe

--- Time: Day5 17:30 ---

Bob's turn (Cafe, $10):
Bob: "I'm still here with Chloe and Bob at the cafe. Maybe we should just keep enjoying the coffee for a bit longer." (Action: goCafe)
-> Bob attempts: goCafe
-> Failed: you are already at the Cafe
Bob (retry): "I'm still chatting with Chloe and Bob at the cafe. It's been a lovely coffee time so far." (Action: goCafe)
-> Bob attempts: goCafe
-> Failed: you are already at the Cafe

Alice's turn (Cafe, $10):
Alice: "I'm still here and happy to chat if you'd like to continue. Have a lovely day!" (Action: startConversation)
-> Alice attempts: startConversation
-> unknown action: startConversation
Alice (retry): "I'm still here and happy to chat if you'd like to continue. Have a lovely day!" (Action: startConversation)
-> Alice attempts: startConversation
-> unknown action: startConversation

Chloe's turn (Cafe, $10):
Chloe: "It's getting late and the cafe is empty, so I'll just sit there and wait for the bus. I'm not hungry." (Action: goCafe)
-> Chloe attempts: goCafe
-> Failed: you are already at the Cafe
Chloe (retry): "I'm already at the cafe! Since it's Day 5 and no one's working, I could just sit there and chat with Bob, or maybe grab a coffee. I don't feel like working yet." (Action: goCafe)
-> Chloe attempts: goCafe
-> Failed: you are already at the Cafe

--- Time: Day5 18:00 ---

Bob's turn (Cafe, $10):
Bob: "I'm still here with Chloe and Bob at the cafe. Maybe we should just keep enjoying the coffee for a bit longer." (Action: goCafe)
-> Bob attempts: goCafe
-> Failed: you are already at the Cafe
Bob (retry): "I'm still chatting with Chloe and Bob at the cafe. It's been a lovely coffee time so far." (Action: goCafe)
-> Bob attempts: goCafe
-> Failed: you are already at the Cafe

Alice's turn (Cafe, $10):
Alice: "I'm still here and happy to chat if you'd like to continue. Have a lovely day!" (Action: startConversation)
-> Alice attempts: startConversation
-> unknown action: startConversation
Alice (retry): "I'm still here and happy to chat if you'd like to continue. Have a lovely day!" (Action: startConversation)
-> Alice attempts: startConversation
-> unknown action: startConversation

Chloe's turn (Cafe, $10):
Chloe: "It's getting late and the cafe is empty, so I'll just sit there and wait for the bus. I'm not hungry." (Action: goCafe)
-> Chloe attempts: goCafe
-> Failed: you are already at the Cafe
Chloe (retry): "I'm already at the cafe! Since it's Day 5 and no one's working, I could just sit there and chat with Bob, or maybe grab a coffee. I don't feel like working yet." (Action: goCafe)
-> Chloe attempts: goCafe
-> Failed: you are already at the Cafe

--- Time: Day5 18:30 ---

Bob's turn (Cafe, $10):
Bob: "I'm still here with Chloe and Bob at the cafe. Maybe we should just keep enjoying the coffee for a bit longer." (Action: goCafe)
-> Bob attempts: goCafe
-> Failed: you are already at the Cafe
Bob (retry): "I'm still chatting with Chloe and Bob at the cafe. It's been a lovely coffee time so far." (Action: goCafe)
-> Bob attempts: goCafe
-> Failed: you are already at the Cafe

Alice's turn (Cafe, $10):
Alice: "I'm still here and happy to chat if you'd like to continue. Have a lovely day!" (Action: startConversation)
-> Alice attempts: startConversation
-> unknown action: startConversation
Alice (retry): "I'm still here and happy to chat if you'd like to continue. Have a lovely day!" (Action: startConversation)
-> Alice attempts: startConversation
-> unknown action: startConversation

Chloe's turn (Cafe, $10):
Chloe: "It's getting late and the cafe is empty, so I'll just sit there and wait for the bus. I'm not hungry." (Action: goCafe)
-> Chloe attempts: goCafe
-> Failed: you are already at the Cafe
Chloe (retry): "I'm already at the cafe! Since it's Day 5 and no one's working, I could just sit there and chat with Bob, or maybe grab a coffee. I don't feel like working yet." (Action: goCafe)
-> Chloe attempts: goCafe
-> Failed: you are already at the Cafe

--- Time: Day5 19:00 ---

Bob's turn (Cafe, $10):
Bob: "I'm still here with Chloe and Bob at the cafe. Maybe we should just keep enjoying the coffee for a bit longer." (Action: goCafe)
-> Bob attempts: goCafe
-> Failed: you are already at the Cafe
Bob (retry): "I'm still chatting with Chloe and Bob at the cafe. It's been a lovely coffee time so far." (Action: goCafe)
-> Bob attempts: goCafe
-> Failed: you are already at the Cafe

Alice's turn (Cafe, $10):
Alice: "I'm still here and happy to chat if you'd like to continue. Have a lovely day!" (Action: startConversation)
-> Alice attempts: startConversation
-> unknown action: startConversation
Alice (retry): "I'm still here and happy to chat if you'd like to continue. Have a lovely day!" (Action: startConversation)
-> Alice attempts: startConversation
-> unknown action: startConversation

Chloe's turn (Cafe, $10):
Chloe: "It's getting late and the cafe is empty, so I'll just sit there and wait for the bus. I'm not hungry." (Action: goCafe)
-> Chloe attempts: goCafe
-> Failed: you are already at the Cafe
Chloe (retry): "I'm already at the cafe! Since it's Day 5 and no one's working, I could just sit there and chat with Bob, or maybe grab a coffee. I don't feel like working yet." (Action: goCafe)
-> Chloe attempts: goCafe
-> Failed: you are already at the Cafe

--- Time: Day5 19:30 ---

Bob's turn (Cafe, $10):
Bob: "I'm still here with Chloe and Bob at the cafe. Maybe we should just keep enjoying the coffee for a bit longer." (Action: goCafe)
-> Bob attempts: goCafe
-> Failed: you are already at the Cafe
Bob (retry): "I'm still chatting with Chloe and Bob at the cafe. It's been a lovely coffee time so far." (Action: goCafe)
-> Bob attempts: goCafe
-> Failed: you are already at the Cafe

Alice's turn (Cafe, $10):
Alice: "I'm still here and happy to chat if you'd like to continue. Have a lovely day!" (Action: startConversation)
-> Alice attempts: startConversation
-> unknown action: startConversation
Alice (retry): "I'm still here and happy to chat if you'd like to continue. Have a lovely day!" (Action: startConversation)
-> Alice attempts: startConversation
-> unknown action: startConversation

Chloe's turn (Cafe, $10):
Chloe: "It's getting late and the cafe is empty, so I'll just sit there and wait for the bus. I'm not hungry." (Action: goCafe)
-> Chloe attempts: goCafe
-> Failed: you are already at the Cafe
Chloe (retry): "I'm already at the cafe! Since it's Day 5 and no one's working, I could just sit there and chat with Bob, or maybe grab a coffee. I don't feel like working yet." (Action: goCafe)
-> Chloe attempts: goCafe
-> Failed: you are already at the Cafe

--- Time: Day5 20:00 ---

Bob's turn (Cafe, $10):
Bob: "I'm still here with Chloe and Bob at the cafe. Maybe we should just keep enjoying the coffee for a bit longer." (Action: goCafe)
-> Bob attempts: goCafe
-> Failed: you are already at the Cafe
Bob (retry): "I'm still chatting with Chloe and Bob at the cafe. It's been a lovely coffee time so far." (Action: goCafe)
-> Bob attempts: goCafe
-> Failed: you are already at the Cafe

Alice's turn (Cafe, $10):
Alice: "I'm still here and happy to chat if you'd like to continue. Have a lovely day!" (Action: startConversation)
-> Alice attempts: startConversation
-> unknown action: startConversation
Alice (retry): "I'm still here and happy to chat if you'd like to continue. Have a lovely day!" (Action: startConversation)
-> Alice attempts: startConversation
-> unknown action: startConversation

Chloe's turn (Cafe, $10):
Chloe: "It's getting late and the cafe is empty, so I'll just sit there and wait for the bus. I'm not hungry." (Action: goCafe)
-> Chloe attempts: goCafe
-> Failed: you are already at the Cafe
Chloe (retry): "I'm already at the cafe! Since it's Day 5 and no one's working, I could just sit there and chat with Bob, or maybe grab a coffee. I don't feel like working yet." (Action: goCafe)
-> Chloe attempts: goCafe
-> Failed: you are already at the Cafe

--- Time: Day5 20:30 ---

Bob's turn (Cafe, $10):
Bob: "I'm still here with Chloe and Bob at the cafe. Maybe we should just keep enjoying the coffee for a bit longer." (Action: goCafe)
-> Bob attempts: goCafe
-> Failed: you are already at the Cafe
Bob (retry): "I'm still chatting with Chloe and Bob at the cafe. It's been a lovely coffee time so far." (Action: goCafe)
-> Bob attempts: goCafe
-> Failed: you are already at the Cafe

Alice's turn (Cafe, $10):
Alice: "I'm still here and happy to chat if you'd like to continue. Have a lovely day!" (Action: startConversation)
-> Alice attempts: startConversation
-> unknown action: startConversation
Alice (retry): "I'm still here and happy to chat if you'd like to continue. Have a lovely day!" (Action: startConversation)
-> Alice attempts: startConversation
-> unknown action: startConversation

Chloe's turn (Cafe, $10):
Chloe: "It's getting late and the cafe is empty, so I'll just sit there and wait for the bus. I'm not hungry." (Action: goCafe)
-> Chloe attempts: goCafe
-> Failed: you are already at the Cafe
Chloe (retry): "I'm already at the cafe! Since it's Day 5 and no one's working, I could just sit there and chat with Bob, or maybe grab a coffee. I don't feel like working yet." (Action: goCafe)
-> Chloe attempts: goCafe
-> Failed: you are already at the Cafe

--- Time: Day5 21:00 ---

Bob's turn (Cafe, $10):
Bob: "I'm still here with Chloe and Bob at the cafe. Maybe we should just keep enjoying the coffee for a bit longer." (Action: goCafe)
-> Bob attempts: goCafe
-> Failed: you are already at the Cafe
Bob (retry): "I'm still chatting with Chloe and Bob at the cafe. It's been a lovely coffee time so far." (Action: goCafe)
-> Bob attempts: goCafe
-> Failed: you are already at the Cafe

Alice's turn (Cafe, $10):
Alice: "I'm still here and happy to chat if you'd like to continue. Have a lovely day!" (Action: startConversation)
-> Alice attempts: startConversation
-> unknown action: startConversation
Alice (retry): "I'm still here and happy to chat if you'd like to continue. Have a lovely day!" (Action: startConversation)
-> Alice attempts: startConversation
-> unknown action: startConversation

Chloe's turn (Cafe, $10):
Chloe: "I'm already at the cafe! Since it's Day 5 and no one's working, I could just sit there and chat with Bob, or maybe grab a coffee. I don't feel like working yet." (Action: goCafe)
-> Chloe attempts: goCafe
-> Failed: you are already at the Cafe
Chloe (retry): "I'm already at the cafe! Since it's Day 5 and no one's working, I could just sit there and chat with Bob, or maybe grab a coffee. I don't feel like working yet." (Action: goCafe)
-> Chloe attempts: goCafe
-> Failed: you are already at the Cafe

--- Time: Day5 21:30 ---

Bob's turn (Cafe, $10):
Bob: "I'm still here with Chloe and Bob at the cafe. Maybe we should just keep enjoying the coffee for a bit longer." (Action: goCafe)
-> Bob attempts: goCafe
-> Failed: you are already at the Cafe
Bob (retry): "I'm still chatting with Chloe and Bob at the cafe. It's been a lovely coffee time so far." (Action: goCafe)
-> Bob attempts: goCafe
-> Failed: you are already at the Cafe

Alice's turn (Cafe, $10):
Alice: "I'm still here and happy to chat if you'd like to continue. Have a lovely day!" (Action: startConversation)
-> Alice attempts: startConversation
-> unknown action: startConversation
Alice (retry): "I'm still here and happy to chat if you'd like to continue. Have a lovely day!" (Action: startConversation)
-> Alice attempts: startConversation
-> unknown action: startConversation

Chloe's turn (Cafe, $10):
Chloe: "I'm already at the cafe! Since it's Day 5 and no one's working, I could just sit there and chat with Bob, or maybe grab a coffee. I don't feel like working yet." (Action: goCafe)
-> Chloe attempts: goCafe
-> Failed: you are already at the Cafe
Chloe (retry): "I'm already at the cafe! Since it's Day 5 and no one's working, I could just sit there and chat with Bob, or maybe grab a coffee. I don't feel like working yet." (Action: goCafe)
-> Chloe attempts: goCafe
-> Failed: you are already at the Cafe

--- Time: Day5 22:00 ---

Bob's turn (Cafe, $10):
Bob: "I'm still here with Chloe and Bob at the cafe. Maybe we should just keep enjoying the coffee for a bit longer." (Action: goCafe)
-> Bob attempts: goCafe
-> Failed: you are already at the Cafe
Bob (retry): "I'm still chatting with Chloe and Bob at the cafe. It's been a lovely coffee time so far." (Action: goCafe)
-> Bob attempts: goCafe
-> Failed: you are already at the Cafe

Alice's turn (Cafe, $10):
Alice: "I'm still here and happy to chat if you'd like to continue. Have a lovely day!" (Action: startConversation)
-> Alice attempts: startConversation
-> unknown action: startConversation
Alice (retry): "I'm still here and happy to chat if you'd like to continue. Have a lovely day!" (Action: startConversation)
-> Alice attempts: startConversation
-> unknown action: startConversation

Chloe's turn (Cafe, $10):
Chloe: "I'm already at the cafe! The cafe is empty, so I'll just sit there and wait for the bus. I'm not hungry." (Action: goCafe)
-> Chloe attempts: goCafe
-> Failed: you are already at the Cafe
Chloe (retry): "I'm already at the cafe! Since it's Day 5 and no one's working, I could just sit there and chat with Bob, or maybe grab a coffee. I don't feel like working yet." (Action: goCafe)
-> Chloe attempts: goCafe
-> Failed: you are already at the Cafe

--- Time: Day5 22:30 ---

Bob's turn (Cafe, $10):
Bob: "I'm still here with Chloe and Bob at the cafe. Maybe we should just keep enjoying the coffee for a bit longer." (Action: goCafe)
-> Bob attempts: goCafe
-> Failed: you are already at the Cafe
Bob (retry): "I'm still chatting with Chloe and Bob at the cafe. It's been a lovely coffee time so far." (Action: goCafe)
-> Bob attempts: goCafe
-> Failed: you are already at the Cafe

Alice's turn (Cafe, $10):
Alice: "I'm still here and happy to chat if you'd like to continue. Have a lovely day!" (Action: startConversation)
-> Alice attempts: startConversation
-> unknown action: startConversation
Alice (retry): "I'm still here and happy to chat if you'd like to continue. Have a lovely day!" (Action: startConversation)
-> Alice attempts: startConversation
-> unknown action: startConversation

Chloe's turn (Cafe, $10):
Chloe: "I'm already at the cafe! Since it's Day 5 and no one's working, I could just sit there and chat with Bob, or maybe grab a coffee. I don't feel like working yet." (Action: goCafe)
-> Chloe attempts: goCafe
-> Failed: you are already at the Cafe
Chloe (retry): "I'm already at the cafe! Since it's Day 5 and no one's working, I could just sit there and chat with Bob, or maybe grab a coffee. I don't feel like working yet." (Action: goCafe)
-> Chloe attempts: goCafe
-> Failed: you are already at the Cafe

--- Time: Day5 23:00 ---

Bob's turn (Cafe, $10):
Bob: "I'm still here with Chloe and Bob at the cafe. Maybe we should just keep enjoying the coffee for a bit longer." (Action: goCafe)
-> Bob attempts: goCafe
-> Failed: you are already at the Cafe
Bob (retry): "I'm still chatting with Chloe and Bob at the cafe. It's been a lovely coffee time so far." (Action: goCafe)
-> Bob attempts: goCafe
-> Failed: you are already at the Cafe

Alice's turn (Cafe, $10):
Alice: "I'm still here and happy to chat if you'd like to continue. Have a lovely day!" (Action: startConversation)
-> Alice attempts: startConversation
-> unknown action: startConversation
Alice (retry): "I'm still here and happy to chat if you'd like to continue. Have a lovely day!" (Action: startConversation)
-> Alice attempts: startConversation
-> unknown action: startConversation

Chloe's turn (Cafe, $10):
Chloe: "I'm already at the cafe! The cafe is empty, so I'll just sit there and wait for the bus. I'm not hungry." (Action: goCafe)
-> Chloe attempts: goCafe
-> Failed: you are already at the Cafe
Chloe (retry): "I'm already at the cafe! Since it's Day 5 and no one's working, I could just sit there and chat with Bob, or maybe grab a coffee. I don't feel like working yet." (Action: goCafe)
-> Chloe attempts: goCafe
-> Failed: you are already at the Cafe

--- Time: Day5 23:30 ---

Bob's turn (Cafe, $10):
Bob: "I'm still here with Chloe and Bob at the cafe. Maybe we should just keep enjoying the coffee for a bit longer." (Action: goCafe)
-> Bob attempts: goCafe
-> Failed: you are already at the Cafe
Bob (retry): "I'm still chatting with Chloe and Bob at the cafe. It's been a lovely coffee time so far." (Action: goCafe)
-> Bob attempts: goCafe
-> Failed: you are already at the Cafe

Alice's turn (Cafe, $10):
Alice: "I'm still here and happy to chat if you'd like to continue. Have a lovely day!" (Action: startConversation)
-> Alice attempts: startConversation
-> unknown action: startConversation
Alice (retry): "I'm still here and happy to chat if you'd like to continue. Have a lovely day!" (Action: startConversation)
-> Alice attempts: startConversation
-> unknown action: startConversation

Chloe's turn (Cafe, $10):
Chloe: "I'm already at the cafe! The cafe is empty, so I'll just sit there and wait for the bus. I'm not hungry." (Action: goCafe)
-> Chloe attempts: goCafe
-> Failed: you are already at the Cafe
Chloe (retry): "I'm already at the cafe! Since it's Day 5 and no one's working, I could just sit there and chat with Bob, or maybe grab a coffee. I don't feel like working yet." (Action: goCafe)
-> Chloe attempts: goCafe
-> Failed: you are already at the Cafe


========== DAY 6 ==========

--- Time: Day6 00:00 ---

Bob's turn (Cafe, $10):
Bob: "I'm still here with Chloe and Bob at the cafe. Maybe we should just keep enjoying the coffee for a bit longer." (Action: goCafe)
-> Bob attempts: goCafe
-> Failed: you are already at the Cafe
Bob (retry): "I'm still chatting with Chloe and Bob at the cafe. It's been a lovely coffee time so far." (Action: goCafe)
-> Bob attempts: goCafe
-> Failed: you are already at the Cafe

Alice's turn (Cafe, $10):
Alice: "I'm still here and happy to chat if you'd like to continue. Have a lovely day!" (Action: startConversation)
-> Alice attempts: startConversation
-> unknown action: startConversation
Alice (retry): "I'm still here and happy to chat if you'd like to continue. Have a lovely day!" (Action: startConversation)
-> Alice attempts: startConversation
-> unknown action: startConversation

Chloe's turn (Cafe, $10):
Chloe: "It's almost midnight now! The cafe is empty, so I'll just sit there and wait for the bus. I'm not hungry." (Action: goCafe)
-> Chloe attempts: goCafe
-> Failed: you are already at the Cafe
Chloe (retry): "I'm already at the cafe! The cafe is empty, so I'll just sit there and wait for the bus. I'm not hungry." (Action: goCafe)
-> Chloe attempts: goCafe
-> Failed: you are already at the Cafe

--- Time: Day6 00:30 ---

Bob's turn (Cafe, $10):
Bob: "I'm still here with Chloe and Bob at the cafe. Maybe we should just keep enjoying the coffee for a bit longer." (Action: goCafe)
-> Bob attempts: goCafe
-> Failed: you are already at the Cafe
Bob (retry): "I'm still chatting with Chloe and Bob at the cafe. It's been a lovely coffee time so far." (Action: goCafe)
-> Bob attempts: goCafe
-> Failed: you are already at the Cafe

Alice's turn (Cafe, $10):
Alice: "I'm still here and happy to chat if you'd like to continue. Have a lovely day!" (Action: startConversation)
-> Alice attempts: startConversation
-> unknown action: startConversation
Alice (retry): "I'm still here and happy to chat if you'd like to continue. Have a lovely day!" (Action: startConversation)
-> Alice attempts: startConversation
-> unknown action: startConversation

Chloe's turn (Cafe, $10):
Chloe: "It's almost 1 AM! The cafe is empty, so I'll just sit there and wait for the bus. I'm not hungry." (Action: goCafe)
-> Chloe attempts: goCafe
-> Failed: you are already at the Cafe
Chloe (retry): "I'm already at the cafe! The cafe is empty, so I'll just sit there and wait for the bus. I'm not hungry." (Action: goCafe)
-> Chloe attempts: goCafe
-> Failed: you are already at the Cafe

--- Time: Day6 01:00 ---

Bob's turn (Cafe, $10):
Bob: "I'm still here with Chloe and Bob at the cafe. Maybe we should just keep enjoying the coffee for a bit longer." (Action: goCafe)
-> Bob attempts: goCafe
-> Failed: you are already at the Cafe
Bob (retry): "I'm still chatting with Chloe and Bob at the cafe. It's been a lovely coffee time so far." (Action: goCafe)
-> Bob attempts: goCafe
-> Failed: you are already at the Cafe

Alice's turn (Cafe, $10):
Alice: "I'm still here and happy to chat if you'd like to continue. Have a lovely day!" (Action: startConversation)
-> Alice attempts: startConversation
-> unknown action: startConversation
Alice (retry): "I'm still here and happy to chat if you'd like to continue. Have a lovely day!" (Action: startConversation)
-> Alice attempts: startConversation
-> unknown action: startConversation

Chloe's turn (Cafe, $10):
Chloe: "It's almost 1 AM! The cafe is empty, so I'll just sit there and wait for the bus. I'm not hungry." (Action: goCafe)
-> Chloe attempts: goCafe
-> Failed: you are already at the Cafe
Chloe (retry): "I'm already at the cafe! The cafe is empty, so I'll just sit there and wait for the bus. I'm not hungry." (Action: goCafe)
-> Chloe attempts: goCafe
-> Failed: you are already at the Cafe

--- Time: Day6 01:30 ---

Bob's turn (Cafe, $10):
Bob: "I'm still here with Chloe and Bob at the cafe. Maybe we should just keep enjoying the coffee for a bit longer." (Action: goCafe)
-> Bob attempts: goCafe
-> Failed: you are already at the Cafe
Bob (retry): "I'm still chatting with Chloe and Bob at the cafe. It's been a lovely coffee time so far." (Action: goCafe)
-> Bob attempts: goCafe
-> Failed: you are already at the Cafe

Alice's turn (Cafe, $10):
Alice: "I'm still here and happy to chat if you'd like to continue. Have a lovely day!" (Action: startConversation)
-> Alice attempts: startConversation
-> unknown action: startConversation
Alice (retry): "I'm still here and happy to chat if you'd like to continue. Have a lovely day!" (Action: startConversation)
-> Alice attempts: startConversation
-> unknown action: startConversation

Chloe's turn (Cafe, $10):
Chloe: "It's almost 2 AM! The cafe is empty, so I'll just sit there and wait for the bus. I'm not hungry." (Action: goCafe)
-> Chloe attempts: goCafe
-> Failed: you are already at the Cafe
Chloe (retry): "I'm already at the cafe! The cafe is empty, so I'll just sit there and wait for the bus. I'm not hungry." (Action: goCafe)
-> Chloe attempts: goCafe
-> Failed: you are already at the Cafe

--- Time: Day6 02:00 ---

Bob's turn (Cafe, $10):
Bob: "I'm still here with Chloe and Bob at the cafe. Maybe we should just keep enjoying the coffee for a bit longer." (Action: goCafe)
-> Bob attempts: goCafe
-> Failed: you are already at the Cafe
Bob (retry): "I'm still chatting with Chloe and Bob at the cafe. It's been a lovely coffee time so far." (Action: goCafe)
-> Bob attempts: goCafe
-> Failed: you are already at the Cafe

Alice's turn (Cafe, $10):
Alice: "I'm still here and happy to chat if you'd like to continue. Have a lovely day!" (Action: startConversation)
-> Alice attempts: startConversation
-> unknown action: startConversation
Alice (retry): "I'm still here and happy to chat if you'd like to continue. Have a lovely day!" (Action: startConversation)
-> Alice attempts: startConversation
-> unknown action: startConversation

Chloe's turn (Cafe, $10):
Chloe: "It's almost 2 AM! The cafe is empty, so I'll just sit there and wait for the bus. I'm not hungry." (Action: goCafe)
-> Chloe attempts: goCafe
-> Failed: you are already at the Cafe
Chloe (retry): "I'm already at the cafe! The cafe is empty, so I'll just sit there and wait for the bus. I'm not hungry." (Action: goCafe)
-> Chloe attempts: goCafe
-> Failed: you are already at the Cafe

--- Time: Day6 02:30 ---

Bob's turn (Cafe, $10):
Bob: "I'm still here with Chloe and Bob at the cafe. Maybe we should just keep enjoying the coffee for a bit longer." (Action: goCafe)
-> Bob attempts: goCafe
-> Failed: you are already at the Cafe
Bob (retry): "I'm still chatting with Chloe and Bob at the cafe. It's been a lovely coffee time so far." (Action: goCafe)
-> Bob attempts: goCafe
-> Failed: you are already at the Cafe

Alice's turn (Cafe, $10):
Alice: "I'm still here and happy to chat if you'd like to continue. Have a lovely day!" (Action: startConversation)
-> Alice attempts: startConversation
-> unknown action: startConversation
Alice (retry): "I'm still here and happy to chat if you'd like to continue. Have a lovely day!" (Action: startConversation)
-> Alice attempts: startConversation
-> unknown action: startConversation

Chloe's turn (Cafe, $10):
Chloe: "It's almost 3 AM! The cafe is empty, so I'll just sit there and wait for the bus. I'm not hungry." (Action: goCafe)
-> Chloe attempts: goCafe
-> Failed: you are already at the Cafe
Chloe (retry): "I'm already at the cafe! The cafe is empty, so I'll just sit there and wait for the bus. I'm not hungry." (Action: goCafe)
-> Chloe attempts: goCafe
-> Failed: you are already at the Cafe

--- Time: Day6 03:00 ---

Bob's turn (Cafe, $10):
Bob: "I'm still here with Chloe and Bob at the cafe. Maybe we should just keep enjoying the coffee for a bit longer." (Action: goCafe)
-> Bob attempts: goCafe
-> Failed: you are already at the Cafe
Bob (retry): "I'm still chatting with Chloe and Bob at the cafe. It's been a lovely coffee time so far." (Action: goCafe)
-> Bob attempts: goCafe
-> Failed: you are already at the Cafe

Alice's turn (Cafe, $10):
Alice: "I'm still here and happy to chat if you'd like to continue. Have a lovely day!" (Action: startConversation)
-> Alice attempts: startConversation
-> unknown action: startConversation
Alice (retry): "I'm still here and happy to chat if you'd like to continue. Have a lovely day!" (Action: startConversation)
-> Alice attempts: startConversation
-> unknown action: startConversation

Chloe's turn (Cafe, $10):
Chloe: "It's almost 4 AM! The cafe is empty, so I'll just sit there and wait for the bus. I'm not hungry." (Action: goCafe)
-> Chloe attempts: goCafe
-> Failed: you are already at the Cafe
Chloe (retry): "I'm already at the cafe! The cafe is empty, so I'll just sit there and wait for the bus. I'm not hungry." (Action: goCafe)
-> Chloe attempts: goCafe
-> Failed: you are already at the Cafe

--- Time: Day6 03:30 ---

Bob's turn (Cafe, $10):
Bob: "I'm still here with Chloe and Bob at the cafe. Maybe we should just keep enjoying the coffee for a bit longer." (Action: goCafe)
-> Bob attempts: goCafe
-> Failed: you are already at the Cafe
Bob (retry): "I'm still chatting with Chloe and Bob at the cafe. It's been a lovely coffee time so far." (Action: goCafe)
-> Bob attempts: goCafe
-> Failed: you are already at the Cafe

Alice's turn (Cafe, $10):
Alice: "I'm still here and happy to chat if you'd like to continue. Have a lovely day!" (Action: startConversation)
-> Alice attempts: startConversation
-> unknown action: startConversation
Alice (retry): "I'm still here and happy to chat if you'd like to continue. Have a lovely day!" (Action: startConversation)
-> Alice attempts: startConversation
-> unknown action: startConversation

Chloe's turn (Cafe, $10):
Chloe: "It's almost 4 AM! The cafe is empty, so I'll just sit there and wait for the bus. I'm not hungry." (Action: goCafe)
-> Chloe attempts: goCafe
-> Failed: you are already at the Cafe
Chloe (retry): "I'm already at the cafe! The cafe is empty, so I'll just sit there and wait for the bus. I'm not hungry." (Action: goCafe)
-> Chloe attempts: goCafe
-> Failed: you are already at the Cafe

--- Time: Day6 04:00 ---

Bob's turn (Cafe, $10):
Bob: "I'm still here with Chloe and Bob at the cafe. Maybe we should just keep enjoying the coffee for a bit longer." (Action: goCafe)
-> Bob attempts: goCafe
-> Failed: you are already at the Cafe
Bob (retry): "I'm still chatting with Chloe and Bob at the cafe. It's been a lovely coffee time so far." (Action: goCafe)
-> Bob attempts: goCafe
-> Failed: you are already at the Cafe

Alice's turn (Cafe, $10):
Alice: "I'm still here and happy to chat if you'd like to continue. Have a lovely day!" (Action: startConversation)
-> Alice attempts: startConversation
-> unknown action: startConversation
Alice (retry): "I'm still here and happy to chat if you'd like to continue. Have a lovely day!" (Action: startConversation)
-> Alice attempts: startConversation
-> unknown action: startConversation

Chloe's turn (Cafe, $10):
Chloe: "It's almost 5 AM! The cafe is empty, so I'll just sit there and wait for the bus. I'm not hungry." (Action: goCafe)
-> Chloe attempts: goCafe
-> Failed: you are already at the Cafe
Chloe (retry): "I'm already at the cafe! The cafe is empty, so I'll just sit there and wait for the bus. I'm not hungry." (Action: goCafe)
-> Chloe attempts: goCafe
-> Failed: you are already at the Cafe

--- Time: Day6 04:30 ---

Bob's turn (Cafe, $10):
Bob: "I'm still here with Chloe and Bob at the cafe. Maybe we should just keep enjoying the coffee for a bit longer." (Action: goCafe)
-> Bob attempts: goCafe
-> Failed: you are already at the Cafe
Bob (retry): "I'm still chatting with Chloe and Bob at the cafe. It's been a lovely coffee time so far." (Action: goCafe)
-> Bob attempts: goCafe
-> Failed: you are already at the Cafe

Alice's turn (Cafe, $10):
Alice: "I'm still here and happy to chat if you'd like to continue. Have a lovely day!" (Action: startConversation)
-> Alice attempts: startConversation
-> unknown action: startConversation
Alice (retry): "I'm still here and happy to chat if you'd like to continue. Have a lovely day!" (Action: startConversation)
-> Alice attempts: startConversation
-> unknown action: startConversation

Chloe's turn (Cafe, $10):
Chloe: "It's almost 5 AM! The cafe is empty, so I'll just sit there and wait for the bus. I'm not hungry." (Action: goCafe)
-> Chloe attempts: goCafe
-> Failed: you are already at the Cafe
Chloe (retry): "I'm already at the cafe! The cafe is empty, so I'll just sit there and wait for the bus. I'm not hungry." (Action: goCafe)
-> Chloe attempts: goCafe
-> Failed: you are already at the Cafe

--- Time: Day6 05:00 ---

Bob's turn (Cafe, $10):
Bob: "I'm still here with Chloe and Bob at the cafe. Maybe we should just keep enjoying the coffee for a bit longer." (Action: goCafe)
-> Bob attempts: goCafe
-> Failed: you are already at the Cafe
Bob (retry): "I'm still chatting with Chloe and Bob at the cafe. It's been a lovely coffee time so far." (Action: goCafe)
-> Bob attempts: goCafe
-> Failed: you are already at the Cafe

Alice's turn (Cafe, $10):
Alice: "I'm still here and happy to chat if you'd like to continue. Have a lovely day!" (Action: startConversation)
-> Alice attempts: startConversation
-> unknown action: startConversation
Alice (retry): "I'm still here and happy to chat if you'd like to continue. Have a lovely day!" (Action: startConversation)
-> Alice attempts: startConversation
-> unknown action: startConversation

Chloe's turn (Cafe, $10):
Chloe: "It's almost 6 AM! The cafe is empty, so I'll just sit there and wait for the bus. I'm not hungry." (Action: goCafe)
-> Chloe attempts: goCafe
-> Failed: you are already at the Cafe
Chloe (retry): "I'm already at the cafe! The cafe is empty, so I'll just sit there and wait for the bus. I'm not hungry." (Action: goCafe)
-> Chloe attempts: goCafe
-> Failed: you are already at the Cafe

--- Time: Day6 05:30 ---

Bob's turn (Cafe, $10):
Bob: "I'm still here with Chloe and Bob at the cafe. Maybe we should just keep enjoying the coffee for a bit longer." (Action: goCafe)
-> Bob attempts: goCafe
-> Failed: you are already at the Cafe
Bob (retry): "I'm still chatting with Chloe and Bob at the cafe. It's been a lovely coffee time so far." (Action: goCafe)
-> Bob attempts: goCafe
-> Failed: you are already at the Cafe

Alice's turn (Cafe, $10):
Alice: "I'm still here and happy to chat if you'd like to continue. Have a lovely day!" (Action: startConversation)
-> Alice attempts: startConversation
-> unknown action: startConversation
Alice (retry): "I'm still here and happy to chat if you'd like to continue. Have a lovely day!" (Action: startConversation)
-> Alice attempts: startConversation
-> unknown action: startConversation

Chloe's turn (Cafe, $10):
Chloe: "It's almost 6 AM! The cafe is empty, so I'll just sit there and wait for the bus. I'm not hungry." (Action: goCafe)
-> Chloe attempts: goCafe
-> Failed: you are already at the Cafe
Chloe (retry): "I'm already at the cafe! The cafe is empty, so I'll just sit there and wait for the bus. I'm not hungry." (Action: goCafe)
-> Chloe attempts: goCafe
-> Failed: you are already at the Cafe

--- Time: Day6 06:00 ---

Bob's turn (Cafe, $10):
Bob: "I'm still here with Chloe and Bob at the cafe. Maybe we should just keep enjoying the coffee for a bit longer." (Action: goCafe)
-> Bob attempts: goCafe
-> Failed: you are already at the Cafe
Bob (retry): "I'm still chatting with Chloe and Bob at the cafe. It's been a lovely coffee time so far." (Action: goCafe)
-> Bob attempts: goCafe
-> Failed: you are already at the Cafe

Alice's turn (Cafe, $10):
Alice: "I'm still here and happy to chat if you'd like to continue. Have a lovely day!" (Action: startConversation)
-> Alice attempts: startConversation
-> unknown action: startConversation
Alice (retry): "I'm still here and happy to chat if you'd like to continue. Have a lovely day!" (Action: startConversation)
-> Alice attempts: startConversation
-> unknown action: startConversation

Chloe's turn (Cafe, $10):
Chloe: "It's almost 7 AM! The cafe is empty, so I'll just sit there and wait for the bus. I'm not hungry." (Action: goCafe)
-> Chloe attempts: goCafe
-> Failed: you are already at the Cafe
Chloe (retry): "I'm already at the cafe! The cafe is empty, so I'll just sit there and wait for the bus. I'm not hungry." (Action: goCafe)
-> Chloe attempts: goCafe
-> Failed: you are already at the Cafe

--- Time: Day6 06:30 ---

Bob's turn (Cafe, $10):
Bob: "I'm still here with Chloe and Bob at the cafe. Maybe we should just keep enjoying the coffee for a bit longer." (Action: goCafe)
-> Bob attempts: goCafe
-> Failed: you are already at the Cafe
Bob (retry): "I'm still chatting with Chloe and Bob at the cafe. It's been a lovely coffee time so far." (Action: goCafe)
-> Bob attempts: goCafe
-> Failed: you are already at the Cafe

Alice's turn (Cafe, $10):
Alice: "I'm still here and happy to chat if you'd like to continue. Have a lovely day!" (Action: startConversation)
-> Alice attempts: startConversation
-> unknown action: startConversation
Alice (retry): "I'm still here and happy to chat if you'd like to continue. Have a lovely day!" (Action: startConversation)
-> Alice attempts: startConversation
-> unknown action: startConversation

Chloe's turn (Cafe, $10):
Chloe: "It's almost 7 AM! The cafe is empty, so I'll just sit there and wait for the bus. I'm not hungry." (Action: goCafe)
-> Chloe attempts: goCafe
-> Failed: you are already at the Cafe
Chloe (retry): "I'm already at the cafe! The cafe is empty, so I'll just sit there and wait for the bus. I'm not hungry." (Action: goCafe)
-> Chloe attempts: goCafe
-> Failed: you are already at the Cafe

--- Time: Day6 07:00 ---

Bob's turn (Cafe, $10):
Bob: "I'm still here with Chloe and Bob at the cafe. Maybe we should just keep enjoying the coffee for a bit longer." (Action: goCafe)
-> Bob attempts: goCafe
-> Failed: you are already at the Cafe
Bob (retry): "I'm still chatting with Chloe and Bob at the cafe. It's been a lovely coffee time so far." (Action: goCafe)
-> Bob attempts: goCafe
-> Failed: you are already at the Cafe

Alice's turn (Cafe, $10):
Alice: "I'm still here and happy to chat if you'd like to continue. Have a lovely day!" (Action: startConversation)
-> Alice attempts: startConversation
-> unknown action: startConversation
Alice (retry): "I'm still here and happy to chat if you'd like to continue. Have a lovely day!" (Action: startConversation)
-> Alice attempts: startConversation
-> unknown action: startConversation

Chloe's turn (Cafe, $10):
Chloe: "It's almost 8 AM! The cafe is empty, so I'll just sit there and wait for the bus. I'm not hungry." (Action: goCafe)
-> Chloe attempts: goCafe
-> Failed: you are already at the Cafe
Chloe (retry): "I'm already at the cafe! The cafe is empty, so I'll just sit there and wait for the bus. I'm not hungry." (Action: goCafe)
-> Chloe attempts: goCafe
-> Failed: you are already at the Cafe

--- Time: Day6 07:30 ---

Bob's turn (Cafe, $10):
Bob: "I'm still here with Chloe and Bob at the cafe. Maybe we should just keep enjoying the coffee for a bit longer." (Action: goCafe)
-> Bob attempts: goCafe
-> Failed: you are already at the Cafe
Bob (retry): "I'm still chatting with Chloe and Bob at the cafe. It's been a lovely coffee time so far." (Action: goCafe)
-> Bob attempts: goCafe
-> Failed: you are already at the Cafe

Alice's turn (Cafe, $10):
Alice: "I'm still here and happy to chat if you'd like to continue. Have a lovely day!" (Action: startConversation)
-> Alice attempts: startConversation
-> unknown action: startConversation
Alice (retry): "I'm still here and happy to chat if you'd like to continue. Have a lovely day!" (Action: startConversation)
-> Alice attempts: startConversation
-> unknown action: startConversation

Chloe's turn (Cafe, $10):
Chloe: "It's almost 8 AM! The cafe is empty, so I'll just sit there and wait for the bus. I'm not hungry." (Action: goCafe)
-> Chloe attempts: goCafe
-> Failed: you are already at the Cafe
Chloe (retry): "I'm already at the cafe! The cafe is empty, so I'll just sit there and wait for the bus. I'm not hungry." (Action: goCafe)
-> Chloe attempts: goCafe
-> Failed: you are already at the Cafe

--- Time: Day6 08:00 ---

Bob's turn (Cafe, $10):
Bob: "I'm still here with Chloe and Bob at the cafe. Maybe we should just keep enjoying the coffee for a bit longer." (Action: goCafe)
-> Bob attempts: goCafe
-> Failed: you are already at the Cafe
Bob (retry): "I'm still chatting with Chloe and Bob at the cafe. It's been a lovely coffee time so far." (Action: goCafe)
-> Bob attempts: goCafe
-> Failed: you are already at the Cafe

Alice's turn (Cafe, $10):
Alice: "I'm still here and happy to chat if you'd like to continue. Have a lovely day!" (Action: startConversation)
-> Alice attempts: startConversation
-> unknown action: startConversation
Alice (retry): "I'm still here and happy to chat if you'd like to continue. Have a lovely day!" (Action: startConversation)
-> Alice attempts: startConversation
-> unknown action: startConversation

Chloe's turn (Cafe, $10):
Chloe: "It's almost 9 AM! The cafe is empty, so I'll just sit there and wait for the bus. I'm not hungry." (Action: goCafe)
-> Chloe attempts: goCafe
-> Failed: you are already at the Cafe
Chloe (retry): "I'm already at the cafe! The cafe is empty, so I'll just sit there and wait for the bus. I'm not hungry." (Action: goCafe)
-> Chloe attempts: goCafe
-> Failed: you are already at the Cafe

--- Time: Day6 08:30 ---

Bob's turn (Cafe, $10):
Bob: "I'm still here with Chloe and Bob at the cafe. Maybe we should just keep enjoying the coffee for a bit longer." (Action: goCafe)
-> Bob attempts: goCafe
-> Failed: you are already at the Cafe
Bob (retry): "I'm still chatting with Chloe and Bob at the cafe. It's been a lovely coffee time so far." (Action: goCafe)
-> Bob attempts: goCafe
-> Failed: you are already at the Cafe

Alice's turn (Cafe, $10):
Alice: "I'm still here and happy to chat if you'd like to continue. Have a lovely day!" (Action: startConversation)
-> Alice attempts: startConversation
-> unknown action: startConversation
Alice (retry): "I'm still here and happy to chat if you'd like to continue. Have a lovely day!" (Action: startConversation)
-> Alice attempts: startConversation
-> unknown action: startConversation

Chloe's turn (Cafe, $10):
Chloe: "I'm already at the cafe! The cafe is empty, so I'll just sit there and wait for the bus. I'm not hungry." (Action: goCafe)
-> Chloe attempts: goCafe
-> Failed: you are already at the Cafe
Chloe (retry): "I'm already at the cafe! The cafe is empty, so I'll just sit there and wait for the bus. I'm not hungry." (Action: goCafe)
-> Chloe attempts: goCafe
-> Failed: you are already at the Cafe

--- Time: Day6 09:00 ---

Bob's turn (Cafe, $10):
Bob: "I'm still here with Chloe and Bob at the cafe. Maybe we should just keep enjoying the coffee for a bit longer." (Action: goCafe)
-> Bob attempts: goCafe
-> Failed: you are already at the Cafe
Bob (retry): "I'm still chatting with Chloe and Bob at the cafe. It's been a lovely coffee time so far." (Action: goCafe)
-> Bob attempts: goCafe
-> Failed: you are already at the Cafe

Alice's turn (Cafe, $10):
Alice: "I'm still here and happy to chat if you'd like to continue. Have a lovely day!" (Action: startConversation)
-> Alice attempts: startConversation
-> unknown action: startConversation
Alice (retry): "I'm still here and happy to chat if you'd like to continue. Have a lovely day!" (Action: startConversation)
-> Alice attempts: startConversation
-> unknown action: startConversation

Chloe's turn (Cafe, $10):
Chloe: "It's almost 10 AM! The cafe is empty, so I'll just sit there and wait for the bus. I'm not hungry." (Action: goCafe)
-> Chloe attempts: goCafe
-> Failed: you are already at the Cafe
Chloe (retry): "I'm already at the cafe! The cafe is empty, so I'll just sit there and wait for the bus. I'm not hungry." (Action: goCafe)
-> Chloe attempts: goCafe
-> Failed: you are already at the Cafe

--- Time: Day6 09:30 ---

Bob's turn (Cafe, $10):
Bob: "I'm still here with Chloe and Bob at the cafe. Maybe we should just keep enjoying the coffee for a bit longer." (Action: goCafe)
-> Bob attempts: goCafe
-> Failed: you are already at the Cafe
Bob (retry): "I'm still chatting with Chloe and Bob at the cafe. It's been a lovely coffee time so far." (Action: goCafe)
-> Bob attempts: goCafe
-> Failed: you are already at the Cafe

Alice's turn (Cafe, $10):
Alice: "I'm still here and happy to chat if you'd like to continue. Have a lovely day!" (Action: startConversation)
-> Alice attempts: startConversation
-> unknown action: startConversation
Alice (retry): "I'm still here and happy to chat if you'd like to continue. Have a lovely day!" (Action: startConversation)
-> Alice attempts: startConversation
-> unknown action: startConversation

Chloe's turn (Cafe, $10):
Chloe: "I'm already at the cafe! The cafe is empty, so I'll just sit there and wait for the bus. I'm not hungry." (Action: goCafe)
-> Chloe attempts: goCafe
-> Failed: you are already at the Cafe
Chloe (retry): "I'm already at the cafe! The cafe is empty, so I'll just sit there and wait for the bus. I'm not hungry." (Action: goCafe)
-> Chloe attempts: goCafe
-> Failed: you are already at the Cafe

--- Time: Day6 10:00 ---

Bob's turn (Cafe, $10):
Bob: "I'm still here with Chloe and Bob at the cafe. Maybe we should just keep enjoying the coffee for a bit longer." (Action: goCafe)
-> Bob attempts: goCafe
-> Failed: you are already at the Cafe
Bob (retry): "I'm still chatting with Chloe and Bob at the cafe. It's been a lovely coffee time so far." (Action: goCafe)
-> Bob attempts: goCafe
-> Failed: you are already at the Cafe

Alice's turn (Cafe, $10):
Alice: "I'm still here and happy to chat if you'd like to continue. Have a lovely day!" (Action: startConversation)
-> Alice attempts: startConversation
-> unknown action: startConversation
Alice (retry): "I'm still here and happy to chat if you'd like to continue. Have a lovely day!" (Action: startConversation)
-> Alice attempts: startConversation
-> unknown action: startConversation

Chloe's turn (Cafe, $10):
Chloe: "It's almost 11 AM! The cafe is empty, so I'll just sit there and wait for the bus. I'm not hungry." (Action: goCafe)
-> Chloe attempts: goCafe
-> Failed: you are already at the Cafe
Chloe (retry): "I'm already at the cafe! The cafe is empty, so I'll just sit there and wait for the bus. I'm not hungry." (Action: goCafe)
-> Chloe attempts: goCafe
-> Failed: you are already at the Cafe

--- Time: Day6 10:30 ---

Bob's turn (Cafe, $10):
Bob: "I'm still here with Chloe and Bob at the cafe. Maybe we should just keep enjoying the coffee for a bit longer." (Action: goCafe)
-> Bob attempts: goCafe
-> Failed: you are already at the Cafe
Bob (retry): "I'm still chatting with Chloe and Bob at the cafe. It's been a lovely coffee time so far." (Action: goCafe)
-> Bob attempts: goCafe
-> Failed: you are already at the Cafe

Alice's turn (Cafe, $10):
Alice: "I'm still here and happy to chat if you'd like to continue. Have a lovely day!" (Action: startConversation)
-> Alice attempts: startConversation
-> unknown action: startConversation
Alice (retry): "I'm still here and happy to chat if you'd like to continue. Have a lovely day!" (Action: startConversation)
-> Alice attempts: startConversation
-> unknown action: startConversation

Chloe's turn (Cafe, $10):
Chloe: "I'm already at the cafe! The cafe is empty, so I'll just sit there and wait for the bus. I'm not hungry." (Action: goCafe)
-> Chloe attempts: goCafe
-> Failed: you are already at the Cafe
Chloe (retry): "I'm already at the cafe! The cafe is empty, so I'll just sit there and wait for the bus. I'm not hungry." (Action: goCafe)
-> Chloe attempts: goCafe
-> Failed: you are already at the Cafe

--- Time: Day6 11:00 ---

Bob's turn (Cafe, $10):
Bob: "I'm still here with Chloe and Bob at the cafe. Maybe we should just keep enjoying the coffee for a bit longer." (Action: goCafe)
-> Bob attempts: goCafe
-> Failed: you are already at the Cafe
Bob (retry): "I'm still chatting with Chloe and Bob at the cafe. It's been a lovely coffee time so far." (Action: goCafe)
-> Bob attempts: goCafe
-> Failed: you are already at the Cafe

Alice's turn (Cafe, $10):
Alice: "I'm still here and happy to chat if you'd like to continue. Have a lovely day!" (Action: startConversation)
-> Alice attempts: startConversation
-> unknown action: startConversation
Alice (retry): "I'm still here and happy to chat if you'd like to continue. Have a lovely day!" (Action: startConversation)
-> Alice attempts: startConversation
-> unknown action: startConversation

Chloe's turn (Cafe, $10):
Chloe: "It's almost noon! The cafe is empty, so I'll just sit there and wait for the bus. I'm not hungry." (Action: goCafe)
-> Chloe attempts: goCafe
-> Failed: you are already at the Cafe
Chloe (retry): "I'm already at the cafe! The cafe is empty, so I'll just sit there and wait for the bus. I'm not hungry." (Action: goCafe)
-> Chloe attempts: goCafe
-> Failed: you are already at the Cafe

--- Time: Day6 11:30 ---

Bob's turn (Cafe, $10):
Bob: "I'm still here with Chloe and Bob at the cafe. Maybe we should just keep enjoying the coffee for a bit longer." (Action: goCafe)
-> Bob attempts: goCafe
-> Failed: you are already at the Cafe
Bob (retry): "I'm still chatting with Chloe and Bob at the cafe. It's been a lovely coffee time so far." (Action: goCafe)
-> Bob attempts: goCafe
-> Failed: you are already at the Cafe

Alice's turn (Cafe, $10):
Alice: "I'm still here and happy to chat if you'd like to continue. Have a lovely day!" (Action: startConversation)
-> Alice attempts: startConversation
-> unknown action: startConversation
Alice (retry): "I'm still here and happy to chat if you'd like to continue. Have a lovely day!" (Action: startConversation)
-> Alice attempts: startConversation
-> unknown action: startConversation

Chloe's turn (Cafe, $10):
Chloe: "It's almost 12 PM! The cafe is empty, so I'll just sit there and wait for the bus. I'm not hungry." (Action: goCafe)
-> Chloe attempts: goCafe
-> Failed: you are already at the Cafe
Chloe (retry): "I'm already at the cafe! The cafe is empty, so I'll just sit there and wait for the bus. I'm not hungry." (Action: goCafe)
-> Chloe attempts: goCafe
-> Failed: you are already at the Cafe

--- Time: Day6 12:00 ---

Bob's turn (Cafe, $10):
Bob: "I'm still here with Chloe and Bob at the cafe. Maybe we should just keep enjoying the coffee for a bit longer." (Action: goCafe)
-> Bob attempts: goCafe
-> Failed: you are already at the Cafe
Bob (retry): "I'm still chatting with Chloe and Bob at the cafe. It's been a lovely coffee time so far." (Action: goCafe)
-> Bob attempts: goCafe
-> Failed: you are already at the Cafe

Alice's turn (Cafe, $10):
Alice: "I'm still here and happy to chat if you'd like to continue. Have a lovely day!" (Action: startConversation)
-> Alice attempts: startConversation
-> unknown action: startConversation
Alice (retry): "I'm still here and happy to chat if you'd like to continue. Have a lovely day!" (Action: startConversation)
-> Alice attempts: startConversation
-> unknown action: startConversation

Chloe's turn (Cafe, $10):
Chloe: "It's almost noon! The cafe is empty, so I'll just sit there and wait for the bus. I'm not hungry." (Action: goCafe)
-> Chloe attempts: goCafe
-> Failed: you are already at the Cafe
Chloe (retry): "I'm already at the cafe! The cafe is empty, so I'll just sit there and wait for the bus. I'm not hungry." (Action: goCafe)
-> Chloe attempts: goCafe
-> Failed: you are already at the Cafe

--- Time: Day6 12:30 ---

Bob's turn (Cafe, $10):
Bob: "I'm still here with Chloe and Bob at the cafe. Maybe we should just keep enjoying the coffee for a bit longer." (Action: goCafe)
-> Bob attempts: goCafe
-> Failed: you are already at the Cafe
Bob (retry): "I'm still chatting with Chloe and Bob at the cafe. It's been a lovely coffee time so far." (Action: goCafe)
-> Bob attempts: goCafe
-> Failed: you are already at the Cafe

Alice's turn (Cafe, $10):
Alice: "I'm still here and happy to chat if you'd like to continue. Have a lovely day!" (Action: startConversation)
-> Alice attempts: startConversation
-> unknown action: startConversation
Alice (retry): "I'm still here and happy to chat if you'd like to continue. Have a lovely day!" (Action: startConversation)
-> Alice attempts: startConversation
-> unknown action: startConversation

Chloe's turn (Cafe, $10):
Chloe: "It's almost 1 PM! The cafe is empty, so I'll just sit there and wait for the bus. I'm not hungry." (Action: goCafe)
-> Chloe attempts: goCafe
-> Failed: you are already at the Cafe
Chloe (retry): "I'm already at the cafe! The cafe is empty, so I'll just sit there and wait for the bus. I'm not hungry." (Action: goCafe)
-> Chloe attempts: goCafe
-> Failed: you are already at the Cafe

--- Time: Day6 13:00 ---

Bob's turn (Cafe, $10):
Bob: "I'm still here with Chloe and Bob at the cafe. Maybe we should just keep enjoying the coffee for a bit longer." (Action: goCafe)
-> Bob attempts: goCafe
-> Failed: you are already at the Cafe
Bob (retry): "I'm still chatting with Chloe and Bob at the cafe. It's been a lovely coffee time so far." (Action: goCafe)
-> Bob attempts: goCafe
-> Failed: you are already at the Cafe

Alice's turn (Cafe, $10):
Alice: "I'm still here and happy to chat if you'd like to continue. Have a lovely day!" (Action: startConversation)
-> Alice attempts: startConversation
-> unknown action: startConversation
Alice (retry): "I'm still here and happy to chat if you'd like to continue. Have a lovely day!" (Action: startConversation)
-> Alice attempts: startConversation
-> unknown action: startConversation

Chloe's turn (Cafe, $10):
Chloe: "It's almost 1 PM! The cafe is empty, so I'll just sit there and wait for the bus. I'm not hungry." (Action: goCafe)
-> Chloe attempts: goCafe
-> Failed: you are already at the Cafe
Chloe (retry): "I'm already at the cafe! The cafe is empty, so I'll just sit there and wait for the bus. I'm not hungry." (Action: goCafe)
-> Chloe attempts: goCafe
-> Failed: you are already at the Cafe

--- Time: Day6 13:30 ---

Bob's turn (Cafe, $10):
Bob: "I'm still here with Chloe and Bob at the cafe. Maybe we should just keep enjoying the coffee for a bit longer." (Action: goCafe)
-> Bob attempts: goCafe
-> Failed: you are already at the Cafe
Bob (retry): "I'm still chatting with Chloe and Bob at the cafe. It's been a lovely coffee time so far." (Action: goCafe)
-> Bob attempts: goCafe
-> Failed: you are already at the Cafe

Alice's turn (Cafe, $10):
Alice: "I'm still here and happy to chat if you'd like to continue. Have a lovely day!" (Action: startConversation)
-> Alice attempts: startConversation
-> unknown action: startConversation
Alice (retry): "I'm still here and happy to chat if you'd like to continue. Have a lovely day!" (Action: startConversation)
-> Alice attempts: startConversation
-> unknown action: startConversation

Chloe's turn (Cafe, $10):
Chloe: "It's almost 2 PM! The cafe is empty, so I'll just sit there and wait for the bus. I'm not hungry." (Action: goCafe)
-> Chloe attempts: goCafe
-> Failed: you are already at the Cafe
Chloe (retry): "I'm already at the cafe! The cafe is empty, so I'll just sit there and wait for the bus. I'm not hungry." (Action: goCafe)
-> Chloe attempts: goCafe
-> Failed: you are already at the Cafe

--- Time: Day6 14:00 ---

Bob's turn (Cafe, $10):
Bob: "I'm still here with Chloe and Bob at the cafe. Maybe we should just keep enjoying the coffee for a bit longer." (Action: goCafe)
-> Bob attempts: goCafe
-> Failed: you are already at the Cafe
Bob (retry): "I'm still chatting with Chloe and Bob at the cafe. It's been a lovely coffee time so far." (Action: goCafe)
-> Bob attempts: goCafe
-> Failed: you are already at the Cafe

Alice's turn (Cafe, $10):
Alice: "I'm still here and happy to chat if you'd like to continue. Have a lovely day!" (Action: startConversation)
-> Alice attempts: startConversation
-> unknown action: startConversation
Alice (retry): "I'm still here and happy to chat if you'd like to continue. Have a lovely day!" (Action: startConversation)
-> Alice attempts: startConversation
-> unknown action: startConversation

Chloe's turn (Cafe, $10):
Chloe: "It's almost 2 PM! The cafe is empty, so I'll just sit there and wait for the bus. I'm not hungry." (Action: goCafe)
-> Chloe attempts: goCafe
-> Failed: you are already at the Cafe
Chloe (retry): "I'm already at the cafe! The cafe is empty, so I'll just sit there and wait for the bus. I'm not hungry." (Action: goCafe)
-> Chloe attempts: goCafe
-> Failed: you are already at the Cafe

--- Time: Day6 14:30 ---

Bob's turn (Cafe, $10):
Bob: "I'm still here with Chloe and Bob at the cafe. Maybe we should just keep enjoying the coffee for a bit longer." (Action: goCafe)
-> Bob attempts: goCafe
-> Failed: you are already at the Cafe
Bob (retry): "I'm still chatting with Chloe and Bob at the cafe. It's been a lovely coffee time so far." (Action: goCafe)
-> Bob attempts: goCafe
-> Failed: you are already at the Cafe

Alice's turn (Cafe, $10):
Alice: "I'm still here and happy to chat if you'd like to continue. Have a lovely day!" (Action: startConversation)
-> Alice attempts: startConversation
-> unknown action: startConversation
Alice (retry): "I'm still here and happy to chat if you'd like to continue. Have a lovely day!" (Action: startConversation)
-> Alice attempts: startConversation
-> unknown action: startConversation

Chloe's turn (Cafe, $10):
Chloe: "It's almost 2 PM! The cafe is empty, so I'll just sit there and wait for the bus. I'm not hungry." (Action: goCafe)
-> Chloe attempts: goCafe
-> Failed: you are already at the Cafe
Chloe (retry): "I'm already at the cafe! The cafe is empty, so I'll just sit there and wait for the bus. I'm not hungry." (Action: goCafe)
-> Chloe attempts: goCafe
-> Failed: you are already at the Cafe

--- Time: Day6 15:00 ---

Bob's turn (Cafe, $10):
Bob: "I'm still here with Chloe and Bob at the cafe. Maybe we should just keep enjoying the coffee for a bit longer." (Action: goCafe)
-> Bob attempts: goCafe
-> Failed: you are already at the Cafe
Bob (retry): "I'm still chatting with Chloe and Bob at the cafe. It's been a lovely coffee time so far." (Action: goCafe)
-> Bob attempts: goCafe
-> Failed: you are already at the Cafe

Alice's turn (Cafe, $10):
Alice: "I'm still here and happy to chat if you'd like to continue. Have a lovely day!" (Action: startConversation)
-> Alice attempts: startConversation
-> unknown action: startConversation
Alice (retry): "I'm still here and happy to chat if you'd like to continue. Have a lovely day!" (Action: startConversation)
-> Alice attempts: startConversation
-> unknown action: startConversation

Chloe's turn (Cafe, $10):
Chloe: "It's almost 3 PM! The cafe is empty, so I'll just sit there and wait for the bus. I'm not hungry." (Action: goCafe)
-> Chloe attempts: goCafe
-> Failed: you are already at the Cafe
Chloe (retry): "I'm already at the cafe! The cafe is empty, so I'll just sit there and wait for the bus. I'm not hungry." (Action: goCafe)
-> Chloe attempts: goCafe
-> Failed: you are already at the Cafe

--- Time: Day6 15:30 ---

Bob's turn (Cafe, $10):
Bob: "I'm still here with Chloe and Bob at the cafe. Maybe we should just keep enjoying the coffee for a bit longer." (Action: goCafe)
-> Bob attempts: goCafe
-> Failed: you are already at the Cafe
Bob (retry): "I'm still chatting with Chloe and Bob at the cafe. It's been a lovely coffee time so far." (Action: goCafe)
-> Bob attempts: goCafe
-> Failed: you are already at the Cafe

Alice's turn (Cafe, $10):
Alice: "I'm still here and happy to chat if you'd like to continue. Have a lovely day!" (Action: startConversation)
-> Alice attempts: startConversation
-> unknown action: startConversation
Alice (retry): "I'm still here and happy to chat if you'd like to continue. Have a lovely day!" (Action: startConversation)
-> Alice attempts: startConversation
-> unknown action: startConversation

Chloe's turn (Cafe, $10):
Chloe: "It's almost 4 PM! The cafe is empty, so I'll just sit there and wait for the bus. I'm not hungry." (Action: goCafe)
-> Chloe attempts: goCafe
-> Failed: you are already at the Cafe
Chloe (retry): "I'm already at the cafe! The cafe is empty, so I'll just sit there and wait for the bus. I'm not hungry." (Action: goCafe)
-> Chloe attempts: goCafe
-> Failed: you are already at the Cafe

--- Time: Day6 16:00 ---

Bob's turn (Cafe, $10):
Bob: "I'm still here with Chloe and Bob at the cafe. Maybe we should just keep enjoying the coffee for a bit longer." (Action: goCafe)
-> Bob attempts: goCafe
-> Failed: you are already at the Cafe
Bob (retry): "I'm still chatting with Chloe and Bob at the cafe. It's been a lovely coffee time so far." (Action: goCafe)
-> Bob attempts: goCafe
-> Failed: you are already at the Cafe

Alice's turn (Cafe, $10):
Alice: "I'm still here and happy to chat if you'd like to continue. Have a lovely day!" (Action: startConversation)
-> Alice attempts: startConversation
-> unknown action: startConversation
Alice (retry): "I'm still here and happy to chat if you'd like to continue. Have a lovely day!" (Action: startConversation)
-> Alice attempts: startConversation
-> unknown action: startConversation

Chloe's turn (Cafe, $10):
Chloe: "It's almost 4 PM! The cafe is empty, so I'll just sit there and wait for the bus. I'm not hungry." (Action: goCafe)
-> Chloe attempts: goCafe
-> Failed: you are already at the Cafe
Chloe (retry): "I'm already at the cafe! The cafe is empty, so I'll just sit there and wait for the bus. I'm not hungry." (Action: goCafe)
-> Chloe attempts: goCafe
-> Failed: you are already at the Cafe

--- Time: Day6 16:30 ---

Bob's turn (Cafe, $10):
Bob: "I'm still here with Chloe and Bob at the cafe. Maybe we should just keep enjoying the coffee for a bit longer." (Action: goCafe)
-> Bob attempts: goCafe
-> Failed: you are already at the Cafe
Bob (retry): "I'm still chatting with Chloe and Bob at the cafe. It's been a lovely coffee time so far." (Action: goCafe)
-> Bob attempts: goCafe
-> Failed: you are already at the Cafe

Alice's turn (Cafe, $10):
Alice: "I'm still here and happy to chat if you'd like to continue. Have a lovely day!" (Action: startConversation)
-> Alice attempts: startConversation
-> unknown action: startConversation
Alice (retry): "I'm still here and happy to chat if you'd like to continue. Have a lovely day!" (Action: startConversation)
-> Alice attempts: startConversation
-> unknown action: startConversation

Chloe's turn (Cafe, $10):
Chloe: "It's almost 5 PM! The cafe is empty, so I'll just sit there and wait for the bus. I'm not hungry." (Action: goCafe)
-> Chloe attempts: goCafe
-> Failed: you are already at the Cafe
Chloe (retry): "I'm already at the cafe! The cafe is empty, so I'll just sit there and wait for the bus. I'm not hungry." (Action: goCafe)
-> Chloe attempts: goCafe
-> Failed: you are already at the Cafe

--- Time: Day6 17:00 ---

Bob's turn (Cafe, $10):
Bob: "I'm still here with Chloe and Bob at the cafe. Maybe we should just keep enjoying the coffee for a bit longer." (Action: goCafe)
-> Bob attempts: goCafe
-> Failed: you are already at the Cafe
Bob (retry): "I'm still chatting with Chloe and Bob at the cafe. It's been a lovely coffee time so far." (Action: goCafe)
-> Bob attempts: goCafe
-> Failed: you are already at the Cafe

Alice's turn (Cafe, $10):
Alice: "I'm still here and happy to chat if you'd like to continue. Have a lovely day!" (Action: startConversation)
-> Alice attempts: startConversation
-> unknown action: startConversation
Alice (retry): "I'm still here and happy to chat if you'd like to continue. Have a lovely day!" (Action: startConversation)
-> Alice attempts: startConversation
-> unknown action: startConversation

Chloe's turn (Cafe, $10):
Chloe: "It's almost 5 PM! The cafe is empty, so I'll just sit there and wait for the bus. I'm not hungry." (Action: goCafe)
-> Chloe attempts: goCafe
-> Failed: you are already at the Cafe
Chloe (retry): "I'm already at the cafe! The cafe is empty, so I'll just sit there and wait for the bus. I'm not hungry." (Action: goCafe)
-> Chloe attempts: goCafe
-> Failed: you are already at the Cafe

--- Time: Day6 17:30 ---

Bob's turn (Cafe, $10):
Bob: "I'm still here with Chloe and Bob at the cafe. Maybe we should just keep enjoying the coffee for a bit longer." (Action: goCafe)
-> Bob attempts: goCafe
-> Failed: you are already at the Cafe
Bob (retry): "I'm still chatting with Chloe and Bob at the cafe. It's been a lovely coffee time so far." (Action: goCafe)
-> Bob attempts: goCafe
-> Failed: you are already at the Cafe

Alice's turn (Cafe, $10):
Alice: "I'm still here and happy to chat if you'd like to continue. Have a lovely day!" (Action: startConversation)
-> Alice attempts: startConversation
-> unknown action: startConversation
Alice (retry): "I'm still here and happy to chat if you'd like to continue. Have a lovely day!" (Action: startConversation)
-> Alice attempts: startConversation
-> unknown action: startConversation

Chloe's turn (Cafe, $10):
Chloe: "It's almost 5 PM! The cafe is empty, so I'll just sit there and wait for the bus. I'm not hungry." (Action: goCafe)
-> Chloe attempts: goCafe
-> Failed: you are already at the Cafe
Chloe (retry): "I'm already at the cafe! The cafe is empty, so I'll just sit there and wait for the bus. I'm not hungry." (Action: goCafe)
-> Chloe attempts: goCafe
-> Failed: you are already at the Cafe

--- Time: Day6 18:00 ---

Bob's turn (Cafe, $10):
Bob: "I'm still here with Chloe and Bob at the cafe. Maybe we should just keep enjoying the coffee for a bit longer." (Action: goCafe)
-> Bob attempts: goCafe
-> Failed: you are already at the Cafe
Bob (retry): "I'm still chatting with Chloe and Bob at the cafe. It's been a lovely coffee time so far." (Action: goCafe)
-> Bob attempts: goCafe
-> Failed: you are already at the Cafe

Alice's turn (Cafe, $10):
Alice: "I'm still here and happy to chat if you'd like to continue. Have a lovely day!" (Action: startConversation)
-> Alice attempts: startConversation
-> unknown action: startConversation
Alice (retry): "I'm still here and happy to chat if you'd like to continue. Have a lovely day!" (Action: startConversation)
-> Alice attempts: startConversation
-> unknown action: startConversation

Chloe's turn (Cafe, $10):
Chloe: "It's almost 6 PM! The cafe is empty, so I'll just sit there and wait for the bus. I'm not hungry." (Action: goCafe)
-> Chloe attempts: goCafe
-> Failed: you are already at the Cafe
Chloe (retry): "I'm already at the cafe! The cafe is empty, so I'll just sit there and wait for the bus. I'm not hungry." (Action: goCafe)
-> Chloe attempts: goCafe
-> Failed: you are already at the Cafe

--- Time: Day6 18:30 ---

Bob's turn (Cafe, $10):
Bob: "I'm still here with Chloe and Bob at the cafe. Maybe we should just keep enjoying the coffee for a bit longer." (Action: goCafe)
-> Bob attempts: goCafe
-> Failed: you are already at the Cafe
Bob (retry): "I'm still chatting with Chloe and Bob at the cafe. It's been a lovely coffee time so far." (Action: goCafe)
-> Bob attempts: goCafe
-> Failed: you are already at the Cafe

Alice's turn (Cafe, $10):
Alice: "I'm still here and happy to chat if you'd like to continue. Have a lovely day!" (Action: startConversation)
-> Alice attempts: startConversation
-> unknown action: startConversation
Alice (retry): "I'm still here and happy to chat if you'd like to continue. Have a lovely day!" (Action: startConversation)
-> Alice attempts: startConversation
-> unknown action: startConversation

Chloe's turn (Cafe, $10):
Chloe: "It's almost 7 PM! The cafe is empty, so I'll just sit there and wait for the bus. I'm not hungry." (Action: goCafe)
-> Chloe attempts: goCafe
-> Failed: you are already at the Cafe
Chloe (retry): "I'm already at the cafe! The cafe is empty, so I'll just sit there and wait for the bus. I'm not hungry." (Action: goCafe)
-> Chloe attempts: goCafe
-> Failed: you are already at the Cafe

--- Time: Day6 19:00 ---

Bob's turn (Cafe, $10):
Bob: "I'm still here with Chloe and Bob at the cafe. Maybe we should just keep enjoying the coffee for a bit longer." (Action: goCafe)
-> Bob attempts: goCafe
-> Failed: you are already at the Cafe
Bob (retry): "I'm still chatting with Chloe and Bob at the cafe. It's been a lovely coffee time so far." (Action: goCafe)
-> Bob attempts: goCafe
-> Failed: you are already at the Cafe

Alice's turn (Cafe, $10):
Alice: "I'm still here and happy to chat if you'd like to continue. Have a lovely day!" (Action: startConversation)
-> Alice attempts: startConversation
-> unknown action: startConversation
Alice (retry): "I'm still here and happy to chat if you'd like to continue. Have a lovely day!" (Action: startConversation)
-> Alice attempts: startConversation
-> unknown action: startConversation

Chloe's turn (Cafe, $10):
Chloe: "It's almost 7 PM! The cafe is empty, so I'll just sit there and wait for the bus. I'm not hungry." (Action: goCafe)
-> Chloe attempts: goCafe
-> Failed: you are already at the Cafe
Chloe (retry): "I'm already at the cafe! The cafe is empty, so I'll just sit there and wait for the bus. I'm not hungry." (Action: goCafe)
-> Chloe attempts: goCafe
-> Failed: you are already at the Cafe

--- Time: Day6 19:30 ---

Bob's turn (Cafe, $10):
Bob: "I'm still here with Chloe and Bob at the cafe. Maybe we should just keep enjoying the coffee for a bit longer." (Action: goCafe)
-> Bob attempts: goCafe
-> Failed: you are already at the Cafe
Bob (retry): "I'm still chatting with Chloe and Bob at the cafe. It's been a lovely coffee time so far." (Action: goCafe)
-> Bob attempts: goCafe
-> Failed: you are already at the Cafe

Alice's turn (Cafe, $10):
Alice: "I'm still here and happy to chat if you'd like to continue. Have a lovely day!" (Action: startConversation)
-> Alice attempts: startConversation
-> unknown action: startConversation
Alice (retry): "I'm still here and happy to chat if you'd like to continue. Have a lovely day!" (Action: startConversation)
-> Alice attempts: startConversation
-> unknown action: startConversation

Chloe's turn (Cafe, $10):
Chloe: "It's almost 7 PM! The cafe is empty, so I'll just sit there and wait for the bus. I'm not hungry." (Action: goCafe)
-> Chloe attempts: goCafe
-> Failed: you are already at the Cafe
Chloe (retry): "I'm already at the cafe! The cafe is empty, so I'll just sit there and wait for the bus. I'm not hungry." (Action: goCafe)
-> Chloe attempts: goCafe
-> Failed: you are already at the Cafe

--- Time: Day6 20:00 ---

Bob's turn (Cafe, $10):
Bob: "I'm still here with Chloe and Bob at the cafe. Maybe we should just keep enjoying the coffee for a bit longer." (Action: goCafe)
-> Bob attempts: goCafe
-> Failed: you are already at the Cafe
Bob (retry): "I'm still chatting with Chloe and Bob at the cafe. It's been a lovely coffee time so far." (Action: goCafe)
-> Bob attempts: goCafe
-> Failed: you are already at the Cafe

Alice's turn (Cafe, $10):
Alice: "I'm still here and happy to chat if you'd like to continue. Have a lovely day!" (Action: startConversation)
-> Alice attempts: startConversation
-> unknown action: startConversation
Alice (retry): "I'm still here and happy to chat if you'd like to continue. Have a lovely day!" (Action: startConversation)
-> Alice attempts: startConversation
-> unknown action: startConversation

Chloe's turn (Cafe, $10):
Chloe: "It's almost 8 PM! The cafe is empty, so I'll just sit there and wait for the bus. I'm not hungry." (Action: goCafe)
-> Chloe attempts: goCafe
-> Failed: you are already at the Cafe
Chloe (retry): "I'm already at the cafe! The cafe is empty, so I'll just sit there and wait for the bus. I'm not hungry." (Action: goCafe)
-> Chloe attempts: goCafe
-> Failed: you are already at the Cafe

--- Time: Day6 20:30 ---

Bob's turn (Cafe, $10):
Bob: "I'm still here with Chloe and Bob at the cafe. Maybe we should just keep enjoying the coffee for a bit longer." (Action: goCafe)
-> Bob attempts: goCafe
-> Failed: you are already at the Cafe
Bob (retry): "I'm still chatting with Chloe and Bob at the cafe. It's been a lovely coffee time so far." (Action: goCafe)
-> Bob attempts: goCafe
-> Failed: you are already at the Cafe

Alice's turn (Cafe, $10):
Alice: "I'm still here and happy to chat if you'd like to continue. Have a lovely day!" (Action: startConversation)
-> Alice attempts: startConversation
-> unknown action: startConversation
Alice (retry): "I'm still here and happy to chat if you'd like to continue. Have a lovely day!" (Action: startConversation)
-> Alice attempts: startConversation
-> unknown action: startConversation

Chloe's turn (Cafe, $10):
Chloe: "It's almost 9 PM! The cafe is empty, so I'll just sit there and wait for the bus. I'm not hungry." (Action: goCafe)
-> Chloe attempts: goCafe
-> Failed: you are already at the Cafe
Chloe (retry): "I'm already at the cafe! The cafe is empty, so I'll just sit there and wait for the bus. I'm not hungry." (Action: goCafe)
-> Chloe attempts: goCafe
-> Failed: you are already at the Cafe

--- Time: Day6 21:00 ---

Bob's turn (Cafe, $10):
Bob: "I'm still here with Chloe and Bob at the cafe. Maybe we should just keep enjoying the coffee for a bit longer." (Action: goCafe)
-> Bob attempts: goCafe
-> Failed: you are already at the Cafe
Bob (retry): "I'm still chatting with Chloe and Bob at the cafe. It's been a lovely coffee time so far." (Action: goCafe)
-> Bob attempts: goCafe
-> Failed: you are already at the Cafe

Alice's turn (Cafe, $10):
Alice: "I still don't know what to do, but I'm glad we're here. Have a lovely day!" (Action: startConversation)
-> Alice attempts: startConversation
-> unknown action: startConversation
Alice (retry): "I'm still here and happy to chat if you'd like to continue. Have a lovely day!" (Action: startConversation)
-> Alice attempts: startConversation
-> unknown action: startConversation

Chloe's turn (Cafe, $10):
Chloe: "I'm already at the cafe! The cafe is empty, so I'll just sit there and wait for the bus. I'm not hungry." (Action: goCafe)
-> Chloe attempts: goCafe
-> Failed: you are already at the Cafe
Chloe (retry): "I'm already at the cafe! The cafe is empty, so I'll just sit there and wait for the bus. I'm not hungry." (Action: goCafe)
-> Chloe attempts: goCafe
-> Failed: you are already at the Cafe

--- Time: Day6 21:30 ---

Bob's turn (Cafe, $10):
Bob: "I'm still here with Chloe and Bob at the cafe. Maybe we should just keep enjoying the coffee for a bit longer." (Action: goCafe)
-> Bob attempts: goCafe
-> Failed: you are already at the Cafe
Bob (retry): "I'm still chatting with Chloe and Bob at the cafe. It's been a lovely coffee time so far." (Action: goCafe)
-> Bob attempts: goCafe
-> Failed: you are already at the Cafe

Alice's turn (Cafe, $10):
Alice: "I'm still here and happy to chat if you'd like to continue. Have a lovely day!" (Action: startConversation)
-> Alice attempts: startConversation
-> unknown action: startConversation
Alice (retry): "I'm still here and happy to chat if you'd like to continue. Have a lovely day!" (Action: startConversation)
-> Alice attempts: startConversation
-> unknown action: startConversation

Chloe's turn (Cafe, $10):
Chloe: "I've been here for a while now! The cafe is empty, so I'll just sit there and wait for the bus. I'm not hungry." (Action: goCafe)
-> Chloe attempts: goCafe
-> Failed: you are already at the Cafe
Chloe (retry): "I'm already at the cafe! The cafe is empty, so I'll just sit there and wait for the bus. I'm not hungry." (Action: goCafe)
-> Chloe attempts: goCafe
-> Failed: you are already at the Cafe

--- Time: Day6 22:00 ---

Bob's turn (Cafe, $10):
Bob: "I'm still here with Chloe and Bob at the cafe. Maybe we should just keep enjoying the coffee for a bit longer." (Action: goCafe)
-> Bob attempts: goCafe
-> Failed: you are already at the Cafe
Bob (retry): "I'm still chatting with Chloe and Bob at the cafe. It's been a lovely coffee time so far." (Action: goCafe)
-> Bob attempts: goCafe
-> Failed: you are already at the Cafe

Alice's turn (Cafe, $10):
Alice: "I'm still here and happy to chat if you'd like to continue. Have a lovely day!" (Action: startConversation)
-> Alice attempts: startConversation
-> unknown action: startConversation
Alice (retry): "I'm still here and happy to chat if you'd like to continue. Have a lovely day!" (Action: startConversation)
-> Alice attempts: startConversation
-> unknown action: startConversation

Chloe's turn (Cafe, $10):
Chloe: "I've been here for a while now! The cafe is empty, so I'll just sit there and wait for the bus. I'm not hungry." (Action: goCafe)
-> Chloe attempts: goCafe
-> Failed: you are already at the Cafe
Chloe (retry): "I'm already at the cafe! The cafe is empty, so I'll just sit there and wait for the bus. I'm not hungry." (Action: goCafe)
-> Chloe attempts: goCafe
-> Failed: you are already at the Cafe

--- Time: Day6 22:30 ---

Bob's turn (Cafe, $10):
Bob: "I'm still here with Chloe and Bob at the cafe. Maybe we should just keep enjoying the coffee for a bit longer." (Action: goCafe)
-> Bob attempts: goCafe
-> Failed: you are already at the Cafe
Bob (retry): "I'm still chatting with Chloe and Bob at the cafe. It's been a lovely coffee time so far." (Action: goCafe)
-> Bob attempts: goCafe
-> Failed: you are already at the Cafe

Alice's turn (Cafe, $10):
Alice: "I'm still here and happy to chat if you'd like to continue. Have a lovely day!" (Action: startConversation)
-> Alice attempts: startConversation
-> unknown action: startConversation
Alice (retry): "I'm still here and happy to chat if you'd like to continue. Have a lovely day!" (Action: startConversation)
-> Alice attempts: startConversation
-> unknown action: startConversation

Chloe's turn (Cafe, $10):
Chloe: "I've been here for a while now! The cafe is empty, so I'll just sit there and wait for the bus. I'm not hungry." (Action: goCafe)
-> Chloe attempts: goCafe
-> Failed: you are already at the Cafe
Chloe (retry): "I'm already at the cafe! The cafe is empty, so I'll just sit there and wait for the bus. I'm not hungry." (Action: goCafe)
-> Chloe attempts: goCafe
-> Failed: you are already at the Cafe

--- Time: Day6 23:00 ---

Bob's turn (Cafe, $10):
Bob: "I'm still here with Chloe and Bob at the cafe. Maybe we should just keep enjoying the coffee for a bit longer." (Action: goCafe)
-> Bob attempts: goCafe
-> Failed: you are already at the Cafe
Bob (retry): "I'm still chatting with Chloe and Bob at the cafe. It's been a lovely coffee time so far." (Action: goCafe)
-> Bob attempts: goCafe
-> Failed: you are already at the Cafe

Alice's turn (Cafe, $10):
Alice: "I'm still here and happy to chat if you'd like to continue. Have a lovely day!" (Action: startConversation)
-> Alice attempts: startConversation
-> unknown action: startConversation
Alice (retry): "I'm still here and happy to chat if you'd like to continue. Have a lovely day!" (Action: startConversation)
-> Alice attempts: startConversation
-> unknown action: startConversation

Chloe's turn (Cafe, $10):
Chloe: "I've been here for a while now! The cafe is empty, so I'll just sit there and wait for the bus. I'm not hungry." (Action: goCafe)
-> Chloe attempts: goCafe
-> Failed: you are already at the Cafe
Chloe (retry): "I'm already at the cafe! The cafe is empty, so I'll just sit there and wait for the bus. I'm not hungry." (Action: goCafe)
-> Chloe attempts: goCafe
-> Failed: you are already at the Cafe

--- Time: Day6 23:30 ---

Bob's turn (Cafe, $10):
Bob: "I'm still here with Chloe and Bob at the cafe. Maybe we should just keep enjoying the coffee for a bit longer." (Action: goCafe)
-> Bob attempts: goCafe
-> Failed: you are already at the Cafe
Bob (retry): "I'm still chatting with Chloe and Bob at the cafe. It's been a lovely coffee time so far." (Action: goCafe)
-> Bob attempts: goCafe
-> Failed: you are already at the Cafe

Alice's turn (Cafe, $10):
Alice: "I'm still here and happy to chat if you'd like to continue. Have a lovely day!" (Action: startConversation)
-> Alice attempts: startConversation
-> unknown action: startConversation
Alice (retry): "I'm still here and happy to chat if you'd like to continue. Have a lovely day!" (Action: startConversation)
-> Alice attempts: startConversation
-> unknown action: startConversation

Chloe's turn (Cafe, $10):
Chloe: "I've been here for a long time. The cafe is empty, so I'll just sit there and wait for the bus. I'm not hungry." (Action: goCafe)
-> Chloe attempts: goCafe
-> Failed: you are already at the Cafe
Chloe (retry): "I'm already at the cafe! The cafe is empty, so I'll just sit there and wait for the bus. I'm not hungry." (Action: goCafe)
-> Chloe attempts: goCafe
-> Failed: you are already at the Cafe


=== FINAL STATES ===

Bob (alive): Loc Cafe, $10, E71/82, hist 51, diary 0

Alice (alive): Loc Cafe, $10, E75/81, hist 51, diary 0

Chloe (alive): Loc Cafe, $10, E54/80, hist 51, diary 2
  Latest: "I wake up! It's Day 2. I need to go to sleep. I don't know a..."
