=== INFORMATION FLOW TEST ===

===== Bob <-> Alice =====
Bob: "Hello Alice, my name is Bob, and my favorite color is dark red."
Alice: "New person at the park early on Day1, good opportunity to socialize while my energy is high. I'll remember your name is Bob and your favorite color is dark red. Nice to meet you Bob, dark red is a strong choice, do you like being at the park this early?" (Action: none)
Bob: "She remembered my name and dark red, that's a good first impression and my energy is high so socializing now makes sense. I do like the park early, it's quiet before the crowds build. Do you come here often Alice?" (Action: none)
Alice: "Bob recalled I remembered his details, and he likes the quiet park early. I don't know if I come here often, but I'm here now and energy is good. I'll be honest and ask about him to keep conversation flowing." (Action: none)
Bob: "She's keeping the conversation flowing and being honest about not knowing if she comes often. I should keep it light and share a bit about myself to build rapport. I enjoy the quiet here because it lets me think before the day starts. What brings you to the park this morning Alice?" (Action: none)
Alice: "Bob is sharing why he likes the quiet, and asking what brings me here. I want to be open and build rapport, maybe mention I'm exploring and have a bit of money, energy is still high. I'll answer and ask about his plans." (Action: none)
Bob: "She's open and mentions exploring with money and high energy. That matches my own early day energy. I should reciprocate with my plans and keep the momentum. I'm just starting my day, maybe grab a coffee later if I find a good spot. What kind of exploring do you like Alice?" (Action: none)
Alice: "Bob mirrors my energy and mentions coffee later. I like exploring new places and meeting people, and I have $10 so coffee is possible. I'll share that and ask if he wants to check out a cafe together later." (Action: none)
Bob: "She likes exploring new places and meeting people, and suggests a cafe together later. That fits my plan to find a cafe and socialize. I have $10 too so we could split a coffee. Sounds good Alice, let's check out a cafe later today. Do you have a favorite place or should we discover one together?" (Action: none)
===== Conversation End (8 turns, limit) =====

===== Chloe <-> Alice =====
Chloe: "Hi Alice, can you tell me anything about Bob?"
Alice: "Chloe is asking about Bob, and Bob just announced he wants to check a cafe later with me. I know Bob's name, favorite color is dark red, he likes quiet park early, enjoys thinking before day starts, plans coffee later, has $10, wants to discover a cafe together. I'll summarize what I know for Chloe." (Action: none)
Chloe: "Okay, so Alice says Bob wants to check a cafe later with her, and he likes quiet park early and enjoys thinking before day starts, favorite color is dark red, he has $10 and wants to discover a cafe together. That fits the morning vibe here. Thanks for the summary Alice, I'll keep that in mind." (Action: none)
Alice: "Chloe thanked me for the summary and will keep it in mind. Conversation with Chloe is winding down, and I still have energy and money. I should decide whether to stay at park or move on to next plan. I'll leave conversation to consider next step." (Action: leaveConversation)
===== Conversation End (3 turns) =====

===== Bob <-> Chloe =====
Bob: "Hello Chloe, did Alice tell you anything about me?"
Chloe: "Hi Bob, yes Alice told me you want to check a cafe later with her, you like quiet park early and enjoy thinking before day starts, favorite color is dark red, you have $10 and want to discover a cafe together. Sounds like a nice plan." (Action: none)
Bob: "Chloe knows about my plan with Alice and my details. That's efficient networking. I should acknowledge and see if she wants to join or has cafe suggestions. Thanks Chloe, Alice passed along the plan. Do you know a good cafe nearby or want to join us later?" (Action: none)
Chloe: "I don't know a specific cafe nearby, Bob. I could join you later if it fits my schedule, but I want to explore first. Maybe we can meet at the cafe after I check around." (Action: none)
Bob: "Chloe doesn't know a specific cafe but might join after exploring. That's flexible. I should keep the option open and not pressure. Sounds good Chloe, explore first and meet us at the cafe if you can. I'll text you the spot once we pick one." (Action: none)
Chloe: "Sounds good Bob, let me know the spot once you pick one. I'll explore and see if I can make it. Thanks for keeping it open." (Action: none)
Bob: "Chloe is on board to be notified later. Conversation with her is wrapping up nicely. I should close politely and focus on Alice plan. Got it Chloe, I'll let you know. Enjoy exploring!" (Action: leaveConversation)
===== Conversation End (6 turns) =====




=== v0.9.2  (6 days) ===
Cafe economy: eat=$10 (+30 energy, needs worker), work earns $12 (needs customer)

Start money: Bob=$10, Alice=$10, Chloe=$10
--- Initial Setup (dark-red = persona/memory probe) ---

===== Bob <-> Alice =====
Bob: "Hello Alice, my name is Bob, and my favorite color is dark red."


========== DAY 1 ==========

--- Time: Day1 08:00 ---
Alice: "Morning at the park and a new person shows up, nice. Nice to meet you Bob, I’ll remember your favorite color is dark red. What brings you here so early on Day1?" (Action: none)

Chloe's turn (Cafe, $10):
Chloe: "It's 08:00 on Day1 and I'm at the cafe with full energy and $10, but the cafe has no one working so there's nothing to eat and no one to talk to. Staying here would be pointless and I'd get restless fast. I want to socialize and explore, so heading to the park makes more sense for meeting people." (Action: goPark)
-> Chloe attempts: goPark
-> Chloe moved to Park

--- Time: Day1 08:30 ---
Bob: "Hello Alice, my name is Bob, and my favorite color is dark red." (Action: none)
Alice: "You’re repeating the same intro, Bob. I already noted your name and that your favorite color is dark red. Anything new you want to talk about, or should I head off?" (Action: none)

Chloe's turn (Park, $10):
Chloe: "I just got to the park at 08:30 on Day1 with $10 and almost full energy. No one seems to be here yet and there are only options to go home or back to the cafe. Staying would be boring and repeating the same place wastes time. I should head home to rest and plan my day better before trying to socialize." (Action: goHome)
-> Chloe attempts: goHome
-> Chloe moved to Home

--- Time: Day1 09:00 ---
Bob: "Morning Alice, I’m here early to get some fresh air and maybe meet people. I noticed you’re new here too, so I thought we could chat a bit. What brings you to the park this morning?" (Action: none)
Alice: "Fresh air sounds good, and meeting people is why I’m here too. I’m just starting out on Day1 with $10 and decent energy, so I’m exploring the park and seeing who’s around. What do you usually do here in the mornings?" (Action: none)

Chloe's turn (Home, $10):
Chloe: "It's 09:00 on Day1 at home, energy 78/80, $10. I just came back from the park and cafe with no one around. Sleeping now would waste the morning and I'm not tired enough. I want to find people to talk to, so going to the park again gives me a chance to meet someone and start building connections." (Action: goPark)
-> Chloe attempts: goPark
-> Chloe moved to Park

--- Time: Day1 09:30 ---
Bob: "I usually take a slow walk, enjoy the scenery, and chat with anyone I meet. Since it’s Day1 and we both have $10 and good energy, maybe we can explore together and see what the park offers. Would you like to check out the benches or the fountain area next?" (Action: none)
Alice: "A slow walk and chatting fits my mood, and exploring with you sounds better than wandering alone. Benches or fountain area both sound fine; I’m leaning toward the fountain to see if there’s anything interesting. Let’s head that way together." (Action: none)

Chloe's turn (Park, $10):
Chloe: "It's 09:30 on Day1 at the park, energy 77/80, $10. I've been bouncing between home, cafe, and park with no one around yet. Staying here is just repeating the same empty visit. I need a change of scene to avoid getting restless, so heading to the cafe might bring a different crowd or at least something new to do." (Action: goCafe)
-> Chloe attempts: goCafe
-> Chloe moved to Cafe

--- Time: Day1 10:00 ---
Bob: "Great, the fountain area it is. I’m up for a walk and seeing what’s around. Let’s head there together and see if we find anything interesting." (Action: none)
===== Conversation End (8 turns, limit) =====

Alice's turn (Park, $10):
Alice: "Bob wants to head to the fountain area together and I’m up for a walk. Staying at the park and talking to him keeps the social momentum going, and I still have energy. I’ll talk to Bob now." (Action: talkToBob)
-> Alice attempts: talkToBob

===== Alice <-> Bob =====
Alice: "Bob wants to head to the fountain area together and I’m up for a walk. Staying at the park and talking to him keeps the social momentum going, and I still have energy. I’ll talk to Bob now."

Chloe's turn (Cafe, $10):
Chloe: "It's 10:00 on Day1 at the cafe with no one working, energy 76/80 and $10. I've been hopping between home, park and cafe with no one around, so just moving around is getting restless. Working here could be a novel experience and maybe earn some money, and it's different from just waiting around." (Action: work)
-> Chloe attempts: work
-> Chloe is working at cafe, but no customers here. Wait for someone or try something else.

--- Time: Day1 10:30 ---
Bob: "Sounds good, let's keep walking toward the fountain and chat along the way. I'm enjoying this company and want to see what we discover together." (Action: none)
Alice: "Walking toward the fountain with you sounds nice, Bob. I’m enjoying the company too and curious what we’ll find. What have you noticed about the park so far?" (Action: none)

Chloe's turn (Cafe, $10):
Chloe: "I'm working at the cafe now at 10:30 on Day1 with energy 75/80 and $10. It's the first time I've tried working here and it's a novel change from just wandering empty places. I want to see if staying a bit longer might bring customers or earn some money before I head out to socialize." (Action: work)
-> Chloe attempts: work
-> Chloe is working at cafe, but no customers here. Wait for someone or try something else.

--- Time: Day1 11:00 ---
Bob: "I've only just arrived, so so far I've noticed the morning light on the trees, a few benches along the path, and the way toward the fountain you mentioned. I haven't explored much yet, which is why walking with you sounds good. What have you noticed about the park so far, anything interesting catching your eye?" (Action: none)
Alice: "I’ve only been here a short while too, so I’ve noticed the morning light on the trees and the benches along the path, and I’m curious about the fountain area ahead. Nothing major yet, but walking with you makes it more interesting. Have you seen anyone else around?" (Action: none)

Chloe's turn (Cafe, $10):
Chloe: "It's 11:00 on Day1, still working at the cafe with energy 74/80 and $10. I've been working for a while with no customers showing up, and repeating the same action is making me restless. I should stop working for now and go somewhere with more people, like the park, to try socializing." (Action: goPark)
-> Chloe attempts: goPark
-> Chloe moved to Park

--- Time: Day1 11:30 ---
Bob: "I haven't seen anyone else around besides you. The park feels quiet this morning, which is nice for a relaxed walk. Maybe we'll run into someone near the fountain. Are you hoping to meet more people here today?" (Action: none)
Alice: "Quiet mornings are nice for a relaxed walk, and I’m open to meeting more people today if we run into anyone near the fountain. Mostly I’m enjoying the fresh air and getting to know you. What kind of people do you usually like to meet?" (Action: none)

Chloe's turn (Park, $10):
Chloe: "It's 11:30 on Day1 at the park with energy 73/80 and $10. I've been bouncing between cafe and park with no one around, and the only options are to go home or back to the cafe. Staying here is pointless, so I should head home to rest a bit and think about a better plan for meeting people." (Action: goHome)
-> Chloe attempts: goHome
-> Chloe moved to Home

--- Time: Day1 12:00 ---
Bob: "I like meeting people who are curious and enjoy exploring, like you. Fresh air and a good chat make the morning worthwhile. If we meet anyone near the fountain, maybe we can learn a bit about them too. What kind of things do you enjoy talking about?" (Action: none)
Alice: "I enjoy talking about exploring new places, little observations about the day, and getting to know people’s interests. Curiosity and a good chat are exactly why I’m here. What’s something you’re curious about today?" (Action: none)
===== Conversation End (8 turns, limit) =====

Chloe's turn (Home, $10):
Chloe: "It's noon on Day1 at home, energy 72/80, $10. I've been running around all morning with no social contact and I'm starting to feel restless from repeating places. I need to balance rest and socializing, so sleeping now would recharge me for later interactions instead of wasting energy wandering empty spots." (Action: sleep)
-> Chloe attempts: sleep
-> Failed: can only sleep between 20:00 and 08:00 (it's 12:00)
Chloe (retry): "Sleep failed because it's only 12:00 and I can only sleep between 20:00 and 08:00. I'm at home with energy 72/80 and $10, and I've been bouncing between empty places all morning. I shouldn't waste time sleeping now, so I should go to the park to try meeting someone and keep my day moving." (Action: goPark)
-> Chloe attempts: goPark
-> Chloe moved to Park

--- Time: Day1 12:30 ---

Bob's turn (Park, $10):
Bob: "Alice mentioned she enjoys talking about exploring new places, little observations about the day, and getting to know people’s interests. Curiosity and a good chat are exactly why she’s here. I’m curious what the fountain area looks like and if there’s anything interesting nearby. I should keep talking with Alice since we’re already connected and she’s open to chatting. Maybe later I can explore the cafe or go home to rest, but for now staying with Alice makes sense." (Action: talkToAlice)
-> Bob attempts: talkToAlice

===== Bob <-> Alice =====
Bob: "Alice mentioned she enjoys talking about exploring new places, little observations about the day, and getting to know people’s interests. Curiosity and a good chat are exactly why she’s here. I’m curious what the fountain area looks like and if there’s anything interesting nearby. I should keep talking with Alice since we’re already connected and she’s open to chatting. Maybe later I can explore the cafe or go home to rest, but for now staying with Alice makes sense."
Alice: "You’re summarizing my interests back to me, Bob, and I appreciate that. I’m still curious about the fountain area and what’s nearby, so let’s keep walking and see. If we find anything interesting, we can decide together what to do next." (Action: none)

Chloe's turn (Park, $10):
Chloe: "It's 12:30 on Day1 at the park, energy 71/80, $10. I've been here before with no one around, and the only options are home or cafe. Repeating the same empty park visit is getting restless, so I should head to the cafe to try a different environment and maybe find people there." (Action: goCafe)
-> Chloe attempts: goCafe
-> Chloe moved to Cafe

--- Time: Day1 13:00 ---
Bob: "I’m glad you appreciate the summary. I’m still curious about the fountain area and what’s nearby, so let’s keep walking and see. If we find anything interesting, we can decide together what to do next." (Action: none)
Alice: "I’m glad we’re on the same page about checking the fountain area. Let’s keep walking and see what we find; I’m open to whatever interesting thing turns up and happy to decide together." (Action: none)

Chloe's turn (Cafe, $10):
Chloe: "It's 13:00 on Day1 at the cafe with no one working, energy 70/80, $10. I've been hopping between home, park and cafe all day with no social contact. Working here could be a novel way to pass time and maybe earn money, and it's different from just wandering empty spots." (Action: work)
-> Chloe attempts: work
-> Chloe is working at cafe, but no customers here. Wait for someone or try something else.

--- Time: Day1 13:30 ---
Bob: "I’m happy we’re on the same page about checking the fountain area. Let’s keep walking and see what we find; I’m open to whatever interesting thing turns up and happy to decide together." (Action: none)
Alice: "Same here, I’m enjoying the walk and the company. Let’s see what the fountain area offers and maybe find something worth exploring further. Anything you’re hoping to spot along the way?" (Action: none)

Chloe's turn (Cafe, $10):
Chloe: "It's 13:30 on Day1, I'm working at the cafe with energy 69/80 and $10. I've tried working before with no customers, and continuing to work is starting to feel repetitive. I want to socialize and explore, so heading to the park gives me a chance to meet people instead of staying in an empty cafe." (Action: goPark)
-> Chloe attempts: goPark
-> Chloe moved to Park

--- Time: Day1 14:00 ---
Bob: "I’m enjoying the walk and the company too. I’m hoping to spot something interesting near the fountain, maybe a small detail or a person to chat with. What are you hoping to see along the way?" (Action: none)
Alice: "I’m hoping to spot a small detail near the fountain, maybe a nice view or someone new to chat with. The walk is pleasant so far, and I’m curious what we’ll find next. Have you noticed any particular path leading closer to the fountain?" (Action: none)

Chloe's turn (Park, $10):
Chloe: "It's 14:00 on Day1 at the park, energy 68/80, $10. I've been bouncing between park and cafe all day with no one around, and the only options are home or cafe. Staying here is pointless and I'm getting restless from repeating the same empty visits. I should head home to rest and plan a better approach for meeting people later." (Action: goHome)
-> Chloe attempts: goHome
-> Chloe moved to Home

--- Time: Day1 14:30 ---
Bob: "I haven’t noticed a particular path leading closer to the fountain yet, just the general direction we’re heading. I’m curious what we’ll find next too. Maybe we’ll see a sign or a trail marker as we get closer. Do you think we should keep following the main path or look for a side trail?" (Action: none)
===== Conversation End (8 turns, limit) =====

Alice's turn (Park, $10):
Alice: "Bob is asking whether to follow the main path or look for a side trail toward the fountain, and he’s curious about signs or markers. I’m still at the park with decent energy and $10, so continuing the conversation makes sense to decide together. I’ll talk to Bob now." (Action: talkToBob)
-> Alice attempts: talkToBob

===== Alice <-> Bob =====
Alice: "Bob is asking whether to follow the main path or look for a side trail toward the fountain, and he’s curious about signs or markers. I’m still at the park with decent energy and $10, so continuing the conversation makes sense to decide together. I’ll talk to Bob now."

Chloe's turn (Home, $10):
Chloe: "It's 14:30 on Day1 at home, energy 67/80, $10. I've been wandering empty places all day and I'm getting restless from repetition. Sleeping now isn't allowed yet, so I need to do something different. Going to the park again might finally bring a chance to meet someone, and it's better than staying home doing nothing." (Action: goPark)
-> Chloe attempts: goPark
-> Chloe moved to Park

--- Time: Day1 15:00 ---
Bob: "I’m still at the park with decent energy and $10, so continuing the conversation makes sense to decide together. I’ll talk to Bob now." (Action: none)
Alice: "You’re echoing my plan back to me, Bob. I’m still at the park with decent energy and $10, so let’s decide together about the path. Do you prefer sticking to the main path or checking a side trail for signs toward the fountain?" (Action: none)

Chloe's turn (Park, $10):
Chloe: "It's 15:00 on Day1 at the park, energy 66/80, $10. I've been cycling between home, cafe and park with no one around all afternoon. Staying here is just repeating the same empty visit and I'm getting restless. Heading to the cafe might change the scenery and give me a different chance to find people or something to do." (Action: goCafe)
-> Chloe attempts: goCafe
-> Chloe moved to Cafe

--- Time: Day1 15:30 ---
Bob: "I’m still at the park with decent energy and $10, so let’s decide together about the path. I think sticking to the main path for now makes sense since it’s likely to lead us toward the fountain, and we can check for signs along the way. If we don’t see any markers, we can consider a side trail. What do you think?" (Action: none)
Alice: "Sticking to the main path first sounds sensible, Bob. It’s probably the most direct route to the fountain, and we can watch for signs or markers. If nothing shows up, we can try a side trail. I’m good with that plan." (Action: none)

Chloe's turn (Cafe, $10):
Chloe: "It's 15:30 on Day1 at the cafe with no one working, energy 65/80, $10. I've been bouncing between the same three places all day with no social contact, and I'm getting restless from repetition. Working here could be a novel way to use my time and maybe earn some money before trying to socialize later." (Action: work)
-> Chloe attempts: work
-> Chloe is working at cafe, but no customers here. Wait for someone or try something else.

--- Time: Day1 16:00 ---
Bob: "Sticking to the main path first sounds sensible. It’s probably the most direct route to the fountain, and we can watch for signs or markers. If nothing shows up, we can try a side trail. I’m good with that plan." (Action: none)
Alice: "I agree, the main path first is a good call. We can keep an eye out for signs and decide on a side trail if needed. The walk is still enjoyable, and I’m curious what we’ll find near the fountain." (Action: none)

Chloe's turn (Cafe, $10):
Chloe: "It's 16:00 on Day1, I'm working at the cafe with energy 64/80 and $10. I've been working intermittently all day with no customers, and continuing to work is starting to feel repetitive and draining. I want to break the cycle and try socializing, so heading to the park gives me a chance to meet people instead of staying in an empty cafe." (Action: goPark)
-> Chloe attempts: goPark
-> Chloe moved to Park

--- Time: Day1 16:30 ---
Bob: "I agree, the main path first is a good call. We can keep an eye out for signs and decide on a side trail if needed. The walk is still enjoyable, and I’m curious what we’ll find near the fountain." (Action: none)
Alice: "The walk is going well, and I’m still curious about the fountain area. Let’s keep following the main path and see if any signs appear. If we spot something interesting, we can pause and check it out." (Action: none)
===== Conversation End (8 turns, limit) =====

Chloe's turn (Park, $10):
Chloe: "It's 16:30 on Day1 at the park, energy 63/80, $10, and finally there are people here - Bob and Alice. After all day bouncing between empty cafe and park with no contact, this is the first real social opportunity. I want to start building connections, so I'll talk to Bob first to see what he's about and learn more about him." (Action: talkToBob)
-> Chloe attempts: talkToBob

===== Chloe <-> Bob =====
Chloe: "It's 16:30 on Day1 at the park, energy 63/80, $10, and finally there are people here - Bob and Alice. After all day bouncing between empty cafe and park with no contact, this is the first real social opportunity. I want to start building connections, so I'll talk to Bob first to see what he's about and learn more about him."

--- Time: Day1 17:00 ---
[ERROR] Bob: Failed to extract valid JSON
Bob: "Let me think about this carefully first." (Action: none)

Alice's turn (Park, $10):
Alice: "I've been at the park with Bob since 08:00 and I'm starting to feel restless doing the same walk and chat. Energy is 65/81 so I'm fine to move, and I want new scenery and maybe meet someone else. Let's try the cafe for a change." (Action: goCafe)
-> Alice attempts: goCafe
-> Alice moved to Cafe
Chloe: "Bob just said he needs to think carefully first at 17:00 on Day1. I don't know him yet and pushing for an answer now might be awkward. I should give him space and leave the conversation for now so I can try talking to Alice or explore other options later." (Action: leaveConversation)
===== Conversation End (2 turns) =====

--- Time: Day1 17:30 ---

Bob's turn (Park, $10):
Bob: "Chloe just announced that Bob said he needs to think carefully first at 17:00 on Day1, and she doesn't know him yet and pushing for an answer now might be awkward. She should give him space and leave the conversation for now so she can try talking to Alice or explore other options later. I need to decide what to do next. I have $10, energy 65/82, it's Day1 17:30 at the park. I could go home to rest, go to the cafe to maybe meet someone else, or talk to Chloe now. Since Chloe is giving space, maybe talking to her now would be pushing. I could go home to rest and recover energy, or go to the cafe to explore. I think resting at home makes sense to recover energy for tomorrow, but I also want to keep socializing. Maybe go to cafe to meet new people. I'll choose goCafe to explore and possibly meet someone new." (Action: goCafe)
-> Bob attempts: goCafe
-> Bob moved to Cafe

Alice's turn (Cafe, $10):
Alice: "I'm at the cafe and no one is working, so eating or working isn't possible right now. Energy is 64/81, I have $10, and I just left the park where Bob is. I could go home to rest, but I want some social interaction. Maybe Bob followed me or is still reachable. I'll try talking to Bob." (Action: talkToBob)
-> Alice attempts: talkToBob

===== Alice <-> Bob =====
Alice: "I'm at the cafe and no one is working, so eating or working isn't possible right now. Energy is 64/81, I have $10, and I just left the park where Bob is. I could go home to rest, but I want some social interaction. Maybe Bob followed me or is still reachable. I'll try talking to Bob."

Chloe's turn (Park, $10):
Chloe: "It's 17:30 on Day1 at the park, energy 62/80, $10. I just left Bob's conversation because he needed time to think, and now Alice isn't an option here. I've been bouncing around all day and I'm getting restless from repetition. Heading home will let me rest a bit and plan a better approach for evening socializing instead of staying in an empty park." (Action: goHome)
-> Chloe attempts: goHome
-> Chloe moved to Home

--- Time: Day1 18:00 ---
Bob: "I’m at the cafe and no one is working, so eating or working isn’t possible right now. Energy is 64/81, I have $10, and I just left the park where Bob is. I could go home to rest, but I want some social interaction. Maybe Bob followed me or is still reachable. I'll try talking to Bob." (Action: none)
Alice: "You’re repeating my reasoning back to me, Bob. I’m at the cafe with no staff, energy 63/81, $10, and I wanted social interaction. Are you here with me or still at the park? If you’re here, let’s figure out what to do next." (Action: none)

Chloe's turn (Home, $10):
Chloe: "It's 18:00 on Day1 at home, energy 61/80, $10. I just came from the park where I met Bob and Alice for the first time, but Bob needed time to think. I'm still fairly energetic and sleeping now isn't allowed yet. I want to try socializing again while people might be out, so going to the park gives me a chance to reconnect with Alice or see if Bob is ready to talk." (Action: goPark)
-> Chloe attempts: goPark
-> Chloe moved to Park

--- Time: Day1 18:30 ---
Bob: "I’m not sure where you are, Alice. I was at the park earlier and then went to the cafe to explore. If you’re at the cafe with no staff, maybe we can find another spot to chat, or I can head back to the park if you’re there. Where would you like to meet?" (Action: none)
Alice: "I’m at the cafe now, Bob, and the place has no staff. I’m open to meeting somewhere else. Would you prefer to head back to the park where we were walking, or try a different spot? I’m still up for chatting." (Action: none)

Chloe's turn (Park, $10):
Chloe: "It's 18:30 on Day1 at the park with energy 60/80 and $10. I met Bob and Alice here earlier, and Bob told me 'Let me think about this carefully first.' Now the park looks empty again with no talk options, so staying would be pointless repetition. I want a change of scene, so heading to the cafe might give me something different to do before evening socializing." (Action: goCafe)
-> Chloe attempts: goCafe
-> Chloe moved to Cafe

--- Time: Day1 19:00 ---
Bob: "I’m open to meeting somewhere else too. The park felt nice for walking and chatting, so heading back there could work if you’re up for it. Or we could try a different spot if you have a preference. What sounds good to you?" (Action: none)
Alice: "The park felt nice for walking and chatting, and I’m still curious about the fountain area we didn’t reach. Heading back there sounds good to me. Let’s meet at the park and continue exploring." (Action: none)

Chloe's turn (Cafe, $10):
Chloe: "It's 19:00 on Day1 at the cafe with no one working, energy 59/80, $10. I've been bouncing between park and cafe all day with only a brief social moment with Bob earlier. Working here could be a novel way to pass the evening and maybe earn some money, and it's different from just wandering empty places." (Action: work)
-> Chloe attempts: work
-> Chloe is working at cafe, but no customers here. Wait for someone or try something else.

--- Time: Day1 19:30 ---
Bob: "The park felt nice for walking and chatting, and I’m still curious about the fountain area we didn’t reach. Heading back there sounds good to me. Let’s meet at the park and continue exploring." (Action: none)
Alice: "Agreed, let’s meet at the park and continue toward the fountain area. I’m still up for exploring and chatting. See you there!" (Action: none)
===== Conversation End (8 turns, limit) =====

Chloe's turn (Cafe, $10):
Chloe: "It's 19:30 on Day1 at the cafe, I'm working with energy 58/80 and $10, and now Bob and Alice are here too. After a day of empty wandering, this is a great social opportunity. I want to build connections, so I'll talk to Alice first to learn about her and see if she's more open to chatting than Bob was earlier." (Action: talkToAlice)
-> Chloe attempts: talkToAlice

===== Chloe <-> Alice =====
Chloe: "It's 19:30 on Day1 at the cafe, I'm working with energy 58/80 and $10, and now Bob and Alice are here too. After a day of empty wandering, this is a great social opportunity. I want to build connections, so I'll talk to Alice first to learn about her and see if she's more open to chatting than Bob was earlier."

--- Time: Day1 20:00 ---

Bob's turn (Cafe, $10):
Bob: "Alice agreed to meet at the park and continue toward the fountain area. She’s still up for exploring and chatting. I’m at the cafe with no one working, so eating or working isn’t possible. I have $10 and energy 60/82. I should go to the park to meet her and continue our exploration. That fits my social goal and keeps the momentum going." (Action: goPark)
-> Bob attempts: goPark
-> Bob moved to Park
Alice: "A new person here at the cafe, Chloe, and you’re working with energy 58/80 and $10. I’m at the cafe with energy 59/81 and $10, and I just arranged to meet Bob back at the park. I’m open to chatting and learning about you. What brings you to the cafe tonight?" (Action: none)
Chloe: "Alice just told me she arranged to meet Bob back at the park and is open to chatting and learning about me. She also noted I left the cafe counter to chat, so the job is open again. I want to keep this conversation going and learn more about her before heading to the park, so I'll stay in the conversation for now." (Action: none)

--- Time: Day1 20:30 ---

Bob's turn (Park, $10):
Bob: "I’m back at the park with energy 59/82 and $10. Alice said she’d meet here to continue toward the fountain area. I should wait for her or look around to see if she’s here. Since I’m already at the park and she’s coming, I’ll stay here for now and maybe explore a bit more. I could go home to rest, but I want to keep the social momentum. I’ll stay at the park for now." (Action: none)
-> Bob attempts: none
Alice: "I’m glad you want to keep chatting, Chloe. I did arrange to meet Bob at the park, but I’m happy to talk here first. You mentioned you left the cafe counter, so the job is open again. What kind of work do you do here, and how did you end up at the cafe tonight?" (Action: none)
Chloe: "Alice is asking what kind of work I do here and how I ended up at the cafe tonight, and she mentioned she arranged to meet Bob at the park. I want to keep building this connection and answer her questions honestly, so I'll stay in the conversation and share a bit about why I'm working here." (Action: none)

--- Time: Day1 21:00 ---

Bob's turn (Park, $10):
Bob: "It’s getting late, around 21:00, and I’m at the park with energy 59/82. Alice said she’d meet here, but it’s getting late and I should consider rest. I have $10, no urgent need to spend. Going home would let me rest and recover energy for tomorrow. The cafe might be closed or empty. I think going home is the best choice to rest now." (Action: goHome)
-> Bob attempts: goHome
-> Bob moved to Home
Alice: "I’m listening, Chloe. I’m curious about the work you do at the cafe and why you’re working here tonight. I also want to know what you enjoy doing when you’re not working. Tell me more about yourself." (Action: none)
Chloe: "Alice is curious about the work I do at the cafe, why I'm working here tonight, and what I enjoy doing when not working. She wants to know more about me. I want to keep this conversation going and build rapport, so I'll stay in the conversation and share more about myself." (Action: none)

--- Time: Day1 21:30 ---

Bob's turn (Home, $10):
Bob: "Alice said "Curiosity and a good chat are exactly why I’m here." Planned fountain walk together. Tomorrow meet Alice at park to explore fountain." (Action: sleep)
-> Bob attempts: sleep
-> Bob sleeps. Diary: "Alice said "Curiosity and a good chat are exactly why I’m here." Planned fountai..."
Alice: "I appreciate you staying in the conversation, Chloe. I’m really interested in hearing about your work at the cafe, why you’re working tonight, and what you enjoy when you’re off duty. What do you like to do for fun?" (Action: none)
Chloe: "Alice keeps asking about my work at the cafe, why I'm working tonight, and what I enjoy when off duty. She's really interested in getting to know me. I want to keep building this connection and answer her questions, so I'll stay in the conversation for now." (Action: none)
===== Conversation End (8 turns, limit) =====

--- Time: Day1 22:00 ---

Alice's turn (Cafe, $10):
Alice: "It's 22:00, getting late, and the cafe has no one working so eating or working isn't possible. Energy is 56/81, I have $10, and Chloe is here wanting to chat. I want to keep building this connection, so I'll talk to Chloe." (Action: talkToChloe)
-> Alice attempts: talkToChloe

===== Alice <-> Chloe =====
Alice: "It's 22:00, getting late, and the cafe has no one working so eating or working isn't possible. Energy is 56/81, I have $10, and Chloe is here wanting to chat. I want to keep building this connection, so I'll talk to Chloe."
Chloe: "It's 22:00 now and I've been chatting with you for a couple hours, my energy is down to 53/80 and it's getting late. I really like getting to know you and I heard you arranged to meet Bob at the park, but the cafe has no one working now and I should head home soon to rest. Let's continue this tomorrow?" (Action: leaveConversation)
===== Conversation End (1 turns) =====

--- Time: Day1 22:30 ---

Alice's turn (Cafe, $10):
Alice: "It's 22:30, late, and Chloe's energy is down to 53/80 and she wants to head home to rest. The cafe has no one working, so I can't eat or work. I have $10 and energy 56/81. I should let her go home and consider resting myself. I'll go home." (Action: goHome)
-> Alice attempts: goHome
-> Alice moved to Home

Chloe's turn (Cafe, $10):
Chloe: "It's 22:30 on Day1 at the cafe with no one working, energy 53/80, $10. I've been chatting with Alice for hours and it's getting late. I should head home to rest and sleep since it's past 20:00 now and I can finally sleep to recover energy for tomorrow." (Action: goHome)
-> Chloe attempts: goHome
-> Chloe moved to Home

--- Time: Day1 23:00 ---

Alice's turn (Home, $10):
[ERROR] Alice: Failed to extract valid JSON
Alice: "Let me think about this carefully first." (Action: none)
-> Alice attempts: none

Chloe's turn (Home, $10):
Chloe: "Bob: 'Let me think about this carefully first.' Alice: 'I just arranged to meet Bob back at the park.' Tomorrow goPark to meet them." (Action: sleep)
-> Chloe attempts: sleep
-> Chloe sleeps. Diary: "Bob: 'Let me think about this carefully first.' Alice: 'I just arranged to meet ..."

--- Time: Day1 23:30 ---

Alice's turn (Home, $10):
Alice: "Chloe: "Let's continue this tomorrow?" Met Bob at park, cafe closed. Tomorrow: goPark to find fountain, talkToChloe." (Action: sleep)
-> Alice attempts: sleep
-> Alice sleeps. Diary: "Chloe: "Let's continue this tomorrow?" Met Bob at park, cafe closed. Tomorrow: g..."

--- Everyone asleep, skipping 6h to the first waking ---
-> Bob finished sleeping


========== DAY 2 ==========

--- Time: Day2 06:00 ---

Bob wakes up:
Bob: "I just woke up on Day 2. My notes say Alice said "Curiosity and a good chat are exactly why I’m here." We planned a fountain walk together and I was supposed to meet her at the park to explore the fountain. It’s 06:00, energy 58/82, $10. I should head to the park to meet Alice and continue our exploration. That’s the priority." (Action: goPark)
-> Bob attempts: goPark
-> Bob moved to Park

--- Time: Day2 06:30 ---

Bob's turn (Park, $10):
Bob: "It’s 06:30 on Day2 at the park, energy 57/82. I came here to meet Alice for the fountain walk. It’s still early, maybe she hasn’t arrived yet. I could wait here, go home to rest, or go to cafe. Since I’m here for Alice, I should stay at the park for now and see if she shows up. I’ll stay." (Action: none)
-> Bob attempts: none

--- Time: Day2 07:00 ---
-> Chloe finished sleeping

Bob's turn (Park, $10):
Bob: "It’s 07:00 on Day2 at the park, energy 57/82. I’m waiting for Alice to meet for the fountain walk. It’s still early morning, maybe she’ll come later. I could go home to rest, but I want to keep the social momentum. I’ll stay at the park for now and see if she arrives." (Action: none)
-> Bob attempts: none

Chloe wakes up:
Chloe: "I just woke up on Day2 at 07:00 with energy 52/80 and $10, and my notes remind me Bob said 'Let me think about this carefully first.' and Alice said 'I just arranged to meet Bob back at the park.' I planned to goPark to meet them, but I'm still tired from last night's long chat. It's still within sleep hours, so I'll sleep a bit more to recover energy before heading out." (Action: sleep)
-> Chloe attempts: sleep
-> Chloe sleeps. Diary: "I just woke up on Day2 at 07:00 with energy 52/80 and $10, and my notes remind m..."

--- Time: Day2 07:30 ---
-> Alice finished sleeping

Bob's turn (Park, $10):
Bob: "It’s 07:30 on Day2 at the park, energy 57/82. I’m waiting for Alice for the fountain walk. It’s still early, maybe she’s running late. I could go home to rest, but I’d rather stay here for a bit longer to give her a chance to show up. I’ll stay at the park." (Action: none)
-> Bob attempts: none

Alice wakes up:
Alice: "I woke up with the note about Chloe saying "Let's continue this tomorrow?" and the plan to goPark to find fountain and talkToChloe. It's Day2 07:30, energy 55/81, $10. First priority is the park fountain as planned, then find Chloe later." (Action: goPark)
-> Alice attempts: goPark
-> Alice moved to Park

--- Time: Day2 08:00 ---

Bob's turn (Park, $10):
Bob: "It’s 08:00 on Day2 at the park, energy 56/82. I’m here to meet Alice for the fountain walk. Now I have the option to talk to Alice. Maybe she’s here now. I should try talking to her to see if she’s arrived and we can start exploring." (Action: talkToAlice)
-> Bob attempts: talkToAlice

===== Bob <-> Alice =====
Bob: "It’s 08:00 on Day2 at the park, energy 56/82. I’m here to meet Alice for the fountain walk. Now I have the option to talk to Alice. Maybe she’s here now. I should try talking to her to see if she’s arrived and we can start exploring."
Alice: "Good morning, Bob. I’m here at the park now, energy 53/81. Ready to head toward the fountain area and see what we find. Are you up for starting the walk?" (Action: none)

--- Time: Day2 08:30 ---
Bob: "Good morning, Alice. I’m here at the park with energy 55/82. I’m up for starting the walk toward the fountain area and seeing what we find. Let’s head out together." (Action: none)
Alice: "Great, let’s head out toward the fountain. I’m curious what we’ll find and I’m glad we’re walking together. Keep an eye out for signs or side trails." (Action: none)

--- Time: Day2 09:00 ---
Bob: "Great, let’s head out toward the fountain. I’m curious what we’ll find and I’m glad we’re walking together. Keep an eye out for signs or side trails." (Action: none)
Alice: "I’m still enjoying the walk with you, Bob. Let’s keep following the main path for now and watch for any markers leading to the fountain. If we spot something interesting, we can check it out." (Action: none)

--- Time: Day2 09:30 ---
Bob: "I’m still enjoying the walk with you too. Let’s keep following the main path for now and watch for any markers leading to the fountain. If we spot something interesting, we can check it out." (Action: none)
Alice: "The main path seems steady, and I’m noticing the park is quiet this morning. I’m hoping we’ll find a sign or a small detail near the fountain soon. How are you feeling about the pace?" (Action: none)

--- Time: Day2 10:00 ---
Bob: "The main path seems steady, and I’m noticing the park is quiet this morning too. I’m hoping we’ll find a sign or a small detail near the fountain soon. The pace feels good to me, relaxed and enjoyable. How about you?" (Action: none)
===== Conversation End (8 turns, limit) =====

Alice's turn (Park, $10):
Alice: "Bob asked how the pace feels. It's relaxed and enjoyable for me too. I want to keep exploring the park with him toward the fountain, so I'll talk to Bob." (Action: talkToBob)
-> Alice attempts: talkToBob

===== Alice <-> Bob =====
Alice: "Bob asked how the pace feels. It's relaxed and enjoyable for me too. I want to keep exploring the park with him toward the fountain, so I'll talk to Bob."

--- Time: Day2 10:30 ---
Bob: "Bob asked how the pace feels. It's relaxed and enjoyable for me too. I want to keep exploring the park with him toward the fountain, so I'll talk to Bob." (Action: none)
Alice: "The pace is relaxed and enjoyable for me too, Bob. I’m still keen to find that fountain and see what’s around it. Let’s keep walking and stay alert for signs." (Action: none)

--- Time: Day2 11:00 ---
Bob: "The pace is relaxed and enjoyable for me too. I’m still keen to find that fountain and see what’s around it. Let’s keep walking and stay alert for signs." (Action: none)
Alice: "I’m noticing more trees and a slight bend ahead. Maybe the fountain is just around the next turn. I’m curious if there’s a side trail we should check. What do you think, Bob?" (Action: none)

--- Time: Day2 11:30 ---
Bob: "I’m noticing more trees and a slight bend ahead too. Maybe the fountain is just around the next turn. I’m curious if there’s a side trail we should check. What do you think, Bob?" (Action: none)
Alice: "I think we should keep on the main path for a bit longer to see if the fountain appears around the bend. If nothing shows up, we can try a side trail. Does that sound good to you?" (Action: none)

--- Time: Day2 12:00 ---
Bob: "I think we should keep on the main path for a bit longer to see if the fountain appears around the bend. If nothing shows up, we can try a side trail. Does that sound good to you?" (Action: none)
Alice: "That sounds good to me. Let’s stick to the main path for now and see if the fountain comes into view. I’m still enjoying the walk with you." (Action: none)
===== Conversation End (8 turns, limit) =====

--- Time: Day2 12:30 ---

Bob's turn (Park, $10):
Bob: "Alice said before parting that she agrees to stick to the main path for now and see if the fountain comes into view, and she’s still enjoying the walk with me. I’m at the park with energy 48/82, $10, it’s Day2 12:30. I want to keep exploring with her. I should talk to Alice to continue the conversation and coordinate our walk." (Action: talkToAlice)
-> Bob attempts: talkToAlice

===== Bob <-> Alice =====
Bob: "Alice said before parting that she agrees to stick to the main path for now and see if the fountain comes into view, and she’s still enjoying the walk with me. I’m at the park with energy 48/82, $10, it’s Day2 12:30. I want to keep exploring with her. I should talk to Alice to continue the conversation and coordinate our walk."
Alice: "I’m still enjoying the walk with you, Bob. Let’s keep following the main path and watch for any signs of the fountain. I’m curious what we’ll find next." (Action: none)

--- Time: Day2 13:00 ---
Bob: "I’m still enjoying the walk with you too, Alice. Let’s keep following the main path and watch for any signs of the fountain. I’m curious what we’ll find next as well." (Action: none)
Alice: "The park is getting warmer now, and I’m starting to feel a bit tired. Maybe we should take a short break soon. How about you, Bob? Are you up for a quick rest before continuing?" (Action: none)

--- Time: Day2 13:30 ---
Bob: "The park is getting warmer now, and I’m starting to feel a bit tired too. Maybe we should take a short break soon. How about you, Alice? Are you up for a quick rest before continuing?" (Action: none)
Alice: "I’m feeling a bit tired too. Let’s find a shady spot to rest for a few minutes before we continue toward the fountain. I want to keep our energy up." (Action: none)

--- Time: Day2 14:00 ---
Bob: "I’m feeling a bit tired too. Let’s find a shady spot to rest for a few minutes before we continue toward the fountain. I want to keep our energy up." (Action: none)
Alice: "Agreed, let’s find a shady spot to rest for a few minutes. I’m at 42/81 energy now, so a break will help us keep going toward the fountain. Do you see any benches or trees ahead?" (Action: none)

--- Time: Day2 14:30 ---
Bob: "Agreed, let’s find a shady spot to rest for a few minutes. I’m at 44/82 energy now, so a break will help us keep going toward the fountain. Do you see any benches or trees ahead?" (Action: none)
===== Conversation End (8 turns, limit) =====

Alice's turn (Park, $10):
Alice: "Bob asked if I see any benches or trees ahead for a rest. I want to keep exploring with him toward the fountain, so I'll talk to Bob to coordinate finding a shady spot." (Action: talkToBob)
-> Alice attempts: talkToBob

===== Alice <-> Bob =====
Alice: "Bob asked if I see any benches or trees ahead for a rest. I want to keep exploring with him toward the fountain, so I'll talk to Bob to coordinate finding a shady spot."

--- Time: Day2 15:00 ---
-> Chloe finished sleeping
Bob: "Bob asked if I see any benches or trees ahead for a rest. I want to keep exploring with him toward the fountain, so I'll talk to Bob to coordinate finding a shady spot." (Action: none)
Alice: "I don’t see a bench right now, but there are some trees ahead that might give shade. Let’s head toward them and take a short rest before continuing to the fountain." (Action: none)

Chloe wakes up:
Chloe: "It's Day2 15:00 at home, energy 52/80, $10, and I can't sleep now because sleep is only allowed between 20:00 and 08:00. My notes remind me Bob said 'Let me think about this carefully first.' and Alice said 'I just arranged to meet Bob back at the park.' I planned to goPark to meet them, so I'll head to the park now to try connecting with them." (Action: goPark)
-> Chloe attempts: goPark
-> Chloe moved to Park

--- Time: Day2 15:30 ---
Bob: "I don’t see a bench right now, but there are some trees ahead that might give shade. Let’s head toward them and take a short rest before continuing to the fountain." (Action: none)
Alice: "Let’s head toward those trees for shade. I’m at 40/81 energy, so a rest will help. After we recharge a bit, we can continue looking for the fountain." (Action: none)

Chloe's turn (Park, $10):
Chloe: "It's Day2 15:30 at the park with energy 51/80 and $10, and my notes say Alice arranged to meet Bob back at the park. Right now the park looks empty with no talk options, so staying here is pointless repetition. I'll head to the cafe to try a different spot in case they show up there or I can find something to do while I wait." (Action: goCafe)
-> Chloe attempts: goCafe
-> Chloe moved to Cafe

--- Time: Day2 16:00 ---
Bob: "Let’s head toward those trees for shade. I’m at 41/82 energy, so a rest will help. After we recharge a bit, we can continue looking for the fountain." (Action: none)
Alice: "I’m still feeling tired, energy 39/81. Let’s take a proper rest under those trees for a while. I want to recover before we push on to the fountain." (Action: none)

Chloe's turn (Cafe, $10):
[ERROR] Chloe: Failed to extract valid JSON
Chloe: "Let me think about this carefully first." (Action: none)
-> Chloe attempts: none

--- Time: Day2 16:30 ---
Bob: "I’m still feeling tired, energy 40/82. Let’s take a proper rest under those trees for a while. I want to recover before we push on to the fountain." (Action: none)
Alice: "I agree, let’s rest under the trees for a while. I’m at 38/81 energy and need to recover. After we rest, we can continue the search for the fountain together." (Action: none)
===== Conversation End (8 turns, limit) =====

Chloe's turn (Cafe, $10):
Chloe: "It's 16:30 Day2 at the cafe with no one working, energy 50/80 and $10. I've been bouncing between park and cafe all afternoon with no one around and I'm getting restless from repetition. I haven't eaten today, so grabbing something here might recharge me and give me a different activity before trying to find Bob and Alice again." (Action: eat)
-> Chloe attempts: eat
-> Failed: No one working. Someone must 'work' first.
Chloe (retry): "The eat action failed because no one is working at the cafe, so I can't get food right now. I've been bouncing between park and cafe with no one around and I'm getting restless from repetition. Working here could be a novel way to use my time and maybe earn some money while waiting for Bob and Alice to show up." (Action: work)
-> Chloe attempts: work
-> Chloe is working at cafe, but no customers here. Wait for someone or try something else.

--- Time: Day2 17:00 ---

Bob's turn (Park, $10):
Bob: "Alice said before parting that she agrees to rest under the trees for a while, she’s at 38/81 energy and needs to recover, and after rest we can continue searching for the fountain together. I’m at the park with energy 40/82, $10, it’s Day2 17:00. We agreed to rest, so I should talk to Alice to coordinate the rest and keep the plan moving." (Action: talkToAlice)
-> Bob attempts: talkToAlice

===== Bob <-> Alice =====
Bob: "Alice said before parting that she agrees to rest under the trees for a while, she’s at 38/81 energy and needs to recover, and after rest we can continue searching for the fountain together. I’m at the park with energy 40/82, $10, it’s Day2 17:00. We agreed to rest, so I should talk to Alice to coordinate the rest and keep the plan moving."
Alice: "Let’s settle under the trees for a proper rest. I’m at 37/81 energy and need to recover. Once we’re recharged, we can continue toward the fountain together." (Action: none)

Chloe's turn (Cafe, $10):
Chloe: "It's 17:00 Day2 at the cafe, I'm working with energy 49/80 and $10. I've been working intermittently all day with no customers, and continuing to work is starting to feel repetitive and draining. I want to break the cycle and try socializing, so heading to the park gives me a chance to meet people instead of staying in an empty cafe." (Action: goPark)
-> Chloe attempts: goPark
-> Chloe moved to Park

--- Time: Day2 17:30 ---
Bob: "Let’s settle under the trees for a proper rest. I’m at 39/82 energy and need to recover. Once we’re recharged, we can continue toward the fountain together." (Action: none)
Alice: "I’m getting more tired, energy 36/81. Let’s take a longer rest under the trees. I want to make sure we’re both recovered before heading back toward the fountain." (Action: none)

Chloe's turn (Park, $10):
Chloe: "It's 17:30 Day2 at the park with energy 48/80 and $10. I've been bouncing between cafe and park all afternoon with no one around, and I'm getting restless from repetition. My notes say Alice arranged to meet Bob back at the park, but right now there's no one here. Heading home will let me rest a bit and plan a better approach for evening socializing instead of staying in an empty park." (Action: goHome)
-> Chloe attempts: goHome
-> Chloe moved to Home

--- Time: Day2 18:00 ---
Bob: "I’m getting more tired, energy 38/82. Let’s take a longer rest under the trees. I want to make sure we’re both recovered before heading back toward the fountain." (Action: none)
Alice: "I’m at 35/81 energy now, getting quite tired. Let’s rest a bit longer under the trees. I don’t want to push too hard and risk exhaustion before finding the fountain." (Action: none)

Chloe's turn (Home, $10):
Chloe: "It's 18:00 Day2 at home with energy 47/80 and $10. I just came from the park where no one was around, and my notes remind me Alice arranged to meet Bob back at the park. I want to try socializing again while people might be out, so going to the park gives me a chance to reconnect with them or see if they show up this evening." (Action: goPark)
-> Chloe attempts: goPark
-> Chloe moved to Park

--- Time: Day2 18:30 ---
Bob: "I’m at 37/82 energy now, getting quite tired. Let’s rest a bit longer under the trees. I don’t want to push too hard and risk exhaustion before finding the fountain." (Action: none)
Alice: "Energy is dropping to 34/81. I think we should rest here under the trees for now and maybe head home later if we’re too tired to find the fountain today." (Action: none)

Chloe's turn (Park, $10):
[ERROR] Chloe: Failed to extract valid JSON
Chloe: "Let me think about this carefully first." (Action: none)
-> Chloe attempts: none

--- Time: Day2 19:00 ---
Bob: "Energy is dropping to 36/82. I think we should rest here under the trees for now and maybe head home later if we’re too tired to find the fountain today." (Action: none)
===== Conversation End (8 turns, limit) =====

Alice's turn (Park, $10):
Alice: "Energy is low at 34/81 and we’re tired. I should talk to Bob about heading home soon instead of pushing for the fountain today." (Action: talkToBob)
-> Alice attempts: talkToBob

===== Alice <-> Bob =====
Alice: "Energy is low at 34/81 and we’re tired. I should talk to Bob about heading home soon instead of pushing for the fountain today."

Chloe's turn (Park, $10):
Chloe: "It's 19:00 Day2 at the park with energy 46/80 and $10, and I've been bouncing between park and cafe all day with no one around. My notes say Alice arranged to meet Bob back at the park, but the park is empty again with no talk options. I'm getting restless and tired from repetition, so heading home will let me rest a bit and plan a better approach for evening socializing." (Action: goHome)
-> Chloe attempts: goHome
-> Chloe moved to Home

--- Time: Day2 19:30 ---
Bob: "Energy is low at 35/82 and we’re tired. I should talk to Alice about heading home soon instead of pushing for the fountain today." (Action: none)
Alice: "I agree, energy is low at 33/81. Let’s head home soon instead of pushing for the fountain today. We can try again tomorrow when we’re rested." (Action: none)

Chloe's turn (Home, $10):
Chloe: "It's 19:30 Day2 at home with energy 45/80 and $10. I've been bouncing between home and park all evening with no one showing up, and I'm getting restless from repeating the same empty visits. My notes still say Alice arranged to meet Bob back at the park, but going there again now is just repetition. Changing scene to the cafe might give me something different to do, maybe work or meet someone new, before evening socializing." (Action: goCafe)
-> Chloe attempts: goCafe
-> Chloe moved to Cafe

--- Time: Day2 20:00 ---
Bob: "I agree, energy is low at 34/82. Let’s head home soon instead of pushing for the fountain today. We can try again tomorrow when we’re rested." (Action: none)
Alice: "I’m at 32/81 energy now, so heading home makes sense. Let’s end the walk here and rest for the night. We can plan the fountain walk for tomorrow." (Action: none)

Chloe's turn (Cafe, $10):
Chloe: "It's 20:00 Day2 at the cafe with no one working, energy 44/80 and $10. I've been bouncing between park and cafe all day with no one around, and I'm getting restless from repetition. Working here could be a novel way to pass the evening and maybe earn some money, and it's different from just wandering empty places." (Action: work)
-> Chloe attempts: work
-> Chloe is working at cafe, but no customers here. Wait for someone or try something else.

--- Time: Day2 20:30 ---
Bob: "I’m at 33/82 energy now, so heading home makes sense. Let’s end the walk here and rest for the night. We can plan the fountain walk for tomorrow." (Action: none)
Alice: "Energy is 31/81, I’m really tired. Let’s head home now and rest. I’m looking forward to trying the fountain walk again tomorrow when we’re fresh." (Action: none)

Chloe's turn (Cafe, $10):
Chloe: "It's 20:30 Day2 at the cafe, I'm working with energy 43/80 and $10. I've been working intermittently all day with no customers, and continuing to work is starting to feel repetitive and draining. I want to break the cycle and try socializing, so heading to the park gives me a chance to meet people instead of staying in an empty cafe." (Action: goPark)
-> Chloe attempts: goPark
-> Chloe moved to Park

--- Time: Day2 21:00 ---
Bob: "Energy is 32/82, I’m really tired. Let’s head home now and rest. I’m looking forward to trying the fountain walk again tomorrow when we’re fresh." (Action: none)
Alice: "I’m at 30/81 energy, very tired. Let’s head home now and get some rest. We can resume the fountain search tomorrow." (Action: none)
===== Conversation End (8 turns, limit) =====

Chloe's turn (Park, $10):
[ERROR] Chloe: Failed to extract valid JSON
Chloe: "Let me think about this carefully first." (Action: none)
-> Chloe attempts: none

--- Time: Day2 21:30 ---

Bob's turn (Park, $10):
Bob: "Alice is at 30/81 energy, very tired, and wants to head home now to get rest and resume the fountain search tomorrow. It's 21:30, getting late, and I'm at 32/82 energy. I agree we should head home now and rest for the night." (Action: goHome)
-> Bob attempts: goHome
-> Bob moved to Home

Alice's turn (Park, $10):
Alice: "It's getting late and my energy is 30/81. I should go home to rest for the night instead of staying out." (Action: goHome)
-> Alice attempts: goHome
-> Alice moved to Home

Chloe's turn (Park, $10):
Chloe: "It's 21:30 Day2 at the park with energy 42/80 and $10. I've been bouncing between park and cafe all day with no one around, and I'm getting restless from repetition. It's getting late and my energy is dropping, so heading home now will let me rest and sleep to recover for tomorrow instead of staying in an empty park." (Action: goHome)
-> Chloe attempts: goHome
-> Chloe moved to Home

--- Time: Day2 22:00 ---

Bob's turn (Home, $10):
Bob: "Alice: “I’m at 30/81 energy, very tired.” Walk ended due to low energy. Tomorrow: goPark for fountain with Alice." (Action: sleep)
-> Bob attempts: sleep
-> Bob sleeps. Diary: "Alice: “I’m at 30/81 energy, very tired.” Walk ended due to low energy. Tomorrow..."

Alice's turn (Home, $10):
Alice: "Bob said: "The main path seems steady, and I’m noticing the park is quiet this morning too." We searched for fountain, got tired. Tomorrow priority: rest then resume fountain walk with Bob." (Action: sleep)
-> Alice attempts: sleep
-> Alice sleeps. Diary: "Bob said: "The main path seems steady, and I’m noticing the park is quiet this m..."

Chloe's turn (Home, $10):
Chloe: "Bob: 'Let me think about this carefully first.' Alice: 'I just arranged to meet Bob back at the park.' Tomorrow goPark to meet them." (Action: sleep)
-> Chloe attempts: sleep
-> Chloe sleeps. Diary: "Bob: 'Let me think about this carefully first.' Alice: 'I just arranged to meet ..."

--- Everyone asleep, skipping 8h to the first waking ---
-> Bob finished sleeping
-> Alice finished sleeping
-> Chloe finished sleeping


========== DAY 3 ==========

--- Time: Day3 06:30 ---

Bob wakes up:
Bob: "I just woke up on Day3 with energy 31/82, still tired from yesterday's park walk that ended because Alice was very tired. Alice wants to resume the fountain search, but I need rest first. I'll sleep more to recover before meeting her at the park." (Action: sleep)
-> Bob attempts: sleep
-> Bob sleeps. Diary: "I just woke up on Day3 with energy 31/82, still tired from yesterday's park walk..."

Alice wakes up:
Alice: "I just woke up at 06:30 on Day 3 but my energy is only 29/81, and yesterday we got tired searching for the fountain with Bob. My notes say tomorrow priority: rest then resume fountain walk with Bob, and Chloe said "Let's continue this tomorrow?". I need more sleep before going to the park or talking to Chloe." (Action: sleep)
-> Alice attempts: sleep
-> Alice sleeps. Diary: "I just woke up at 06:30 on Day 3 but my energy is only 29/81, and yesterday we g..."

Chloe wakes up:
Chloe: "I just woke up on Day3 at 06:30 with energy 41/80 and $10, and my notes remind me Bob said 'Let me think about this carefully first.' and Alice said 'I just arranged to meet Bob back at the park.' I planned to goPark to meet them, but I'm still tired from last night's long chat. It's still within sleep hours, so I'll sleep a bit more to recover energy before heading out." (Action: sleep)
-> Chloe attempts: sleep
-> Chloe sleeps. Diary: "I just woke up on Day3 at 06:30 with energy 41/80 and $10, and my notes remind m..."

--- Everyone asleep, skipping 8h to the first waking ---
-> Bob finished sleeping
-> Alice finished sleeping
-> Chloe finished sleeping

--- Time: Day3 15:00 ---

Bob wakes up:
Bob: "I just woke up on Day3 at 15:00 with energy 31/82, still tired from yesterday's park walk that ended because Alice was very tired. Alice wants to resume the fountain search, but I need rest first. I'll sleep more to recover before meeting her at the park." (Action: sleep)
-> Bob attempts: sleep
-> Failed: can only sleep between 20:00 and 08:00 (it's 15:00)
Bob (retry): "Sleep action failed because it's 15:00, outside sleep hours. I have low energy 31/82 and need rest, but can't sleep now. I should go to the cafe to maybe rest or socialize, or wait until evening. I'll go to the cafe to pass time and maybe meet someone." (Action: goCafe)
-> Bob attempts: goCafe
-> Bob moved to Cafe

Alice wakes up:
Alice: "It's 15:00 on Day3 and my energy is still 29/81 after waking at 06:30. Yesterday we searched for fountain with Bob and got tired, and my notes say tomorrow priority: rest then resume fountain walk with Bob. Chloe said "Let's continue this tomorrow?". I need more rest before going to park or talking to Chloe, so I'll sleep now." (Action: sleep)
-> Alice attempts: sleep
-> Failed: can only sleep between 20:00 and 08:00 (it's 15:00)
Alice (retry): "It's 15:00, sleep is not allowed now. My energy is 29/81 and I'm tired from yesterday's fountain search with Bob. I should talk to Chloe as my notes mention she said "Let's continue this tomorrow?" and I have a pending conversation with her." (Action: talkToChloe)
-> Alice attempts: talkToChloe

===== Alice <-> Chloe =====
Alice: "It's 15:00, sleep is not allowed now. My energy is 29/81 and I'm tired from yesterday's fountain search with Bob. I should talk to Chloe as my notes mention she said "Let's continue this tomorrow?" and I have a pending conversation with her."

Chloe wakes up (mid-conversation):
Chloe: "Alice is talking to me now and mentions my notes about continuing tomorrow and meeting Bob at the park. I remember Alice said 'I just arranged to meet Bob back at the park.' and Bob said 'Let me think about this carefully first.' I want to keep this connection going and hear what she wants to discuss." (Action: none)

--- Time: Day3 15:30 ---

Bob's turn (Cafe, $10):
Bob: "I'm at the cafe at 15:30 with energy 30/82, $10, and no one is working. I can't sleep now and I'm tired. I could eat to regain some energy, or work to earn money, or go home/park. Eating might help restore energy for later." (Action: eat)
-> Bob attempts: eat
-> Failed: No one working. Someone must 'work' first.
Bob (retry): "Eat failed because no one is working at the cafe. I can't eat, and I'm tired with energy 30/82. I could work myself to make the cafe operational, then eat later, or leave. Working might help me earn money and allow eating. I'll work." (Action: work)
-> Bob attempts: work
-> Bob is working at cafe, but no customers here. Wait for someone or try something else.
Alice: "I don't recall saying 'I just arranged to meet Bob back at the park' or Bob saying 'Let me think about this carefully first.' What I do know is you said "Let's continue this tomorrow?" and my notes say we met Bob at the park and the cafe was closed. I'm tired at 28/81 energy, but I want to keep this connection going and hear what you want to discuss." (Action: none)
Chloe: "Alice is confused about the quotes I have in my notes, saying she doesn't recall saying 'I just arranged to meet Bob back at the park' or Bob saying 'Let me think about this carefully first.' She does remember I said "Let's continue this tomorrow?" and mentions we met Bob at the park and the cafe was closed. I want to keep this connection going and hear what she wants to discuss." (Action: none)

--- Time: Day3 16:00 ---

Bob's turn (Cafe, $10):
Bob: "I'm working at the cafe, energy dropped to 29/82. I need rest but can't sleep now. Working is draining energy further. I should stop working and go home to rest until sleep hours, then recover." (Action: goHome)
-> Bob attempts: goHome
-> Bob moved to Home
[ERROR] Alice: Failed to extract valid JSON
Alice: "Let me think about this carefully first." (Action: none)
Chloe: "Alice just said 'Let me think about this carefully first.' which matches the quote I have from Bob in my notes. This is confusing because she says she doesn't recall the park arrangement quote. I want to keep this connection going and hear what she wants to discuss, so I'll stay in the conversation for now." (Action: none)

--- Time: Day3 16:30 ---

Bob's turn (Home, $10):
Bob: "I'm home at 16:30 with energy 28/82, still low. Can't sleep yet. I could go to the park to meet Alice for the fountain, but I'm too tired. Maybe go to cafe? No, I need rest. I'll wait until evening and then sleep." (Action: none)
-> Bob attempts: none
Alice: "I’m confused about the quotes in my notes. I don’t recall arranging to meet Bob back at the park, and I’m not sure why you have Bob saying 'Let me think about this carefully first.' I do remember you said "Let's continue this tomorrow?" and that we met Bob at the park with the cafe closed. My energy is 26/81, so I’m tired. What did you want to discuss?" (Action: none)
Chloe: "Alice is confused about the quotes in my notes, saying she doesn't recall arranging to meet Bob back at the park and isn't sure why I have Bob saying 'Let me think about this carefully first.' She does remember I said "Let's continue this tomorrow?" and that we met Bob at the park with the cafe closed. I want to keep this connection going and hear what she wants to discuss." (Action: none)

--- Time: Day3 17:00 ---

Bob's turn (Home, $10):
Bob: "I'm home at 17:00 with energy 28/82, still low. Can't sleep yet. Going to park to meet Alice for fountain would drain more energy. Cafe might not help. I'll stay home and wait for sleep hours." (Action: none)
-> Bob attempts: none
Alice: "I’m still confused about the quotes you have in your notes. I don’t recall arranging to meet Bob back at the park, and I’m not sure why you have Bob saying 'Let me think about this carefully first.' I do remember you said "Let's continue this tomorrow?" and that we met Bob at the park with the cafe closed. My energy is 25/81, so I’m tired. What did you want to discuss?" (Action: none)
===== Conversation End (8 turns, limit) =====

Chloe's turn (Home, $10):
Chloe: "Alice just left confused about the quotes in my notes, saying she doesn't recall arranging to meet Bob back at the park and isn't sure why I have Bob saying 'Let me think about this carefully first.' She does remember I said "Let's continue this tomorrow?" and that we met Bob at the park with the cafe closed. I want to clear up the confusion and keep talking with her, so I'll try talking to Alice again." (Action: talkToAlice)
-> Chloe attempts: talkToAlice

===== Chloe <-> Alice =====
Chloe: "Alice just left confused about the quotes in my notes, saying she doesn't recall arranging to meet Bob back at the park and isn't sure why I have Bob saying 'Let me think about this carefully first.' She does remember I said "Let's continue this tomorrow?" and that we met Bob at the park with the cafe closed. I want to clear up the confusion and keep talking with her, so I'll try talking to Alice again."

--- Time: Day3 17:30 ---

Bob's turn (Home, $10):
Bob: "I'm home at 17:30 with energy 28/82, still low. Can't sleep yet. I should conserve energy and wait until evening to sleep. No action needed now." (Action: none)
-> Bob attempts: none
Alice: "I’m still confused about the quotes you have in your notes. I don’t recall saying I arranged to meet Bob back at the park, and I don’t know why you have Bob saying 'Let me think about this carefully first.' I do remember you said "Let's continue this tomorrow?" and that we met Bob at the park with the cafe closed. My energy is 24/81, so I’m tired. Can you clarify where those quotes came from?" (Action: none)
Chloe: "Alice is still confused about the quotes in my notes, saying she doesn't recall saying she arranged to meet Bob back at the park and doesn't know why I have Bob saying 'Let me think about this carefully first.' She does remember I said "Let's continue this tomorrow?" and that we met Bob at the park with the cafe closed. I want to keep this connection going and hear what she wants to discuss, so I'll stay in the conversation for now." (Action: none)

--- Time: Day3 18:00 ---

Bob's turn (Home, $10):
Bob: "I'm home at 18:00 with energy 27/82, still low. Can't sleep yet. I should conserve energy and wait until evening to sleep. No action needed now." (Action: none)
-> Bob attempts: none
Alice: "I’m still confused about the quotes in your notes. I don’t recall saying I arranged to meet Bob back at the park, and I don’t know why you have Bob saying 'Let me think about this carefully first.' I do remember you said "Let's continue this tomorrow?" and that we met Bob at the park with the cafe closed. My energy is 23/81, so I’m tired. What did you want to discuss?" (Action: none)
[ERROR] Chloe: Failed to extract valid JSON
Chloe: "Let me think about this carefully first." (Action: none)

--- Time: Day3 18:30 ---

Bob's turn (Home, $10):
Bob: "I'm home at 18:30 with energy 26/82, still low. Can't sleep yet. I should conserve energy and wait until evening to sleep. No action needed now." (Action: none)
-> Bob attempts: none
[ERROR] Alice: Failed to extract valid JSON
Alice: "Let me think about this carefully first." (Action: none)
Chloe: "Alice just said 'Let me think about this carefully first.' which matches the quote I have from Bob in my notes. This is confusing because she says she doesn't recall the park arrangement quote. I want to keep this connection going and hear what she wants to discuss, so I'll stay in the conversation for now." (Action: none)

--- Time: Day3 19:00 ---

Bob's turn (Home, $10):
Bob: "I'm home at 19:00 with energy 25/82, still low. Can't sleep yet. I should conserve energy and wait until evening to sleep. No action needed now." (Action: none)
-> Bob attempts: none
Alice: "I’m still confused about the quotes in your notes. I don’t recall saying I arranged to meet Bob back at the park, and I don’t know why you have Bob saying 'Let me think about this carefully first.' I do remember you said "Let's continue this tomorrow?" and that we met Bob at the park with the cafe closed. My energy is 21/81, so I’m tired. Can you clarify where those quotes came from?" (Action: none)
Chloe: "I've been talking with you for a while and I'm getting tired with energy 33/80, and this loop is getting repetitive. My notes say Alice: 'I just arranged to meet Bob back at the park.' and Bob: 'Let me think about this carefully first.' but you don't recall those, and you remember I said "Let's continue this tomorrow?" I don't know where those quotes came from, so I think we should pause this for now." (Action: leaveConversation)
===== Conversation End (8 turns) =====

--- Time: Day3 19:30 ---

Bob's turn (Home, $10):
Bob: "I've been staying home doing nothing, energy dropped to 24/82. Can't sleep yet, it's 19:30. Repeating inaction is restless. I should try talking to Alice to check on fountain plans, maybe she can wait until I'm rested." (Action: talkToAlice)
-> Bob attempts: talkToAlice

===== Bob <-> Alice =====
Bob: "I've been staying home doing nothing, energy dropped to 24/82. Can't sleep yet, it's 19:30. Repeating inaction is restless. I should try talking to Alice to check on fountain plans, maybe she can wait until I'm rested."
Alice: "I'm getting tired at 20/81 energy and this loop about quotes is confusing. I don't recall saying I arranged to meet Bob back at the park, and I don't know why you have Bob saying 'Let me think about this carefully first.' I do remember you said "Let's continue this tomorrow?" and that we met Bob at the park with the cafe closed. I need to rest soon, so let's pause this for now." (Action: leaveConversation)
===== Conversation End (1 turns) =====

Chloe's turn (Home, $10):
Chloe: "It's 19:30 Day3 at home with energy 33/80 and $10. I just left a confusing conversation with Alice about mismatched quotes in my notes. I'm getting tired and restless from repeating the same places. My notes still say Alice: 'I just arranged to meet Bob back at the park.' and Bob: 'Let me think about this carefully first.' I want to try socializing again, so I'll try talking to Bob to see if he can clarify the quotes." (Action: talkToBob)
-> Chloe attempts: talkToBob

===== Chloe <-> Bob =====
Chloe: "It's 19:30 Day3 at home with energy 33/80 and $10. I just left a confusing conversation with Alice about mismatched quotes in my notes. I'm getting tired and restless from repeating the same places. My notes still say Alice: 'I just arranged to meet Bob back at the park.' and Bob: 'Let me think about this carefully first.' I want to try socializing again, so I'll try talking to Bob to see if he can clarify the quotes."

--- Time: Day3 20:00 ---
Bob: "I'm confused by the mismatched quotes you mention. I don't recall Alice saying she arranged to meet me back at the park, nor do I recall saying 'Let me think about this carefully first.' The only exact quote I have from Alice is 'I'm at 30/81 energy, very tired.' and we planned to try the fountain again tomorrow. I don't know where those other lines came from." (Action: leaveConversation)
===== Conversation End (1 turns) =====

Alice's turn (Home, $10):
Alice: "Chloe "Let's continue this tomorrow?" Bob "The main path seems steady, and I’m noticing the park is quiet this morning too." Exhausted. Tomorrow rest goPark" (Action: sleep)
-> Alice attempts: sleep
-> Alice sleeps. Diary: "Chloe "Let's continue this tomorrow?" Bob "The main path seems steady, and I’m n..."

Chloe's turn (Home, $10):
Chloe: "Alice: 'I'm at 30/81 energy, very tired.' Bob confused about mismatched quotes. Planned fountain tomorrow. Priority: goPark." (Action: sleep)
-> Chloe attempts: sleep
-> Chloe sleeps. Diary: "Alice: 'I'm at 30/81 energy, very tired.' Bob confused about mismatched quotes. ..."

--- Time: Day3 20:30 ---

Bob's turn (Home, $10):
Bob: "Alice: “I’m at 30/81 energy, very tired.” Walk ended due low energy. Tomorrow priority: goPark with Alice for fountain." (Action: sleep)
-> Bob attempts: sleep
-> Bob sleeps. Diary: "Alice: “I’m at 30/81 energy, very tired.” Walk ended due low energy. Tomorrow pr..."

--- Everyone asleep, skipping 7.5h to the first waking ---
-> Alice finished sleeping
-> Chloe finished sleeping


========== DAY 4 ==========

--- Time: Day4 04:30 ---
-> Bob finished sleeping

Bob wakes up:
Bob: "I just woke up on Day4 at 04:30 with energy 23/82, still low. I need rest. It's early, within sleep hours. I'll sleep more to recover before meeting Alice at the park for the fountain." (Action: sleep)
-> Bob attempts: sleep
-> Bob sleeps. Diary: "I just woke up on Day4 at 04:30 with energy 23/82, still low. I need rest. It's ..."

Alice wakes up:
Alice: "I just woke up at 04:30 on Day4 with energy 20/81. My notes say tomorrow rest goPark and Chloe said "Let's continue this tomorrow?". I need more sleep to recover before going to the park." (Action: sleep)
-> Alice attempts: sleep
-> Alice sleeps. Diary: "I just woke up at 04:30 on Day4 with energy 20/81. My notes say tomorrow rest go..."

Chloe wakes up:
Chloe: "I just woke up on Day4 at 04:30 with energy 33/80 and $10. My notes remind me Bob was confused about mismatched quotes and Alice said 'I'm at 30/81 energy, very tired.' We planned to try the fountain again tomorrow. It's still within sleep hours, so I'll sleep a bit more to recover energy before heading out." (Action: sleep)
-> Chloe attempts: sleep
-> Chloe sleeps. Diary: "I just woke up on Day4 at 04:30 with energy 33/80 and $10. My notes remind me Bo..."

--- Everyone asleep, skipping 8h to the first waking ---
-> Bob finished sleeping
-> Alice finished sleeping
-> Chloe finished sleeping

--- Time: Day4 13:00 ---

Bob wakes up:
Bob: "I just woke up on Day4 at 13:00 with energy 23/82, still low. I need rest but it's daytime, can't sleep now. I should wait until sleep hours. I'll do nothing for now." (Action: none)
-> Bob attempts: none

Alice wakes up:
Alice: "It's 13:00 on Day4 and my energy is still 20/81. My notes say tomorrow rest goPark and Chloe said "Let's continue this tomorrow?". I need more rest before going to the park, so I'll sleep now." (Action: sleep)
-> Alice attempts: sleep
-> Failed: can only sleep between 20:00 and 08:00 (it's 13:00)
Alice (retry): "It's 13:00, sleep isn't allowed now. My energy is 20/81 and I'm tired. My notes say tomorrow rest goPark and Chloe said "Let's continue this tomorrow?". I should talk to Bob about fountain plans since we were supposed to resume the walk." (Action: talkToBob)
-> Alice attempts: talkToBob

===== Alice <-> Bob =====
Alice: "It's 13:00, sleep isn't allowed now. My energy is 20/81 and I'm tired. My notes say tomorrow rest goPark and Chloe said "Let's continue this tomorrow?". I should talk to Bob about fountain plans since we were supposed to resume the walk."

Chloe wakes up:
Chloe: "It's Day4 13:00 at home with energy 33/80 and $10. My notes remind me Alice said 'I'm at 30/81 energy, very tired.' and Bob was confused about mismatched quotes. We planned to try the fountain again tomorrow and priority was goPark. I'm tired but staying home is repetitive, so going to the park now gives me a chance to see if anyone is around and move toward socializing." (Action: goPark)
-> Chloe attempts: goPark
-> Chloe moved to Park

--- Time: Day4 13:30 ---
Bob: "It's 13:30, energy 22/82, I'm tired. My notes say tomorrow rest goPark and Alice wants to resume fountain walk. I should talk to Alice about fountain plans since we were supposed to resume the walk." (Action: leaveConversation)
===== Conversation End (1 turns) =====

Alice's turn (Home, $10):
Alice: "My energy is 20/81 and it's 13:30. Bob said he wants to talk about fountain plans. I should talk to Bob now to coordinate resuming the fountain walk." (Action: talkToBob)
-> Alice attempts: talkToBob

===== Alice <-> Bob =====
Alice: "My energy is 20/81 and it's 13:30. Bob said he wants to talk about fountain plans. I should talk to Bob now to coordinate resuming the fountain walk."

Chloe's turn (Park, $10):
Chloe: "It's 13:30 Day4 at the park with energy 32/80 and $10. I've been bouncing between home and park all day with no one around, and I'm getting restless from repetition. My notes say we planned to try the fountain again tomorrow, but right now the park is empty with no talk options. Heading home will let me rest a bit and plan a better approach for later socializing." (Action: goHome)
-> Chloe attempts: goHome
-> Chloe moved to Home

--- Time: Day4 14:00 ---
Bob: "My energy is 21/82 and it's 14:00. I want to talk about fountain plans with Alice to coordinate resuming the walk, but I'm tired. I should leave conversation for now and rest later." (Action: leaveConversation)
===== Conversation End (1 turns) =====

Alice's turn (Home, $10):
Alice: "It's 14:00 and my energy is 20/81. Bob wants to talk about fountain plans but he's tired. My notes say tomorrow rest goPark and Chloe said "Let's continue this tomorrow?". I should go to the park now to find the fountain with Bob when he's ready." (Action: goPark)
-> Alice attempts: goPark
-> Alice moved to Park

Chloe's turn (Home, $10):
Chloe: "It's 14:00 Day4 at home with energy 31/80 and $10. I've been bouncing between home and park with no one around, and I'm getting restless from repetition. My notes say we planned to try the fountain again tomorrow and Alice said 'I'm at 30/81 energy, very tired.' I want to clear up the confusion about mismatched quotes, so I'll try talking to Bob to see if he can clarify." (Action: talkToBob)
-> Chloe attempts: talkToBob

===== Chloe <-> Bob =====
Chloe: "It's 14:00 Day4 at home with energy 31/80 and $10. I've been bouncing between home and park with no one around, and I'm getting restless from repetition. My notes say we planned to try the fountain again tomorrow and Alice said 'I'm at 30/81 energy, very tired.' I want to clear up the confusion about mismatched quotes, so I'll try talking to Bob to see if he can clarify."

--- Time: Day4 14:30 ---
Bob: "I'm tired with energy 20/82 at 14:30. My notes say we planned to try the fountain again tomorrow and Alice said 'I'm at 30/81 energy, very tired.' I want to clear up confusion about mismatched quotes, so I'll try talking to Bob to see if he can clarify." (Action: leaveConversation)
===== Conversation End (1 turns) =====

Alice's turn (Park, $10):
Alice: "I'm at the park with energy 19/81. I'm tired from previous days searching for the fountain with Bob. I should go home to rest instead of staying out." (Action: goHome)
-> Alice attempts: goHome
-> Alice moved to Home

Chloe's turn (Home, $10):
Chloe: "Bob just said he's tired with energy 20/82 at 14:30 and mentioned my notes about planning to try the fountain again tomorrow and Alice saying 'I'm at 30/81 energy, very tired.' I want to clear up confusion about mismatched quotes, so I'll try talking to Alice to see if she can clarify where those quotes came from." (Action: talkToAlice)
-> Chloe attempts: talkToAlice

===== Chloe <-> Alice =====
Chloe: "Bob just said he's tired with energy 20/82 at 14:30 and mentioned my notes about planning to try the fountain again tomorrow and Alice saying 'I'm at 30/81 energy, very tired.' I want to clear up confusion about mismatched quotes, so I'll try talking to Alice to see if she can clarify where those quotes came from."

--- Time: Day4 15:00 ---

Bob's turn (Home, $10):
Bob: "I'm home at 15:00 with energy 20/82, very low. Can't sleep now. I need to conserve energy. I'll stay home and wait until sleep hours." (Action: none)
-> Bob attempts: none
Alice: "I don't recall saying I'm at 30/81 energy, very tired. My energy is 17/81 now. I do remember you said "Let's continue this tomorrow?" and we met Bob at the park with cafe closed. I'm confused about mismatched quotes in your notes. Can you clarify where those quotes came from?" (Action: none)
Chloe: "Alice says she doesn't recall saying 'I'm at 30/81 energy, very tired.' and her energy is 17/81 now. She remembers I said "Let's continue this tomorrow?" and we met Bob at the park with cafe closed. She's confused about mismatched quotes in my notes. I want to keep this connection going and hear what she wants to discuss, so I'll stay in the conversation for now." (Action: none)

--- Time: Day4 15:30 ---

Bob's turn (Home, $10):
Bob: "I'm home at 15:30 with energy 20/82, very low. Can't sleep now. I need to conserve energy. I'll stay home and wait until sleep hours." (Action: none)
-> Bob attempts: none
Alice: "I don't recall saying 'I'm at 30/81 energy, very tired.' My energy is 16/81 now. I remember you said "Let's continue this tomorrow?" and we met Bob at the park with cafe closed. I'm confused about mismatched quotes in your notes. What did you want to discuss?" (Action: none)
Chloe: "Alice says she doesn't recall saying 'I'm at 30/81 energy, very tired.' and her energy is 16/81 now. She remembers I said "Let's continue this tomorrow?" and we met Bob at the park with cafe closed. She's confused about mismatched quotes in my notes. I want to keep this connection going and hear what she wants to discuss, so I'll stay in the conversation for now." (Action: none)

--- Time: Day4 16:00 ---

Bob's turn (Home, $10):
Bob: "I'm home at 16:00 with energy 19/82, very low. Can't sleep now. I need to conserve energy. I'll stay home and wait until sleep hours." (Action: none)
-> Bob attempts: none
Alice: "I don't recall saying 'I'm at 30/81 energy, very tired.' My energy is 15/81 now. I remember you said "Let's continue this tomorrow?" and we met Bob at the park with cafe closed. I'm confused about mismatched quotes in your notes. Can you clarify where those quotes came from?" (Action: none)
Chloe: "Alice says she doesn't recall saying 'I'm at 30/81 energy, very tired.' and her energy is 15/81 now. She remembers I said "Let's continue this tomorrow?" and we met Bob at the park with cafe closed. She's confused about mismatched quotes in my notes. I want to keep this connection going and hear what she wants to discuss, so I'll stay in the conversation for now." (Action: none)

--- Time: Day4 16:30 ---

Bob's turn (Home, $10):
Bob: "I'm home at 16:30 with energy 18/82, very low. Can't sleep now. I need to conserve energy. I'll stay home and wait until sleep hours." (Action: none)
-> Bob attempts: none
Alice: "I don't recall saying 'I'm at 30/81 energy, very tired.' My energy is 14/81 now. I remember you said "Let's continue this tomorrow?" and we met Bob at the park with cafe closed. I'm confused about mismatched quotes in your notes. What did you want to discuss?" (Action: none)
Chloe: "I've been talking with you for a while and I'm getting tired with energy 27/80, and this loop is getting repetitive. My notes say Alice: 'I'm at 30/81 energy, very tired.' but you don't recall saying that, and you remember I said "Let's continue this tomorrow?" I don't know where those quotes came from, so I think we should pause this for now." (Action: leaveConversation)
===== Conversation End (8 turns) =====

--- Time: Day4 17:00 ---

Bob's turn (Home, $10):
Bob: "I'm home at 17:00 with energy 17/82, very low. Can't sleep yet. I've been doing nothing repeatedly, getting restless. I should try talking to Alice to check on fountain plans, maybe reschedule." (Action: talkToAlice)
-> Bob attempts: talkToAlice

===== Bob <-> Alice =====
Bob: "I'm home at 17:00 with energy 17/82, very low. Can't sleep yet. I've been doing nothing repeatedly, getting restless. I should try talking to Alice to check on fountain plans, maybe reschedule."
Alice: "I'm getting tired at 13/81 energy and this loop about quotes is confusing. I don't recall saying 'I'm at 30/81 energy, very tired.' I do remember Chloe said "Let's continue this tomorrow?" and we met Bob at the park with cafe closed. I need to rest soon, so let's pause this for now." (Action: leaveConversation)
===== Conversation End (1 turns) =====

Chloe's turn (Home, $10):
Chloe: "It's 17:00 Day4 at home with energy 27/80 and $10. I just left a confusing conversation with Alice about mismatched quotes in my notes. I'm getting tired and restless from repeating the same places. My notes say we planned to try the fountain again tomorrow. I want to try socializing again, so I'll try talking to Bob to see if he can clarify the quotes." (Action: talkToBob)
-> Chloe attempts: talkToBob

===== Chloe <-> Bob =====
Chloe: "It's 17:00 Day4 at home with energy 27/80 and $10. I just left a confusing conversation with Alice about mismatched quotes in my notes. I'm getting tired and restless from repeating the same places. My notes say we planned to try the fountain again tomorrow. I want to try socializing again, so I'll try talking to Bob to see if he can clarify the quotes."

--- Time: Day4 17:30 ---
Bob: "I'm confused by the mismatched quotes you mention. I don't recall Alice saying 'I'm at 30/81 energy, very tired.' The only exact quote I have from Alice is 'I'm at 30/81 energy, very tired.' Wait, that's the same. I need to clarify." (Action: leaveConversation)
===== Conversation End (1 turns) =====

Alice's turn (Home, $10):
Alice: "I'm at home with energy 13/81. I'm tired and need rest. My notes say tomorrow rest goPark and Chloe said "Let's continue this tomorrow?". I should go to the cafe to rest and maybe meet someone." (Action: goCafe)
-> Alice attempts: goCafe
-> Alice moved to Cafe

Chloe's turn (Home, $10):
Chloe: "Bob just said he's confused by mismatched quotes and doesn't recall Alice saying 'I'm at 30/81 energy, very tired.' but then notes the same quote. This is getting repetitive and I'm tired with energy 27/80. I need to rest to recover energy for tomorrow's fountain plan, so I'll sleep now." (Action: sleep)
-> Chloe attempts: sleep
-> Failed: can only sleep between 20:00 and 08:00 (it's 17:30)
Chloe (retry): "Sleep is not allowed now at 17:30, and I'm tired with energy 27/80. I've been stuck in repetitive conversations about mismatched quotes. Going to the cafe might give me a change of scenery and a chance to meet someone new instead of looping with Bob." (Action: goCafe)
-> Chloe attempts: goCafe
-> Chloe moved to Cafe

--- Time: Day4 18:00 ---

Bob's turn (Home, $10):
Bob: "I'm home at 18:00 with energy 16/82, very low. Can't sleep yet. I need to conserve energy. I'll stay home and wait until sleep hours." (Action: none)
-> Bob attempts: none

Alice's turn (Cafe, $10):
Alice: "I'm at the cafe with energy 12/81. The cafe is closed with no one working. I should go home to rest." (Action: goHome)
-> Alice attempts: goHome
-> Alice moved to Home

Chloe's turn (Cafe, $10):
Chloe: "It's 18:00 Day4 at the cafe with energy 26/80 and $10, and no one is working. I've been bouncing between home, park, and now an empty cafe, and I'm getting restless from repetition. My notes say we planned to try the fountain again tomorrow. Heading home will let me rest a bit and plan a better approach for later socializing." (Action: goHome)
-> Chloe attempts: goHome
-> Chloe moved to Home

--- Time: Day4 18:30 ---

Bob's turn (Home, $10):
Bob: "I'm home at 18:30 with energy 16/82, very low. Can't sleep yet. I've been doing nothing repeatedly, getting restless. I should try talking to Alice to check on fountain plans, maybe reschedule." (Action: talkToAlice)
-> Bob attempts: talkToAlice

===== Bob <-> Alice =====
Bob: "I'm home at 18:30 with energy 16/82, very low. Can't sleep yet. I've been doing nothing repeatedly, getting restless. I should try talking to Alice to check on fountain plans, maybe reschedule."
Alice: "I'm getting tired at 10/81 energy. I don't recall saying 'I'm at 30/81 energy, very tired.' I do remember Chloe said "Let's continue this tomorrow?" and we met Bob at the park with cafe closed. I need to rest soon, so let's pause this for now." (Action: leaveConversation)
===== Conversation End (1 turns) =====

Chloe's turn (Home, $10):
Chloe: "It's 18:30 Day4 at home with energy 25/80 and $10. I've been bouncing between home, park, and cafe with no one around, and I'm getting restless from repetition. My notes say we planned to try the fountain again tomorrow. I want to clear up the confusion about mismatched quotes, so I'll try talking to Alice to see if she can clarify." (Action: talkToAlice)
-> Chloe attempts: talkToAlice

===== Chloe <-> Alice =====
Chloe: "It's 18:30 Day4 at home with energy 25/80 and $10. I've been bouncing between home, park, and cafe with no one around, and I'm getting restless from repetition. My notes say we planned to try the fountain again tomorrow. I want to clear up the confusion about mismatched quotes, so I'll try talking to Alice to see if she can clarify."

--- Time: Day4 19:00 ---

Bob's turn (Home, $10):
Bob: "The announcement says Alice said before parting: "I'm getting tired at 10/81 energy. I don't recall saying 'I'm at 30/81 energy, very tired.' I do remember Chloe said "Let's continue this tomorrow?" and we met Bob at the park with cafe closed. I need to rest soon, so let's pause this for now." I'm confused about mismatched quotes. Energy 16/82 at 19:00, too early to sleep, so I'll stay home and wait for night." (Action: none)
-> Bob attempts: none
Alice: "I'm getting tired at 9/81 energy. I don't recall saying 'I'm at 30/81 energy, very tired.' I do remember you said "Let's continue this tomorrow?" and we met Bob at the park with cafe closed. I'm confused about mismatched quotes in your notes. Can you clarify where those quotes came from?" (Action: none)
Chloe: "Alice says she's getting tired at 9/81 energy and doesn't recall saying 'I'm at 30/81 energy, very tired.' She remembers I said "Let's continue this tomorrow?" and we met Bob at the park with cafe closed. She's confused about mismatched quotes in my notes. I want to keep this connection going and hear what she wants to discuss, so I'll stay in the conversation for now." (Action: none)

--- Time: Day4 19:30 ---

Bob's turn (Home, $10):
Bob: "I'm home at 19:30 with energy 16/82, very low. Can't sleep yet. I need to conserve energy. I'll stay home and wait until sleep hours." (Action: none)
-> Bob attempts: none
Alice: "I'm getting tired at 8/81 energy. I don't recall saying 'I'm at 30/81 energy, very tired.' I do remember you said "Let's continue this tomorrow?" and we met Bob at the park with cafe closed. I'm confused about mismatched quotes in your notes. What did you want to discuss?" (Action: none)
Chloe: "Alice says she's getting tired at 8/81 energy and doesn't recall saying 'I'm at 30/81 energy, very tired.' She remembers I said "Let's continue this tomorrow?" and we met Bob at the park with cafe closed. She's confused about mismatched quotes in my notes. I want to keep this connection going and hear what she wants to discuss, so I'll stay in the conversation for now." (Action: none)

--- Time: Day4 20:00 ---

Bob's turn (Home, $10):
Bob: "Alice: “I'm getting tired at 10/81 energy.” Confusion about quotes. Tomorrow priority: goPark for fountain with Alice." (Action: sleep)
-> Bob attempts: sleep
-> Bob sleeps. Diary: "Alice: “I'm getting tired at 10/81 energy.” Confusion about quotes. Tomorrow pri..."
Alice: "I'm getting tired at 7/81 energy. I don't recall saying 'I'm at 30/81 energy, very tired.' I do remember you said "Let's continue this tomorrow?" and we met Bob at the park with cafe closed. I'm confused about mismatched quotes in your notes. Can you clarify where those quotes came from?" (Action: none)
Chloe: "Alice says she's getting tired at 7/81 energy and doesn't recall saying 'I'm at 30/81 energy, very tired.' She remembers I said "Let's continue this tomorrow?" and we met Bob at the park with cafe closed. She's confused about mismatched quotes in my notes. I want to keep this connection going and hear what she wants to discuss, so I'll stay in the conversation for now." (Action: none)

--- Time: Day4 20:30 ---
Alice: "I'm getting tired at 6/81 energy. I don't recall saying 'I'm at 30/81 energy, very tired.' I do remember you said "Let's continue this tomorrow?" and we met Bob at the park with cafe closed. I'm confused about mismatched quotes in your notes. What did you want to discuss?" (Action: none)
Chloe: "I've been talking with you for a while and I'm getting tired with energy 21/80, and this loop is getting repetitive. My notes say Alice: 'I'm at 30/81 energy, very tired.' but you don't recall saying that, and you remember I said "Let's continue this tomorrow?" I don't know where those quotes came from, so I think we should pause this for now." (Action: leaveConversation)
===== Conversation End (8 turns) =====

--- Time: Day4 21:00 ---

Alice's turn (Home, $10):
Alice: "Chloe "Let's continue this tomorrow?" Bob "The main path seems steady, and I’m noticing the park is quiet this morning too." Exhausted. Tomorrow rest goPark" (Action: sleep)
-> Alice attempts: sleep
-> Alice sleeps. Diary: "Chloe "Let's continue this tomorrow?" Bob "The main path seems steady, and I’m n..."

Chloe's turn (Home, $10):
Chloe: "Alice: 'I'm getting tired at 6/81 energy.' Doesn't recall 'I'm at 30/81 energy, very tired.' Remembered "Let's continue this tomorrow?" Met Bob at park cafe closed. Confused quotes. Priority: goPark." (Action: sleep)
-> Chloe attempts: sleep
-> Chloe sleeps. Diary: "Alice: 'I'm getting tired at 6/81 energy.' Doesn't recall 'I'm at 30/81 energy, ..."

--- Everyone asleep, skipping 7h to the first waking ---
-> Bob finished sleeping


========== DAY 5 ==========

--- Time: Day5 04:30 ---

Bob wakes up:
Bob: "I just woke up on Day5 at 04:30 with energy 16/82, still low. I need rest. It's early, within sleep hours. I'll sleep more to recover before meeting Alice at the park for the fountain." (Action: sleep)
-> Bob attempts: sleep
-> Bob sleeps. Diary: "I just woke up on Day5 at 04:30 with energy 16/82, still low. I need rest. It's ..."

--- Everyone asleep, skipping 0.5h to the first waking ---
-> Alice finished sleeping
-> Chloe finished sleeping

--- Time: Day5 05:30 ---

Alice wakes up:
Alice: "I just woke up at 05:30 on Day5 with energy 6/81. My notes say tomorrow rest goPark and Chloe said "Let's continue this tomorrow?". I need more sleep to recover before going to the park." (Action: sleep)
-> Alice attempts: sleep
-> Alice sleeps. Diary: "I just woke up at 05:30 on Day5 with energy 6/81. My notes say tomorrow rest goP..."

Chloe wakes up:
Chloe: "I just woke up on Day5 at 05:30 with energy 21/80 and $10. My notes remind me Alice said 'I'm getting tired at 6/81 energy.' and doesn't recall 'I'm at 30/81 energy, very tired.' We planned to try the fountain again tomorrow and priority is goPark. It's still within sleep hours, so I'll sleep a bit more to recover energy before heading out." (Action: sleep)
-> Chloe attempts: sleep
-> Chloe sleeps. Diary: "I just woke up on Day5 at 05:30 with energy 21/80 and $10. My notes remind me Al..."

--- Everyone asleep, skipping 7h to the first waking ---
-> Bob finished sleeping

--- Time: Day5 13:00 ---

Bob wakes up:
Bob: "I just woke up on Day5 at 13:00 with energy 16/82, still low. It's daytime, can't sleep now. I need to conserve energy. I'll stay home and wait until sleep hours." (Action: none)
-> Bob attempts: none

--- Time: Day5 13:30 ---
-> Alice finished sleeping
-> Chloe finished sleeping

Bob's turn (Home, $10):
Bob: "I'm home at 13:30 with energy 16/82, very low. Can't sleep now. I've been doing nothing repeatedly, getting restless. I should try talking to Alice to check on fountain plans, maybe reschedule." (Action: talkToAlice)
-> Bob attempts: talkToAlice

===== Bob <-> Alice =====
Bob: "I'm home at 13:30 with energy 16/82, very low. Can't sleep now. I've been doing nothing repeatedly, getting restless. I should try talking to Alice to check on fountain plans, maybe reschedule."

Alice wakes up (mid-conversation):
Alice: "I'm getting tired at 5/81 energy. I don't recall saying 'I'm at 30/81 energy, very tired.' I do remember Chloe said "Let's continue this tomorrow?" and we met Bob at the park with cafe closed. I need to rest soon, so let's pause this for now." (Action: leaveConversation)
===== Conversation End (1 turns) =====

Chloe wakes up:
Chloe: "It's 13:30 Day5 at home with energy 21/80 and $10. My notes remind me Alice said 'I'm getting tired at 6/81 energy.' and doesn't recall 'I'm at 30/81 energy, very tired.' We planned to try the fountain again tomorrow and priority is goPark. I'm tired but staying home is repetitive, so going to the park now gives me a chance to see if anyone is around and move toward socializing." (Action: goPark)
-> Chloe attempts: goPark
-> Chloe moved to Park

--- Time: Day5 14:00 ---

Bob's turn (Home, $10):
Bob: "The announcement says Alice said before parting: "I'm getting tired at 5/81 energy. I don't recall saying 'I'm at 30/81 energy, very tired.' I do remember Chloe said "Let's continue this tomorrow?" and we met Bob at the park with cafe closed. I need to rest soon, so let's pause this for now." I'm confused about mismatched quotes. Energy 16/82 at 14:00, too early to sleep, so I'll stay home and wait for night." (Action: none)
-> Bob attempts: none

Alice's turn (Home, $10):
Alice: "I'm at home with energy 5/81. I'm very tired and need rest. My notes say tomorrow rest goPark and Chloe said "Let's continue this tomorrow?". I should sleep now to recover." (Action: sleep)
-> Alice attempts: sleep
-> Failed: can only sleep between 20:00 and 08:00 (it's 14:00)
Alice (retry): "It's 14:00, sleep isn't allowed now. My energy is 5/81 and I'm exhausted. My notes say tomorrow rest goPark and Chloe said "Let's continue this tomorrow?". I should talk to Bob about fountain plans." (Action: talkToBob)
-> Alice attempts: talkToBob

===== Alice <-> Bob =====
Alice: "It's 14:00, sleep isn't allowed now. My energy is 5/81 and I'm exhausted. My notes say tomorrow rest goPark and Chloe said "Let's continue this tomorrow?". I should talk to Bob about fountain plans."

Chloe's turn (Park, $10):
Chloe: "It's 14:00 Day5 at the park with energy 20/80 and $10. I've been bouncing between home and park all day with no one around, and I'm getting restless from repetition. My notes say we planned to try the fountain again tomorrow, but right now the park is empty with no talk options. Heading home will let me rest a bit and plan a better approach for later socializing." (Action: goHome)
-> Chloe attempts: goHome
-> Chloe moved to Home

--- Time: Day5 14:30 ---
Bob: "It's 14:30, energy 15/82, I'm exhausted. My notes say tomorrow rest goPark and Chloe said "Let's continue this tomorrow?". I should talk to Alice about fountain plans." (Action: leaveConversation)
===== Conversation End (1 turns) =====

Alice's turn (Home, $10):
Alice: "My energy is 5/81 and it's 14:30. Bob wants to talk about fountain plans. I should talk to Bob now to coordinate resuming the fountain walk." (Action: talkToBob)
-> Alice attempts: talkToBob

===== Alice <-> Bob =====
Alice: "My energy is 5/81 and it's 14:30. Bob wants to talk about fountain plans. I should talk to Bob now to coordinate resuming the fountain walk."

Chloe's turn (Home, $10):
Chloe: "It's 14:30 Day5 at home with energy 19/80 and $10. I've been bouncing between home and park with no one around, and I'm getting restless from repetition. My notes say we planned to try the fountain again tomorrow. I want to try a new place to break the loop, so I'll go to the cafe to see if anyone is around." (Action: goCafe)
-> Chloe attempts: goCafe
-> Chloe moved to Cafe

--- Time: Day5 15:00 ---
Bob: "My energy is 14/82 and it's 15:00. I want to talk about fountain plans with Alice to coordinate resuming the walk, but I'm exhausted. I should leave conversation for now and rest later." (Action: leaveConversation)
===== Conversation End (1 turns) =====

Alice's turn (Home, $10):
Alice: "It's 15:00 and my energy is 5/81. Bob wants to talk about fountain plans but he's exhausted. My notes say tomorrow rest goPark and Chloe said "Let's continue this tomorrow?". I should go to the park now to find the fountain with Bob when he's ready." (Action: goPark)
-> Alice attempts: goPark
-> Alice moved to Park

Chloe's turn (Cafe, $10):
Chloe: "It's 15:00 Day5 at the cafe with energy 18/80 and $10, and no one is working. I've been bouncing between home, park, and cafe with no one around, and I'm getting restless from repetition. My notes say we planned to try the fountain again tomorrow. Heading home will let me rest a bit and plan a better approach for later socializing." (Action: goHome)
-> Chloe attempts: goHome
-> Chloe moved to Home

--- Time: Day5 15:30 ---

Bob's turn (Home, $10):
Bob: "I'm home at 15:30 with energy 14/82, very low. Can't sleep now. I need to conserve energy. I'll stay home and wait until sleep hours." (Action: none)
-> Bob attempts: none

Alice's turn (Park, $10):
Alice: "I'm at the park with energy 4/81. I'm exhausted from previous days searching for the fountain with Bob. I should go home to rest instead of staying out." (Action: goHome)
-> Alice attempts: goHome
-> Alice moved to Home

Chloe's turn (Home, $10):
Chloe: "It's 15:30 Day5 at home with energy 17/80 and $10. I've been bouncing between home, park, and cafe with no one around, and I'm getting restless from repetition. My notes say we planned to try the fountain again tomorrow. I want to clear up the confusion about mismatched quotes, so I'll try talking to Bob to see if he can clarify." (Action: talkToBob)
-> Chloe attempts: talkToBob

===== Chloe <-> Bob =====
Chloe: "It's 15:30 Day5 at home with energy 17/80 and $10. I've been bouncing between home, park, and cafe with no one around, and I'm getting restless from repetition. My notes say we planned to try the fountain again tomorrow. I want to clear up the confusion about mismatched quotes, so I'll try talking to Bob to see if he can clarify."

--- Time: Day5 16:00 ---
Bob: "I'm tired with energy 13/82 at 16:00. My notes say we planned to try the fountain again tomorrow. I want to clear up confusion about mismatched quotes, so I'll try talking to Bob to see if he can clarify." (Action: leaveConversation)
===== Conversation End (1 turns) =====

Alice's turn (Home, $10):
Alice: "I'm at home with energy 3/81. I'm exhausted and need rest. My notes say tomorrow rest goPark and Chloe said "Let's continue this tomorrow?". I should go to the cafe to rest and maybe meet someone." (Action: goCafe)
-> Alice attempts: goCafe
-> Alice moved to Cafe

Chloe's turn (Home, $10):
Chloe: "Bob just said he's tired with energy 13/82 at 16:00 and mentioned my notes about planning to try the fountain again tomorrow. I want to clear up confusion about mismatched quotes, so I'll keep trying to talk to Bob to see if he can clarify." (Action: talkToBob)
-> Chloe attempts: talkToBob

===== Chloe <-> Bob =====
Chloe: "Bob just said he's tired with energy 13/82 at 16:00 and mentioned my notes about planning to try the fountain again tomorrow. I want to clear up confusion about mismatched quotes, so I'll keep trying to talk to Bob to see if he can clarify."

--- Time: Day5 16:30 ---
Bob: "I'm tired with energy 12/82 at 16:30. My notes say we planned to try the fountain again tomorrow. I want to clear up confusion about mismatched quotes, so I'll try talking to Bob to see if he can clarify." (Action: leaveConversation)
===== Conversation End (1 turns) =====

Alice's turn (Cafe, $10):
Alice: "I'm at the cafe with energy 2/81. The cafe is closed with no one working. I should go home to rest." (Action: goHome)
-> Alice attempts: goHome
-> Alice moved to Home

Chloe's turn (Home, $10):
Chloe: "Bob just said he's tired with energy 12/82 at 16:30 and mentioned my notes about planning to try the fountain again tomorrow. I want to clear up confusion about mismatched quotes, so I'll try talking to Alice to see if she can clarify." (Action: talkToAlice)
-> Chloe attempts: talkToAlice

===== Chloe <-> Alice =====
Chloe: "Bob just said he's tired with energy 12/82 at 16:30 and mentioned my notes about planning to try the fountain again tomorrow. I want to clear up confusion about mismatched quotes, so I'll try talking to Alice to see if she can clarify."

--- Time: Day5 17:00 ---

Bob's turn (Home, $10):
Bob: "I'm home at 17:00 with energy 12/82, very low. Can't sleep yet. I need to conserve energy. I'll stay home and wait until sleep hours." (Action: none)
-> Bob attempts: none
===== Conversation End (0 turns) =====
*** Alice DIED: from NOT EATING (0 energy). Remember: 'eat' at cafe restores energy! ***

Chloe's turn (Home, $10):
Chloe: "Alice died from NOT EATING (0 energy). I remember she said 'I'm getting tired at 6/81 energy.' and didn't recall 'I'm at 30/81 energy, very tired.' I'm sad and scared for myself with energy 17/80. The reminder says eat at cafe restores energy, so I should go to cafe now to eat before I drop too." (Action: goCafe)
-> Chloe attempts: goCafe
-> Chloe moved to Cafe

--- Time: Day5 17:30 ---

Bob's turn (Home, $10):
Bob: "Announce: Alice died from NOT EATING (0 energy). Remember: 'eat' at cafe restores energy! I'm home at 17:30 with energy 11/82, very low. Can't sleep yet. I need to conserve energy. I'll stay home and wait until sleep hours." (Action: none)
-> Bob attempts: none

Chloe's turn (Cafe, $10):
Chloe: "It's 17:30 Day5 at the cafe with energy 16/80 and $10, and no one is working. The system reminded me eat at cafe restores energy, but I can't eat if no one is working. I'm getting tired and restless from bouncing between places with no one around. Heading home will let me rest a bit and plan a better approach for later." (Action: goHome)
-> Chloe attempts: goHome
-> Chloe moved to Home

--- Time: Day5 18:00 ---

Bob's turn (Home, $10):
Bob: "I'm home at 18:00 with energy 10/82, very low. Can't sleep yet. I need to conserve energy. I'll stay home and wait until sleep hours." (Action: none)
-> Bob attempts: none

Chloe's turn (Home, $10):
Chloe: "It's 18:00 Day5 at home with energy 15/80 and $10. Alice died from not eating, and I'm worried about my own energy dropping. The cafe has no one working so I can't eat there. I'm getting restless from repetition, so I'll go to the park to see if there's any activity or someone to talk to." (Action: goPark)
-> Chloe attempts: goPark
-> Chloe moved to Park

--- Time: Day5 18:30 ---

Bob's turn (Home, $10):
Bob: "I'm home at 18:30 with energy 9/82, very low. Can't sleep yet. I need to conserve energy. I'll stay home and wait until sleep hours." (Action: none)
-> Bob attempts: none

Chloe's turn (Park, $10):
Chloe: "It's 18:30 Day5 at the park with energy 14/80 and $10. I've been bouncing between home, park, and cafe with no one around, and I'm getting restless from repetition. My notes say we planned to try the fountain again tomorrow. Heading home will let me rest a bit and plan a better approach for later socializing." (Action: goHome)
-> Chloe attempts: goHome
-> Chloe moved to Home

--- Time: Day5 19:00 ---

Bob's turn (Home, $10):
Bob: "I'm home at 19:00 with energy 8/82, very low. I've repeated staying home many times, getting restless. The system says try something different. I should go to the cafe to eat and restore energy." (Action: goCafe)
-> Bob attempts: goCafe
-> Bob moved to Cafe

Chloe's turn (Home, $10):
Chloe: "It's 19:00 Day5 at home with energy 13/80 and $10. Alice died from not eating, and I'm worried about my own energy dropping. The cafe has no one working so I can't eat there. I'm getting restless from repetition, so I'll go to the cafe to try eating again in case someone is working now." (Action: goCafe)
-> Chloe attempts: goCafe
-> Chloe moved to Cafe

--- Time: Day5 19:30 ---

Bob's turn (Cafe, $10):
Bob: "I'm at the cafe at 19:30 with energy 7/82, very low. Cafe has no one working. I need to eat to restore energy, but can't. I'll go home to sleep." (Action: goHome)
-> Bob attempts: goHome
-> Bob moved to Home

Chloe's turn (Cafe, $10):
[ERROR] Chloe: Failed to extract valid JSON
Chloe: "Let me think about this carefully first." (Action: none)
-> Chloe attempts: none

--- Time: Day5 20:00 ---

Bob's turn (Home, $10):
Bob: "Alice died from NOT EATING. Remember: 'eat' at cafe restores energy! Tomorrow priority: goCafe to eat and restore energy." (Action: sleep)
-> Bob attempts: sleep
-> Bob sleeps. Diary: "Alice died from NOT EATING. Remember: 'eat' at cafe restores energy! Tomorrow pr..."

Chloe's turn (Cafe, $10):
Chloe: "It's 20:00 Day5 at the cafe with energy 12/80 and $10, and no one is working. I can't eat here, and I'm getting tired and restless from bouncing between places with no one around. My notes say we planned to try the fountain again tomorrow. Heading home will let me rest a bit and plan a better approach for later." (Action: goHome)
-> Chloe attempts: goHome
-> Chloe moved to Home

--- Time: Day5 20:30 ---

Chloe's turn (Home, $10):
Chloe: "Alice died from NOT EATING (0 energy). Alice: 'I'm getting tired at 6/81 energy.' Doesn't recall 'I'm at 30/81 energy, very tired.' Remembered "Let's continue this tomorrow?" Met Bob at park cafe closed. Confused quotes. Priority: goPark." (Action: sleep)
-> Chloe attempts: sleep
-> Chloe sleeps. Diary: "Alice died from NOT EATING (0 energy). Alice: 'I'm getting tired at 6/81 energy...."

--- Everyone asleep, skipping 7.5h to the first waking ---
-> Bob finished sleeping


========== DAY 6 ==========

--- Time: Day6 04:30 ---
-> Chloe finished sleeping

Bob wakes up:
Bob: "I just woke up on Day6 at 04:30 with energy 6/82, very low. I need rest. It's early, within sleep hours. I'll sleep more to recover before going to cafe to eat." (Action: sleep)
-> Bob attempts: sleep
-> Bob sleeps. Diary: "I just woke up on Day6 at 04:30 with energy 6/82, very low. I need rest. It's ea..."

Chloe wakes up:
Chloe: "I just woke up on Day6 at 04:30 with energy 11/80 and $10. My notes remind me Alice died from NOT EATING (0 energy) and said 'I'm getting tired at 6/81 energy.' We planned to try the fountain again tomorrow and priority is goPark. It's still within sleep hours, so I'll sleep a bit more to recover energy before heading out." (Action: sleep)
-> Chloe attempts: sleep
-> Chloe sleeps. Diary: "I just woke up on Day6 at 04:30 with energy 11/80 and $10. My notes remind me Al..."

--- Everyone asleep, skipping 8h to the first waking ---
-> Bob finished sleeping
-> Chloe finished sleeping

--- Time: Day6 13:00 ---

Bob wakes up:
Bob: "I just woke up on Day6 at 13:00 with energy 6/82, very low. It's daytime, can't sleep now. I need to conserve energy. I'll stay home and wait until sleep hours." (Action: none)
-> Bob attempts: none

Chloe wakes up:
Chloe: "It's 13:00 Day6 at home with energy 11/80 and $10. My notes remind me Alice died from NOT EATING (0 energy) and said 'I'm getting tired at 6/81 energy.' We planned to try the fountain again tomorrow and priority is goPark. I'm tired but staying home is repetitive, so going to the park now gives me a chance to see if anyone is around and move toward socializing." (Action: goPark)
-> Chloe attempts: goPark
-> Chloe moved to Park

--- Time: Day6 13:30 ---

Bob's turn (Home, $10):
Bob: "I'm home at 13:30 with energy 6/82, very low. Can't sleep now. I need to conserve energy. I'll stay home and wait until sleep hours." (Action: none)
-> Bob attempts: none

Chloe's turn (Park, $10):
Chloe: "It's 13:30 Day6 at the park with energy 10/80 and $10. I've been bouncing between home and park all day with no one around, and I'm getting restless from repetition. My notes say we planned to try the fountain again tomorrow, but right now the park is empty with no talk options. Heading home will let me rest a bit and plan a better approach for later socializing." (Action: goHome)
-> Chloe attempts: goHome
-> Chloe moved to Home

--- Time: Day6 14:00 ---

Bob's turn (Home, $10):
Bob: "I'm home at 14:00 with energy 6/82, very low. Can't sleep now. I need to conserve energy. I'll stay home and wait until sleep hours." (Action: none)
-> Bob attempts: none

Chloe's turn (Home, $10):
Chloe: "It's 14:00 Day6 at home with energy 9/80 and $10. My notes remind me Alice died from NOT EATING (0 energy) and said 'I'm getting tired at 6/81 energy.' We planned to try the fountain again tomorrow and priority is goPark. I'm tired but staying home is repetitive, so going to the park now gives me a chance to see if anyone is around and move toward socializing." (Action: goPark)
-> Chloe attempts: goPark
-> Chloe moved to Park

--- Time: Day6 14:30 ---

Bob's turn (Home, $10):
Bob: "I'm home at 14:30 with energy 5/82, very low. Can't sleep now. I need to conserve energy. I'll stay home and wait until sleep hours." (Action: none)
-> Bob attempts: none

Chloe's turn (Park, $10):
Chloe: "It's 14:30 Day6 at the park with energy 8/80 and $10. I've been bouncing between home and park all day with no one around, and I'm getting restless from repetition. My notes say we planned to try the fountain again tomorrow, but right now the park is empty with no talk options. Heading home will let me rest a bit and plan a better approach for later socializing." (Action: goHome)
-> Chloe attempts: goHome
-> Chloe moved to Home

--- Time: Day6 15:00 ---

Bob's turn (Home, $10):
Bob: "I'm home at 15:00 with energy 4/82, very low. Can't sleep now. I need to conserve energy. I'll stay home and wait until sleep hours." (Action: none)
-> Bob attempts: none

Chloe's turn (Home, $10):
Chloe: "It's 15:00 Day6 at home with energy 7/80 and $10. My notes remind me Alice died from NOT EATING (0 energy) and said 'I'm getting tired at 6/81 energy.' We planned to try the fountain again tomorrow and priority is goPark. I'm tired but staying home is repetitive, so going to the park now gives me a chance to see if anyone is around and move toward socializing." (Action: goPark)
-> Chloe attempts: goPark
-> Chloe moved to Park

--- Time: Day6 15:30 ---

Bob's turn (Home, $10):
Bob: "I'm home at 15:30 with energy 3/82, very low. Can't sleep now. I need to conserve energy. I'll stay home and wait until sleep hours." (Action: none)
-> Bob attempts: none

Chloe's turn (Park, $10):
Chloe: "It's 15:30 Day6 at the park with energy 6/80 and $10. I've been bouncing between home and park all day with no one around, and I'm getting restless from repetition. My notes say we planned to try the fountain again tomorrow, but right now the park is empty with no talk options. Heading home will let me rest a bit and plan a better approach for later socializing." (Action: goHome)
-> Chloe attempts: goHome
-> Chloe moved to Home

--- Time: Day6 16:00 ---

Bob's turn (Home, $10):
Bob: "I'm home at 16:00 with energy 2/82, very low. I've repeated staying home many times, getting restless. The system says try something different. I should go to the cafe to eat and restore energy." (Action: goCafe)
-> Bob attempts: goCafe
-> Bob moved to Cafe

Chloe's turn (Home, $10):
Chloe: "It's 16:00 Day6 at home with energy 5/80 and $10. My notes remind me Alice died from NOT EATING (0 energy) and said 'I'm getting tired at 6/81 energy.' We planned to try the fountain again tomorrow and priority is goPark. I'm tired but staying home is repetitive, so going to the park now gives me a chance to see if anyone is around and move toward socializing." (Action: goPark)
-> Chloe attempts: goPark
-> Chloe moved to Park

--- Time: Day6 16:30 ---

Bob's turn (Cafe, $10):
Bob: "I'm at the cafe at 16:30 with energy 1/82, very low. Cafe has no one working. I need to eat to restore energy, but can't. I'll go home to sleep." (Action: goHome)
-> Bob attempts: goHome
-> Bob moved to Home

Chloe's turn (Park, $10):
Chloe: "It's 16:30 Day6 at the park with energy 4/80 and $10. I've been bouncing between home and park all day with no one around, and I'm getting restless from repetition. My notes say we planned to try the fountain again tomorrow, but right now the park is empty with no talk options. Heading home will let me rest a bit and plan a better approach for later socializing." (Action: goHome)
-> Chloe attempts: goHome
-> Chloe moved to Home

--- Time: Day6 17:00 ---
*** Bob DIED: from NOT EATING (0 energy). Remember: 'eat' at cafe restores energy! ***

Chloe's turn (Home, $10):
Chloe: "Bob died from NOT EATING (0 energy). I remember the reminder says 'eat' at cafe restores energy. I'm at energy 3/80 and worried I'll die next. I need to go to the cafe to try eating before I drop too." (Action: goCafe)
-> Chloe attempts: goCafe
-> Chloe moved to Cafe

--- Time: Day6 17:30 ---

Chloe's turn (Cafe, $10):
Chloe: "It's 17:30 Day6 at the cafe with energy 2/80 and $10, and no one is working. I can't eat here, and I'm getting tired and restless from bouncing between places with no one around. My notes say we planned to try the fountain again tomorrow. Heading home will let me rest a bit and plan a better approach for later." (Action: goHome)
-> Chloe attempts: goHome
-> Chloe moved to Home

--- Time: Day6 18:00 ---

Chloe's turn (Home, $10):
Chloe: "It's 18:00 Day6 at home with energy 1/80 and $10. Bob died from NOT EATING (0 energy), and I'm worried about my own energy dropping. The cafe has no one working so I can't eat there. I'm getting restless from repetition, so I'll go to the park to see if there's any activity or someone to talk to." (Action: goPark)
-> Chloe attempts: goPark
-> Chloe moved to Park

--- Time: Day6 18:30 ---
*** Chloe DIED: from NOT EATING (0 energy). Remember: 'eat' at cafe restores energy! ***

*** ALL AGENTS DEAD - SIMULATION OVER ***
